state_fips,state_abbr,place_fips,place_name
01,AL,00100,Abanda CDP
01,AL,00124,Abbeville city
01,AL,00460,Adamsville city
01,AL,00484,Addison town
01,AL,00676,Akron town
01,AL,00820,Alabaster city
01,AL,00988,Albertville city
01,AL,01132,Alexander City city
01,AL,01180,Alexandria CDP
01,AL,01228,Aliceville city
01,AL,01396,Allgood town
01,AL,01660,Altoona town
01,AL,01708,Andalusia city
01,AL,01756,Anderson town
01,AL,01852,Anniston city
01,AL,02116,Arab city
01,AL,02260,Ardmore town
01,AL,02320,Argo town
01,AL,02428,Ariton town
01,AL,02500,Arley town
01,AL,02836,Ashford town
01,AL,02860,Ashland town
01,AL,02908,Ashville city
01,AL,02956,Athens city
01,AL,03004,Atmore city
01,AL,03028,Attalla city
01,AL,03076,Auburn city
01,AL,03220,Autaugaville town
01,AL,03364,Avon town
01,AL,03508,Axis CDP
01,AL,03556,Babbie town
01,AL,03676,Baileyton town
01,AL,03724,Bakerhill town
01,AL,03820,Ballplay CDP
01,AL,03940,Banks town
01,AL,04660,Bay Minette city
01,AL,04684,Bayou La Batre city
01,AL,04852,Bear Creek town
01,AL,04900,Beatrice town
01,AL,04948,Beaverton town
01,AL,05140,Belgreen CDP
01,AL,05164,Belk town
01,AL,05188,Bellamy CDP
01,AL,05212,Belle Fontaine CDP
01,AL,05692,Benton town
01,AL,05812,Berlin town
01,AL,05932,Berry town
01,AL,05980,Bessemer city
01,AL,06460,Billingsley town
01,AL,07000,Birmingham city
01,AL,07120,Black town
01,AL,07456,Blountsville town
01,AL,07588,Blue Ridge CDP
01,AL,07672,Blue Springs town
01,AL,07912,Boaz city
01,AL,08104,Boligee town
01,AL,08248,Bon Air town
01,AL,08272,Bon Secour CDP
01,AL,08680,Boykin CDP
01,AL,09016,Brantley town
01,AL,09064,Brantleyville CDP
01,AL,09136,Brent city
01,AL,09208,Brewton city
01,AL,09328,Bridgeport city
01,AL,09400,Brighton city
01,AL,09424,Brilliant town
01,AL,09457,Bristow Cove CDP
01,AL,09500,Brook Highland CDP
01,AL,09736,Brookside town
01,AL,09808,Brookwood town
01,AL,09880,Broomtown CDP
01,AL,10240,Brundidge city
01,AL,10456,Bucks CDP
01,AL,11032,Butler town
01,AL,11416,Calera city
01,AL,11488,Calvert CDP
01,AL,11512,Camden city
01,AL,11680,Camp Hill town
01,AL,12016,Carbon Hill city
01,AL,12040,Cardiff town
01,AL,12070,Carlisle-Rockledge CDP
01,AL,12112,Carlton CDP
01,AL,12160,Carolina town
01,AL,12304,Carrollton town
01,AL,12496,Castleberry town
01,AL,12544,Catherine CDP
01,AL,12760,Cedar Bluff town
01,AL,13264,Center Point city
01,AL,13648,Centre city
01,AL,13672,Centreville city
01,AL,14008,Chatom town
01,AL,14104,Chelsea city
01,AL,14152,Cherokee town
01,AL,14392,Chickasaw city
01,AL,14464,Childersburg city
01,AL,14728,Choccolocco CDP
01,AL,14968,Chunchula CDP
01,AL,15064,Citronelle city
01,AL,15136,Clanton city
01,AL,15256,Clay city
01,AL,15304,Clayhatchee town
01,AL,15376,Clayton town
01,AL,15472,Cleveland town
01,AL,15640,Clio city
01,AL,16000,Coaling town
01,AL,16080,Coats Bend CDP
01,AL,16240,Coffee Springs town
01,AL,16264,Coffeeville town
01,AL,16312,Coker town
01,AL,16600,Collinsville town
01,AL,16684,Colony town
01,AL,16744,Columbia town
01,AL,16768,Columbiana city
01,AL,16936,Concord CDP
01,AL,17176,Coosada town
01,AL,17368,Cordova city
01,AL,17704,Cottondale CDP
01,AL,17824,Cottonwood town
01,AL,17968,County Line town
01,AL,18040,Courtland town
01,AL,18088,Cowarts town
01,AL,18304,Creola city
01,AL,18856,Crossville town
01,AL,18952,Cuba town
01,AL,18976,Cullman city
01,AL,19024,Cullomburg CDP
01,AL,19216,Cusseta town
01,AL,19336,Dadeville city
01,AL,19360,Daleville city
01,AL,19648,Daphne city
01,AL,19744,Dauphin Island town
01,AL,19816,Daviston town
01,AL,19912,Dayton town
01,AL,20008,Deatsville town
01,AL,20104,Decatur city
01,AL,20152,Deer Park CDP
01,AL,20272,Delta CDP
01,AL,20296,Demopolis city
01,AL,20392,Detroit town
01,AL,20955,Dodge City town
01,AL,21136,Dora city
01,AL,21184,Dothan city
01,AL,21280,Double Springs town
01,AL,21328,Douglas town
01,AL,21448,Dozier town
01,AL,21890,Dunnavant CDP
01,AL,21952,Dutton town
01,AL,22088,Eagle Point CDP
01,AL,22216,East Brewton city
01,AL,22504,East Point CDP
01,AL,22816,Eclectic town
01,AL,23032,Edgewater CDP
01,AL,23176,Edwardsville town
01,AL,23224,Egypt CDP
01,AL,23296,Elba city
01,AL,23320,Elberta town
01,AL,23344,Eldridge town
01,AL,23488,Elkmont town
01,AL,23656,Elmore town
01,AL,23872,Emelle town
01,AL,23880,Emerald Mountain CDP
01,AL,24184,Enterprise city
01,AL,24256,Epes town
01,AL,24280,Equality CDP
01,AL,24472,Ethelsville town
01,AL,24568,Eufaula city
01,AL,24616,Eunola CDP
01,AL,24664,Eutaw town
01,AL,24688,Eva town
01,AL,24808,Evergreen city
01,AL,24880,Excel town
01,AL,25120,Fairfield city
01,AL,25216,Fairford CDP
01,AL,25240,Fairhope city
01,AL,25384,Fairview town
01,AL,25648,Falkville town
01,AL,25816,Faunsdale town
01,AL,25840,Fayette city
01,AL,25864,Fayetteville CDP
01,AL,26152,Fitzpatrick CDP
01,AL,26200,Five Points town
01,AL,26824,Flomaton town
01,AL,26848,Florala town
01,AL,26896,Florence city
01,AL,26992,Foley city
01,AL,27088,Forestdale CDP
01,AL,27376,Forkland town
01,AL,27520,Fort Deposit town
01,AL,27616,Fort Payne city
01,AL,27640,Fort Rucker CDP
01,AL,28024,Franklin town
01,AL,28120,Fredonia CDP
01,AL,28312,Frisco City town
01,AL,28408,Fruitdale CDP
01,AL,28432,Fruithurst town
01,AL,28504,Fulton town
01,AL,28552,Fultondale city
01,AL,28672,Fyffe town
01,AL,28696,Gadsden city
01,AL,28768,Gainesville town
01,AL,28816,Gallant CDP
01,AL,28936,Gantt town
01,AL,29032,Garden City town
01,AL,29056,Gardendale city
01,AL,29296,Gaylesville town
01,AL,29392,Geiger town
01,AL,29464,Geneva city
01,AL,29560,Georgiana town
01,AL,29608,Geraldine town
01,AL,29704,Gilbertown town
01,AL,29944,Glen Allen town
01,AL,29992,Glencoe city
01,AL,30160,Glenwood town
01,AL,30448,Goldville town
01,AL,30496,Good Hope city
01,AL,30640,Goodwater town
01,AL,30736,Gordo town
01,AL,30760,Gordon town
01,AL,30808,Gordonville town
01,AL,30880,Goshen town
01,AL,31000,Graham CDP
01,AL,31024,Grand Bay CDP
01,AL,31096,Grant town
01,AL,31348,Grayson Valley CDP
01,AL,31384,Graysville city
01,AL,31720,Greensboro city
01,AL,31912,Greenville city
01,AL,32056,Grimes town
01,AL,32080,Grove Hill town
01,AL,32224,Guin city
01,AL,32248,Gulfcrest CDP
01,AL,32272,Gulf Shores city
01,AL,32416,Guntersville city
01,AL,32440,Gurley town
01,AL,32536,Gu-Win town
01,AL,32560,Hackleburg town
01,AL,32584,Hackneyville CDP
01,AL,32656,Haleburg town
01,AL,32704,Haleyville city
01,AL,32848,Hamilton city
01,AL,32896,Hammondville town
01,AL,32968,Hanceville city
01,AL,33064,Hanover CDP
01,AL,33256,Harpersville town
01,AL,33424,Hartford city
01,AL,33448,Hartselle city
01,AL,33472,Harvest CDP
01,AL,33544,Hatton CDP
01,AL,33640,Hayden town
01,AL,33712,Hayneville town
01,AL,33808,Hazel Green CDP
01,AL,33856,Headland city
01,AL,33904,Heath town
01,AL,33976,Heflin city
01,AL,34024,Helena city
01,AL,34096,Henagar city
01,AL,34480,Highland Lake town
01,AL,34490,Highland Lakes CDP
01,AL,34816,Hillsboro town
01,AL,34984,Hissop CDP
01,AL,35130,Hobson CDP
01,AL,35152,Hobson City town
01,AL,35200,Hodges town
01,AL,35392,Hokes Bluff city
01,AL,35512,Hollins CDP
01,AL,35536,Hollis Crossroads CDP
01,AL,35560,Holly Pond town
01,AL,35632,Hollywood town
01,AL,35704,Holt CDP
01,AL,35752,Holtville CDP
01,AL,35800,Homewood city
01,AL,35896,Hoover city
01,AL,36088,Horn Hill town
01,AL,36448,Hueytown city
01,AL,36592,Huguley CDP
01,AL,37000,Huntsville city
01,AL,37096,Hurtsboro town
01,AL,37264,Hytop town
01,AL,37312,Ider town
01,AL,37465,Indian Springs Village city
01,AL,37864,Irondale city
01,AL,38032,Ivalee CDP
01,AL,38152,Jackson city
01,AL,38248,Jacksons' Gap town
01,AL,38272,Jacksonville city
01,AL,38416,Jasper city
01,AL,38608,Jemison city
01,AL,39064,Joppa CDP
01,AL,39280,Kansas town
01,AL,39472,Kellyton town
01,AL,39520,Kennedy town
01,AL,39784,Killen town
01,AL,39856,Kimberly city
01,AL,40072,Kinsey town
01,AL,40096,Kinston town
01,AL,40648,Ladonia CDP
01,AL,40672,La Fayette city
01,AL,40888,Lakeview town
01,AL,40928,Lake View town
01,AL,41296,Lanett city
01,AL,41368,Langston town
01,AL,41968,Leeds city
01,AL,42016,Leesburg town
01,AL,42160,Leighton town
01,AL,42304,Leroy CDP
01,AL,42352,Lester town
01,AL,42472,Level Plains town
01,AL,42640,Lexington town
01,AL,42808,Libertyville town
01,AL,42928,Lillian CDP
01,AL,43120,Lincoln city
01,AL,43240,Linden city
01,AL,43264,Lineville city
01,AL,43336,Lipscomb city
01,AL,43384,Lisman town
01,AL,43648,Littleville town
01,AL,43720,Livingston city
01,AL,43744,Loachapoka town
01,AL,43816,Lockhart town
01,AL,43888,Locust Fork town
01,AL,44160,Lookout Mountain CDP
01,AL,44344,Louisville town
01,AL,44536,Lowndesboro town
01,AL,44608,Loxley town
01,AL,44728,Luverne city
01,AL,44800,Lynn town
01,AL,45040,McCalla CDP
01,AL,45208,McDonald Chapel CDP
01,AL,45316,Macedonia CDP
01,AL,45472,McIntosh town
01,AL,45496,McKenzie town
01,AL,45640,McMullen town
01,AL,45784,Madison city
01,AL,45904,Madrid town
01,AL,46072,Magnolia Springs town
01,AL,46192,Malcolm CDP
01,AL,46264,Malvern town
01,AL,46504,Maplesville town
01,AL,46600,Marbury CDP
01,AL,46696,Margaret town
01,AL,46768,Marion city
01,AL,47728,Maytown town
01,AL,47740,Meadowbrook CDP
01,AL,47848,Megargel CDP
01,AL,48052,Memphis town
01,AL,48064,Mentone town
01,AL,48112,Meridianville CDP
01,AL,48376,Midfield city
01,AL,48400,Midland City town
01,AL,48424,Midway town
01,AL,48616,Mignon CDP
01,AL,48712,Millbrook city
01,AL,48784,Millerville CDP
01,AL,48808,Millport town
01,AL,48832,Millry town
01,AL,49072,Minor CDP
01,AL,50000,Mobile city
01,AL,50192,Monroeville city
01,AL,50312,Montevallo city
01,AL,51000,Montgomery city
01,AL,51096,Moody city
01,AL,51216,Moores Mill CDP
01,AL,51264,Mooresville town
01,AL,51456,Morris town
01,AL,51469,Morrison Crossroads CDP
01,AL,51520,Mosses town
01,AL,51600,Moulton city
01,AL,51648,Moundville town
01,AL,51696,Mountain Brook city
01,AL,52320,Mount Olive CDP (Coosa County)
01,AL,52344,Mount Olive CDP (Jefferson County)
01,AL,52608,Mount Vernon town
01,AL,52680,Movico CDP
01,AL,52776,Mulga town
01,AL,52848,Munford town
01,AL,53016,Muscle Shoals city
01,AL,53112,Myrtlewood town
01,AL,53208,Nanafalia CDP
01,AL,53232,Nances Creek CDP
01,AL,53256,Napier Field town
01,AL,53376,Natural Bridge town
01,AL,53400,Nauvoo town
01,AL,53448,Nectar town
01,AL,53472,Needham town
01,AL,53784,Newbern town
01,AL,53856,New Brockton town
01,AL,54168,New Hope city
01,AL,54312,New Market CDP
01,AL,54432,New Site town
01,AL,54480,Newton town
01,AL,54582,New Union CDP
01,AL,54600,Newville town
01,AL,54696,Nixburg CDP
01,AL,55044,North Courtland town
01,AL,55152,North Johns town
01,AL,55200,Northport city
01,AL,55440,Notasulga town
01,AL,55752,Oak Grove town
01,AL,55848,Oak Hill town
01,AL,55992,Oakman town
01,AL,56400,Odenville city
01,AL,56472,Ohatchee town
01,AL,57000,Oneonta city
01,AL,57024,Onycha town
01,AL,57048,Opelika city
01,AL,57120,Opp city
01,AL,57144,Orange Beach city
01,AL,57240,Orrville town
01,AL,57384,Our Town CDP
01,AL,57504,Owens Cross Roads town
01,AL,57576,Oxford city
01,AL,57648,Ozark city
01,AL,57696,Paint Rock town
01,AL,57912,Panola CDP
01,AL,58272,Parrish town
01,AL,58680,Pea Ridge CDP
01,AL,58848,Pelham city
01,AL,58896,Pell City city
01,AL,58968,Pennington town
01,AL,59016,Penton CDP
01,AL,59064,Perdido CDP
01,AL,59088,Perdido Beach town
01,AL,59232,Peterman CDP
01,AL,59328,Petrey town
01,AL,59472,Phenix City city
01,AL,59496,Phil Campbell town
01,AL,59592,Pickensville town
01,AL,59640,Piedmont city
01,AL,59760,Pike Road town
01,AL,59832,Pinckard town
01,AL,59880,Pine Apple town
01,AL,60240,Pine Hill town
01,AL,60264,Pine Level CDP
01,AL,60372,Pine Ridge town
01,AL,60648,Pinson city
01,AL,60720,Pisgah town
01,AL,61008,Pleasant Grove city
01,AL,61038,Pleasant Groves town
01,AL,61488,Point Clear CDP
01,AL,61536,Pollard town
01,AL,62075,Powell town
01,AL,62328,Prattville city
01,AL,62472,Priceville town
01,AL,62496,Prichard city
01,AL,62688,Providence town
01,AL,62952,Putnam CDP
01,AL,63216,Ragland town
01,AL,63288,Rainbow City city
01,AL,63336,Rainsville city
01,AL,63408,Ranburne town
01,AL,63495,Ray CDP
01,AL,63576,Red Bay city
01,AL,63730,Redland CDP
01,AL,63768,Red Level town
01,AL,63912,Redstone Arsenal CDP
01,AL,63984,Reece City town
01,AL,64040,Reeltown CDP
01,AL,64104,Reform town
01,AL,64152,Rehobeth town
01,AL,64248,Remlap CDP
01,AL,64368,Repton town
01,AL,64656,Ridgeville town
01,AL,64776,River Falls town
01,AL,64920,Riverside city
01,AL,65016,Riverview town
01,AL,65040,Roanoke city
01,AL,65208,Robertsdale city
01,AL,65412,Rock Creek CDP
01,AL,65472,Rockford town
01,AL,65592,Rock Mills CDP
01,AL,65784,Rockville CDP
01,AL,66216,Rogersville town
01,AL,66408,Rosa town
01,AL,67056,Russellville city
01,AL,67176,Rutledge town
01,AL,67536,St. Florian town
01,AL,67584,St. Stephens CDP
01,AL,67608,Saks CDP
01,AL,67800,Samson city
01,AL,67920,Sand Rock town
01,AL,68016,Sanford town
01,AL,68160,Saraland city
01,AL,68280,Sardis City town
01,AL,68352,Satsuma city
01,AL,68736,Scottsboro city
01,AL,69000,Section town
01,AL,69120,Selma city
01,AL,69180,Selmont-West Selmont CDP
01,AL,69240,Semmes city
01,AL,69648,Sheffield city
01,AL,69672,Shelby CDP
01,AL,69840,Shiloh town
01,AL,69978,Shoal Creek CDP
01,AL,70128,Shorter town
01,AL,70416,Silas town
01,AL,70536,Silverhill town
01,AL,70632,Sims Chapel CDP
01,AL,70704,Sipsey town
01,AL,70896,Skyline town
01,AL,71040,Slocomb city
01,AL,71190,Smiths Station city
01,AL,71201,Smoke Rise CDP
01,AL,71280,Snead town
01,AL,71496,Somerville town
01,AL,71832,Southside city
01,AL,71900,South Vinemont town
01,AL,71976,Spanish Fort city
01,AL,72408,Spring Garden CDP
01,AL,72600,Springville city
01,AL,72672,Spruce Pine CDP
01,AL,72720,Standing Rock CDP
01,AL,72816,Stapleton CDP
01,AL,72888,Steele town
01,AL,73056,Sterrett CDP
01,AL,73080,Stevenson city
01,AL,73152,Stewartville CDP
01,AL,73272,Stockton CDP
01,AL,73728,Sulligent city
01,AL,73848,Sumiton city
01,AL,73872,Summerdale town
01,AL,74160,Susan Moore town
01,AL,74304,Sweet Water town
01,AL,74352,Sylacauga city
01,AL,74400,Sylvania town
01,AL,74424,Sylvan Springs town
01,AL,74592,Talladega city
01,AL,74616,Talladega Springs town
01,AL,74688,Tallassee city
01,AL,74976,Tarrant city
01,AL,75096,Taylor town
01,AL,75768,Theodore CDP
01,AL,75936,Thomaston town
01,AL,75960,Thomasville city
01,AL,76080,Thorsby town
01,AL,76200,Tibbie CDP
01,AL,76208,Tidmore Bend CDP
01,AL,76320,Tillmans Corner CDP
01,AL,76584,Town Creek town
01,AL,76632,Toxey town
01,AL,76680,Trafford town
01,AL,76824,Triana town
01,AL,76872,Trinity town
01,AL,76920,Troy city
01,AL,76944,Trussville city
01,AL,77256,Tuscaloosa city
01,AL,77280,Tuscumbia city
01,AL,77304,Tuskegee city
01,AL,77352,Twin town
01,AL,77580,Underwood-Petersville CDP
01,AL,77616,Union town
01,AL,77784,Union Grove town
01,AL,77880,Union Springs city
01,AL,77904,Uniontown town
01,AL,78120,Uriah CDP
01,AL,78204,Valley city
01,AL,78232,Valley Grande city
01,AL,78240,Valley Head town
01,AL,78264,Vance town
01,AL,78312,Vandiver CDP
01,AL,78480,Vernon city
01,AL,78552,Vestavia Hills city
01,AL,78984,Vina town
01,AL,79008,Vincent town
01,AL,79032,Vinegar Bend CDP
01,AL,79272,Vredenburgh town
01,AL,79344,Wadley town
01,AL,79488,Waldo town
01,AL,79728,Walnut Grove town
01,AL,79944,Warrior city
01,AL,80064,Waterloo town
01,AL,80256,Waverly town
01,AL,80352,Weaver city
01,AL,80376,Webb town
01,AL,80496,Wedowee town
01,AL,80736,Weogufka CDP
01,AL,80928,West Blocton town
01,AL,81084,West End-Cobb Town CDP
01,AL,81336,West Jefferson town
01,AL,81504,Westover town
01,AL,81528,West Point town
01,AL,81720,Wetumpka city
01,AL,81744,Whatley CDP
01,AL,81912,White Hall town
01,AL,82104,White Plains CDP
01,AL,82176,Whitesboro CDP
01,AL,82848,Wilsonville town
01,AL,82872,Wilton town
01,AL,82992,Winfield city
01,AL,83400,Woodland town
01,AL,83640,Woodstock town
01,AL,83664,Woodville town
01,AL,83976,Yellow Bluff town
01,AL,84096,York city
02,AK,00065,Adak city
02,AK,00650,Akhiok city
02,AK,00760,Akiachak CDP
02,AK,00870,Akiak city
02,AK,01090,Akutan city
02,AK,01200,Alakanuk city
02,AK,01305,Alatna CDP
02,AK,01390,Alcan Border CDP
02,AK,01420,Aleknagik city
02,AK,01560,Aleneva CDP
02,AK,01860,Allakaket city
02,AK,01970,Ambler city
02,AK,02080,Anaktuvuk Pass city
02,AK,03000,Anchorage municipality
02,AK,03110,Anchor Point CDP
02,AK,03220,Anderson city
02,AK,03440,Angoon city
02,AK,03550,Aniak city
02,AK,03880,Anvik city
02,AK,03990,Arctic Village CDP
02,AK,04210,Atka city
02,AK,04430,Atmautluak CDP
02,AK,04500,Atqasuk city
02,AK,04670,Attu Station CDP
02,AK,05000,Badger CDP
02,AK,05585,Bear Creek CDP
02,AK,05750,Beaver CDP
02,AK,06245,Beluga CDP
02,AK,06520,Bethel city
02,AK,06630,Bettles city
02,AK,06850,Big Delta CDP
02,AK,07070,Big Lake CDP
02,AK,07620,Birch Creek CDP
02,AK,08740,Brevig Mission city
02,AK,09600,Buckland city
02,AK,09657,Buffalo Soapstone CDP
02,AK,09710,Butte CDP
02,AK,10150,Cantwell CDP
02,AK,11690,Central CDP
02,AK,11800,Chalkyitsik CDP
02,AK,12350,Chase CDP
02,AK,12680,Chefornak city
02,AK,12920,Chena Ridge CDP
02,AK,12970,Chenega CDP
02,AK,13230,Chevak city
02,AK,13340,Chickaloon CDP
02,AK,13450,Chicken CDP
02,AK,13550,Chignik city
02,AK,13670,Chignik Lagoon CDP
02,AK,13780,Chignik Lake CDP
02,AK,13860,Chiniak CDP
02,AK,13890,Chisana CDP
02,AK,14000,Chistochina CDP
02,AK,14110,Chitina CDP
02,AK,14330,Chuathbaluk city
02,AK,14880,Circle CDP
02,AK,15320,Clam Gulch CDP
02,AK,15430,Clark's Point city
02,AK,16360,Coffman Cove city
02,AK,16420,Cohoe CDP
02,AK,16530,Cold Bay city
02,AK,16630,Coldfoot CDP
02,AK,16750,College CDP
02,AK,17190,Cooper Landing CDP
02,AK,17300,Copper Center CDP
02,AK,17410,Cordova city
02,AK,17670,Covenant Life CDP
02,AK,17740,Craig city
02,AK,17850,Crooked Creek CDP
02,AK,17960,Crown Point CDP
02,AK,18510,Deering city
02,AK,18620,Delta Junction city
02,AK,18675,Deltana CDP
02,AK,18805,Denali Park CDP
02,AK,18925,Diamond Ridge CDP
02,AK,18950,Dillingham city
02,AK,19060,Diomede city
02,AK,19720,Dot Lake CDP
02,AK,19750,Dot Lake Village CDP
02,AK,20020,Dry Creek CDP
02,AK,20380,Eagle city
02,AK,20600,Eagle Village CDP
02,AK,20716,Eareckson Station CDP
02,AK,20970,Edna Bay city
02,AK,21040,Eek city
02,AK,21150,Egegik city
02,AK,21370,Eielson AFB CDP
02,AK,21810,Ekwok city
02,AK,22140,Elfin Cove CDP
02,AK,22250,Elim city
02,AK,22910,Emmonak city
02,AK,23460,Ester CDP
02,AK,23720,Eureka Roadhouse CDP
02,AK,23790,Evansville CDP
02,AK,23900,Excursion Inlet CDP
02,AK,24230,Fairbanks city
02,AK,24660,False Pass city
02,AK,24980,Farmers Loop CDP
02,AK,25000,Farm Loop CDP
02,AK,25220,Ferry CDP
02,AK,25550,Fishhook CDP
02,AK,25880,Flat CDP
02,AK,26100,Fort Greely CDP
02,AK,26760,Fort Yukon city
02,AK,26835,Four Mile Road CDP
02,AK,26870,Fox CDP
02,AK,26910,Fox River CDP
02,AK,27090,Fritz Creek CDP
02,AK,27145,Funny River CDP
02,AK,27420,Gakona CDP
02,AK,27530,Galena city
02,AK,27640,Gambell city
02,AK,27700,Game Creek CDP
02,AK,28200,Gateway CDP
02,AK,28590,Glacier View CDP
02,AK,28740,Glennallen CDP
02,AK,29130,Goldstream CDP
02,AK,29180,Golovin city
02,AK,29290,Goodnews Bay city
02,AK,30060,Grayling city
02,AK,30500,Gulkana CDP
02,AK,30940,Gustavus city
02,AK,31050,Haines CDP
02,AK,31270,Halibut Cove CDP
02,AK,31710,Happy Valley CDP
02,AK,31765,Harding-Birch Lakes CDP
02,AK,32150,Healy CDP
02,AK,32310,Healy Lake CDP
02,AK,32550,Hobart Bay CDP
02,AK,32810,Hollis CDP
02,AK,33030,Holy Cross city
02,AK,33140,Homer city
02,AK,33360,Hoonah city
02,AK,33470,Hooper Bay city
02,AK,33580,Hope CDP
02,AK,33800,Houston city
02,AK,33910,Hughes city
02,AK,34350,Huslia city
02,AK,34460,Hydaburg city
02,AK,34570,Hyder CDP
02,AK,34790,Igiugig CDP
02,AK,35120,Iliamna CDP
02,AK,35890,Ivanof Bay CDP
02,AK,36400,Juneau city and borough
02,AK,36540,Kachemak city
02,AK,36770,Kake city
02,AK,36990,Kaktovik city
02,AK,37250,Kalifornsky CDP
02,AK,37430,Kaltag city
02,AK,37540,Karluk CDP
02,AK,37650,Kasaan city
02,AK,37975,Kasigluk CDP
02,AK,38090,Kasilof CDP
02,AK,38420,Kenai city
02,AK,38910,Kenny Lake CDP
02,AK,38970,Ketchikan city
02,AK,39300,Kiana city
02,AK,39410,King Cove city
02,AK,39630,King Salmon CDP
02,AK,39740,Kipnuk CDP
02,AK,39960,Kivalina city
02,AK,40400,Klawock city
02,AK,40510,Klukwan CDP
02,AK,40645,Knik-Fairview CDP
02,AK,40670,Knik River CDP
02,AK,40840,Kobuk city
02,AK,40950,Kodiak city
02,AK,41210,Kodiak Station CDP
02,AK,41280,Kokhanok CDP
02,AK,41500,Koliganek CDP
02,AK,41610,Kongiganak CDP
02,AK,41720,Kotlik city
02,AK,41830,Kotzebue city
02,AK,41940,Koyuk city
02,AK,42050,Koyukuk city
02,AK,42160,Kupreanof city
02,AK,42380,Kwethluk city
02,AK,42490,Kwigillingok CDP
02,AK,42805,Lake Louise CDP
02,AK,42820,Lake Minchumina CDP
02,AK,43040,Larsen Bay city
02,AK,43260,Lazy Mountain CDP
02,AK,43810,Levelock CDP
02,AK,44030,Lime Village CDP
02,AK,44580,Livengood CDP
02,AK,45020,Loring CDP
02,AK,45295,Lowell Point CDP
02,AK,45460,Lower Kalskag city
02,AK,45700,Lutak CDP
02,AK,45790,McCarthy CDP
02,AK,46010,McGrath city
02,AK,46780,Manley Hot Springs CDP
02,AK,46890,Manokotak city
02,AK,47000,Marshall city
02,AK,47735,Meadow Lakes CDP
02,AK,47990,Mekoryuk city
02,AK,48200,Mendeltna CDP
02,AK,48540,Mentasta Lake CDP
02,AK,48590,Mertarvik CDP
02,AK,48870,Metlakatla CDP
02,AK,49200,Mill Bay CDP
02,AK,49530,Minto CDP
02,AK,50080,Moose Creek CDP
02,AK,50190,Moose Pass CDP
02,AK,50800,Mosquito Lake CDP
02,AK,51180,Mountain Village city
02,AK,51455,Mud Bay CDP
02,AK,51960,Nabesna CDP
02,AK,52060,Naknek CDP
02,AK,52210,Nanwalek CDP
02,AK,52390,Napakiak city
02,AK,52720,Napaskiak city
02,AK,52845,Naukati Bay CDP
02,AK,52915,Nelchina CDP
02,AK,52940,Nelson Lagoon CDP
02,AK,53050,Nenana city
02,AK,53270,Newhalen city
02,AK,53710,New Stuyahok city
02,AK,53820,Newtok CDP
02,AK,53930,Nightmute city
02,AK,54050,Nikiski CDP
02,AK,54085,Nikolaevsk CDP
02,AK,54150,Nikolai city
02,AK,54260,Nikolski CDP
02,AK,54480,Ninilchik CDP
02,AK,54700,Noatak CDP
02,AK,54920,Nome city
02,AK,55030,Nondalton city
02,AK,55140,Noorvik city
02,AK,55745,North Lakes CDP
02,AK,55910,North Pole city
02,AK,56220,Northway CDP
02,AK,56320,Nuiqsut city
02,AK,56350,Nulato city
02,AK,56600,Nunam Iqua city
02,AK,56680,Nunapitchuk city
02,AK,57340,Old Harbor city
02,AK,58330,Oscarville CDP
02,AK,58550,Ouzinkie city
02,AK,58660,Palmer city
02,AK,59320,Paxson CDP
02,AK,59540,Pedro Bay CDP
02,AK,59650,Pelican city
02,AK,60200,Perryville CDP
02,AK,60310,Petersburg CDP
02,AK,60460,Petersville CDP
02,AK,60640,Pilot Point city
02,AK,60750,Pilot Station city
02,AK,60860,Pitkas Point CDP
02,AK,61080,Platinum city
02,AK,61120,Pleasant Valley CDP
02,AK,61190,Point Baker CDP
02,AK,61630,Point Hope city
02,AK,61700,Point Lay CDP
02,AK,61788,Point MacKenzie CDP
02,AK,61825,Point Possession CDP
02,AK,62125,Pope-Vannoy Landing CDP
02,AK,62285,Portage Creek CDP
02,AK,62510,Port Alexander city
02,AK,62620,Port Alsworth CDP
02,AK,63170,Port Clarence CDP
02,AK,63280,Port Graham CDP
02,AK,63390,Port Heiden city
02,AK,63610,Port Lions city
02,AK,63870,Port Protection CDP
02,AK,64240,Primrose CDP
02,AK,64380,Prudhoe Bay CDP
02,AK,64600,Quinhagak city
02,AK,64820,Rampart CDP
02,AK,64930,Red Devil CDP
02,AK,64980,Red Dog Mine CDP
02,AK,65345,Ridgeway CDP
02,AK,65590,Ruby city
02,AK,65700,Russian Mission city
02,AK,65800,St. George city
02,AK,66140,St. Mary's city
02,AK,66360,St. Michael city
02,AK,66470,St. Paul city
02,AK,66510,Salamatof CDP
02,AK,66550,Salcha CDP
02,AK,67020,Sand Point city
02,AK,67460,Savoonga city
02,AK,67570,Saxman city
02,AK,67680,Scammon Bay city
02,AK,68230,Selawik city
02,AK,68340,Seldovia city
02,AK,68370,Seldovia Village CDP
02,AK,68560,Seward city
02,AK,68670,Shageluk city
02,AK,68890,Shaktoolik city
02,AK,69770,Shishmaref city
02,AK,70100,Shungnak city
02,AK,70320,Silver Springs CDP
02,AK,70540,Sitka city and borough
02,AK,70760,Skagway CDP
02,AK,70870,Skwentna CDP
02,AK,70930,Slana CDP
02,AK,71090,Sleetmute CDP
02,AK,71640,Soldotna city
02,AK,72135,South Lakes CDP
02,AK,72190,South Naknek CDP
02,AK,72230,South Van Horn CDP
02,AK,72960,Stebbins city
02,AK,72985,Steele Creek CDP
02,AK,73070,Sterling CDP
02,AK,73290,Stevens Village CDP
02,AK,73400,Stony River CDP
02,AK,73950,Sunrise CDP
02,AK,74340,Susitna CDP
02,AK,74350,Susitna North CDP
02,AK,74525,Sutton-Alpine CDP
02,AK,74610,Takotna CDP
02,AK,74830,Talkeetna CDP
02,AK,75050,Tanacross CDP
02,AK,75077,Tanaina CDP
02,AK,75160,Tanana city
02,AK,75380,Tatitlek CDP
02,AK,75480,Tazlina CDP
02,AK,75930,Teller city
02,AK,76260,Tenakee Springs city
02,AK,76590,Tetlin CDP
02,AK,77140,Thorne Bay city
02,AK,77690,Togiak city
02,AK,77800,Tok CDP
02,AK,78240,Toksook Bay city
02,AK,78297,Tolsona CDP
02,AK,78350,Tonsina CDP
02,AK,78680,Trapper Creek CDP
02,AK,78790,Tuluksak CDP
02,AK,79120,Tuntutuliak CDP
02,AK,79230,Tununak CDP
02,AK,79780,Twin Hills CDP
02,AK,79830,Two Rivers CDP
02,AK,79890,Tyonek CDP
02,AK,80100,Ugashik CDP
02,AK,80660,Unalakleet city
02,AK,80770,Unalaska city
02,AK,81320,Upper Kalskag city
02,AK,81920,Utqiaġvik city
02,AK,82200,Valdez city
02,AK,82420,Venetie CDP
02,AK,82750,Wainwright city
02,AK,82860,Wales city
02,AK,83080,Wasilla city
02,AK,84000,Whale Pass city
02,AK,84070,White Mountain city
02,AK,84120,Whitestone CDP
02,AK,84200,Whitestone Logging Camp CDP
02,AK,84510,Whittier city
02,AK,85280,Willow CDP
02,AK,85290,Willow Creek CDP
02,AK,85610,Wiseman CDP
02,AK,85680,Womens Bay CDP
02,AK,86380,Wrangell city and borough
02,AK,86490,Yakutat CDP
04,AZ,00730,Aguila CDP
04,AZ,00870,Ajo CDP
04,AZ,00940,Ak Chin CDP
04,AZ,01090,Ak-Chin Village CDP
04,AZ,01170,Alamo Lake CDP
04,AZ,01560,Ali Chuk CDP
04,AZ,01570,Ali Chukson CDP
04,AZ,01620,Ali Molina CDP
04,AZ,01920,Alpine CDP
04,AZ,01990,Amado CDP
04,AZ,02270,Anegam CDP
04,AZ,02410,Antares CDP
04,AZ,02430,Anthem CDP
04,AZ,02830,Apache Junction city
04,AZ,03320,Arivaca CDP
04,AZ,03380,Arivaca Junction CDP
04,AZ,03530,Arizona City CDP
04,AZ,03915,Arizona Village CDP
04,AZ,04020,Arlington CDP
04,AZ,04440,Ash Fork CDP
04,AZ,04710,Avenue B and C CDP
04,AZ,04720,Avondale city
04,AZ,04880,Avra Valley CDP
04,AZ,04930,Aztec CDP
04,AZ,05140,Bagdad CDP
04,AZ,05450,Bear Flat CDP
04,AZ,05490,Beaver Dam CDP
04,AZ,05495,Beaver Valley CDP
04,AZ,05700,Bellemont CDP
04,AZ,05770,Benson city
04,AZ,05970,Beyerville CDP
04,AZ,06260,Bisbee city
04,AZ,06470,Bitter Springs CDP
04,AZ,06610,Black Canyon City CDP
04,AZ,06820,Blackwater CDP
04,AZ,06997,Blue Ridge CDP
04,AZ,07025,Bluewater CDP
04,AZ,07310,Bouse CDP
04,AZ,07380,Bowie CDP
04,AZ,07590,Brenda CDP
04,AZ,07915,Bryce CDP
04,AZ,07940,Buckeye city
04,AZ,08020,Buckshot CDP
04,AZ,08220,Bullhead City city
04,AZ,08535,Burnside CDP
04,AZ,08710,Bylas CDP
04,AZ,08920,Cactus Flats CDP
04,AZ,08990,Cactus Forest CDP
04,AZ,09340,Cameron CDP
04,AZ,09580,Campo Bonito CDP
04,AZ,09690,Camp Verde town
04,AZ,09900,Cane Beds CDP
04,AZ,10040,Canyon Day CDP
04,AZ,10180,Carefree town
04,AZ,10320,Carrizo CDP
04,AZ,10460,Casa Blanca CDP
04,AZ,10530,Casa Grande city
04,AZ,10670,Casas Adobes CDP
04,AZ,11160,Catalina CDP
04,AZ,11230,Catalina Foothills CDP
04,AZ,11300,Cave Creek town
04,AZ,11370,Cedar Creek CDP
04,AZ,11500,Centennial Park CDP
04,AZ,11580,Central CDP
04,AZ,11720,Central Heights-Midland City CDP
04,AZ,12000,Chandler city
04,AZ,12150,Charco CDP
04,AZ,12560,Chiawuli Tak CDP
04,AZ,12630,Chilchinbito CDP
04,AZ,12770,Chinle CDP
04,AZ,12840,Chino Valley town
04,AZ,12910,Chloride CDP
04,AZ,13140,Christopher Creek CDP
04,AZ,13190,Chuichu CDP
04,AZ,13400,Cibecue CDP
04,AZ,13470,Cibola CDP
04,AZ,13540,Cienega Springs CDP
04,AZ,13610,Circle City CDP
04,AZ,13820,Citrus Park CDP
04,AZ,13850,Clacks Canyon CDP
04,AZ,13890,Clarkdale town
04,AZ,13960,Claypool CDP
04,AZ,14030,Clay Springs CDP
04,AZ,14380,Clifton town
04,AZ,14870,Colorado City town
04,AZ,15080,Comobabi CDP
04,AZ,15150,Concho CDP
04,AZ,15220,Congress CDP
04,AZ,15500,Coolidge city
04,AZ,15600,Copper Hill CDP
04,AZ,15765,Cordes Lakes CDP
04,AZ,15850,Cornfields CDP
04,AZ,15920,Cornville CDP
04,AZ,16030,Corona de Tucson CDP
04,AZ,16360,Cottonwood CDP
04,AZ,16410,Cottonwood city
04,AZ,16830,Cowlic CDP
04,AZ,17460,Crozier CDP
04,AZ,17500,Crystal Beach CDP
04,AZ,17810,Cutter CDP
04,AZ,18160,Dateland CDP
04,AZ,18448,Deer Creek CDP
04,AZ,18490,Del Muerto CDP
04,AZ,18580,Dennehotso CDP
04,AZ,18740,Desert Hills CDP
04,AZ,19145,Dewey-Humboldt town
04,AZ,19280,Dilkon CDP
04,AZ,19630,Dolan Springs CDP
04,AZ,19740,Doney Park CDP
04,AZ,19790,Donovan Estates CDP
04,AZ,20050,Douglas city
04,AZ,20330,Dragoon CDP
04,AZ,20540,Drexel Heights CDP
04,AZ,20560,Dripping Springs CDP
04,AZ,20570,Drysdale CDP
04,AZ,20680,Dudleyville CDP
04,AZ,20750,Duncan town
04,AZ,20960,Eagar town
04,AZ,21310,East Fork CDP
04,AZ,21410,East Globe CDP
04,AZ,21545,East Verde Estates CDP
04,AZ,21800,Ehrenberg CDP
04,AZ,21900,El Capitan CDP
04,AZ,21980,Elephant Head CDP
04,AZ,22080,Elfrida CDP
04,AZ,22150,Elgin CDP
04,AZ,22220,El Mirage city
04,AZ,22360,Eloy city
04,AZ,22400,El Prado Estates CDP
04,AZ,23512,First Mesa CDP
04,AZ,23620,Flagstaff city
04,AZ,23760,Florence town
04,AZ,23955,Flowing Springs CDP
04,AZ,23960,Flowing Wells CDP
04,AZ,24100,Forest Lakes CDP
04,AZ,24250,Fort Apache CDP
04,AZ,24460,Fort Defiance CDP
04,AZ,24895,Fort Mohave CDP
04,AZ,24950,Fort Thomas CDP
04,AZ,25030,Fortuna Foothills CDP
04,AZ,25045,Fort Valley CDP
04,AZ,25300,Fountain Hills town
04,AZ,25650,Franklin CDP
04,AZ,25720,Fredonia town
04,AZ,25735,Freedom Acres CDP
04,AZ,26070,Gadsden CDP
04,AZ,26210,Ganado CDP
04,AZ,26780,Geronimo Estates CDP
04,AZ,27050,Gila Bend town
04,AZ,27260,Gila Crossing CDP
04,AZ,27400,Gilbert town
04,AZ,27540,Gisela CDP
04,AZ,27820,Glendale city
04,AZ,28030,Globe city
04,AZ,28140,Gold Canyon CDP
04,AZ,28190,Golden Shores CDP
04,AZ,28195,Golden Valley CDP
04,AZ,28380,Goodyear city
04,AZ,28465,Goodyear Village CDP
04,AZ,28981,Grand Canyon Village CDP
04,AZ,28985,Grand Canyon West CDP
04,AZ,29430,Greasewood CDP
04,AZ,29603,Greenehaven CDP
04,AZ,29710,Green Valley CDP
04,AZ,29850,Greer CDP
04,AZ,30270,Guadalupe town
04,AZ,30550,Gu Oidak CDP
04,AZ,30830,Hackberry CDP
04,AZ,30840,Haigler Creek CDP
04,AZ,30850,Haivana Nakya CDP
04,AZ,31182,Hard Rock CDP
04,AZ,32020,Hayden town
04,AZ,32310,Heber-Overgaard CDP
04,AZ,33280,Holbrook city
04,AZ,33440,Hondah CDP
04,AZ,33945,Hotevilla-Bacavi CDP
04,AZ,33980,Houck CDP
04,AZ,34120,Huachuca City town
04,AZ,34700,Hunter Creek CDP
04,AZ,34980,Icehouse Canyon CDP
04,AZ,35310,Indian Wells CDP
04,AZ,36010,Jakes Corner CDP
04,AZ,36150,Jeddito CDP
04,AZ,36290,Jerome town
04,AZ,36430,Joseph City CDP
04,AZ,36440,J-Six Ranchettes CDP
04,AZ,36475,Kachina Village CDP
04,AZ,36500,Kaibab CDP
04,AZ,36535,Kaibab Estates West CDP
04,AZ,36640,Kaibito CDP
04,AZ,36780,Kaka CDP
04,AZ,36920,Katherine CDP
04,AZ,36990,Kayenta CDP
04,AZ,37130,Keams Canyon CDP
04,AZ,37200,Kearny town
04,AZ,37620,Kingman city
04,AZ,37935,Kino Springs CDP
04,AZ,38250,Klagetoh CDP
04,AZ,38290,Kleindale CDP
04,AZ,38530,Kohatk CDP
04,AZ,38600,Kohls Ranch CDP
04,AZ,38655,Komatke CDP
04,AZ,38950,Ko Vaya CDP
04,AZ,39100,Kykotsmovi Village CDP
04,AZ,39370,Lake Havasu City city
04,AZ,39720,Lake Montezuma CDP
04,AZ,39790,Lake of the Woods CDP
04,AZ,40160,La Paz Valley CDP
04,AZ,40400,Lazy Y U CDP
04,AZ,40415,LeChee CDP
04,AZ,40630,Leupp CDP
04,AZ,41085,Linden CDP
04,AZ,41330,Litchfield Park city
04,AZ,41470,Littlefield CDP
04,AZ,42460,Lower Santan Village CDP
04,AZ,42590,Low Mountain CDP
04,AZ,42660,Lukachukai CDP
04,AZ,42940,Lupton CDP
04,AZ,43150,McConnico CDP
04,AZ,43430,McNary CDP
04,AZ,43570,McNeal CDP
04,AZ,43920,Maish Vaya CDP
04,AZ,43990,Mammoth town
04,AZ,44200,Many Farms CDP
04,AZ,44270,Marana town
04,AZ,44410,Maricopa city
04,AZ,44450,Maricopa Colony CDP
04,AZ,44830,Martinez Lake CDP
04,AZ,45180,Mayer CDP
04,AZ,45275,Mead Ranch CDP
04,AZ,45285,Meadview CDP
04,AZ,46000,Mesa city
04,AZ,46005,Mesa del Caballo CDP
04,AZ,46070,Mescal CDP
04,AZ,46087,Mesquite Creek CDP
04,AZ,46350,Miami town
04,AZ,46840,Miracle Valley CDP
04,AZ,47190,Moccasin CDP
04,AZ,47330,Moenkopi CDP
04,AZ,47400,Mohave Valley CDP
04,AZ,47495,Mojave Ranch Estates CDP
04,AZ,47610,Morenci CDP
04,AZ,47680,Mormon Lake CDP
04,AZ,47750,Morristown CDP
04,AZ,47820,Mountainaire CDP
04,AZ,47925,Mountain View Ranches CDP
04,AZ,48170,Munds Park CDP
04,AZ,48310,Naco CDP
04,AZ,49010,Nazlini CDP
04,AZ,49100,Nelson CDP
04,AZ,49270,New Kingman-Butler CDP
04,AZ,49360,New River CDP
04,AZ,49640,Nogales city
04,AZ,49710,Nolic CDP
04,AZ,50000,North Fork CDP
04,AZ,50340,Nutrioso CDP
04,AZ,50362,Oak Creek Canyon CDP
04,AZ,50480,Oak Springs CDP
04,AZ,50620,Oatman CDP
04,AZ,51142,Oljato-Monument Valley CDP
04,AZ,51180,Oracle CDP
04,AZ,51465,Orange Grove Mobile Manor CDP
04,AZ,51600,Oro Valley town
04,AZ,51775,Oxbow Estates CDP
04,AZ,51800,Padre Ranchitos CDP
04,AZ,51810,Page city
04,AZ,52230,Palominas CDP
04,AZ,52930,Paradise Valley town
04,AZ,53070,Parker town
04,AZ,53210,Parker Strip CDP
04,AZ,53350,Parks CDP
04,AZ,53490,Patagonia town
04,AZ,53560,Paulden CDP
04,AZ,53700,Payson town
04,AZ,53770,Peach Springs CDP
04,AZ,53910,Peeples Valley CDP
04,AZ,54050,Peoria city
04,AZ,54190,Peridot CDP
04,AZ,55000,Phoenix city
04,AZ,55210,Picacho CDP
04,AZ,55300,Picture Rocks CDP
04,AZ,55560,Pima town
04,AZ,55630,Pinal CDP
04,AZ,55700,Pine CDP
04,AZ,55840,Pinedale CDP
04,AZ,55845,Pine Lake CDP
04,AZ,55880,Pinetop Country Club CDP
04,AZ,55980,Pinetop-Lakeside town
04,AZ,55983,Pinion Pines CDP
04,AZ,56120,Pinon CDP
04,AZ,56400,Pirtleville CDP
04,AZ,56470,Pisinemo CDP
04,AZ,57170,Poston CDP
04,AZ,57380,Prescott city
04,AZ,57450,Prescott Valley town
04,AZ,58010,Quartzsite town
04,AZ,58150,Queen Creek town
04,AZ,58290,Queen Valley CDP
04,AZ,58620,Rainbow City CDP
04,AZ,58870,Rancho Mesa Verde CDP
04,AZ,59372,Red Lake CDP
04,AZ,59550,Red Mesa CDP
04,AZ,59690,Red Rock CDP (Apache County)
04,AZ,59760,Red Rock CDP (Pinal County)
04,AZ,59900,Rillito CDP
04,AZ,60120,Rincon Valley CDP
04,AZ,60180,Rio Rico CDP
04,AZ,60250,Rio Verde CDP
04,AZ,60770,Rock House CDP
04,AZ,60880,Rock Point CDP
04,AZ,61300,Roosevelt CDP
04,AZ,61302,Roosevelt Estates CDP
04,AZ,61370,Rough Rock CDP
04,AZ,61440,Round Rock CDP
04,AZ,61448,Round Valley CDP
04,AZ,61690,Rye CDP
04,AZ,61715,Sacate Village CDP
04,AZ,61720,Sacaton CDP
04,AZ,61800,Sacaton Flats Village CDP
04,AZ,61940,Saddlebrooke CDP
04,AZ,62000,Safford city
04,AZ,62140,Sahuarita town
04,AZ,62280,St. David CDP
04,AZ,62350,St. Johns city
04,AZ,62362,St. Johns CDP
04,AZ,62420,St. Michaels CDP
04,AZ,62700,Salome CDP
04,AZ,62910,San Carlos CDP
04,AZ,63050,Sanders CDP
04,AZ,63260,San Jose CDP
04,AZ,63470,San Luis city
04,AZ,63540,San Manuel CDP
04,AZ,63610,San Miguel CDP
04,AZ,63820,San Simon CDP
04,AZ,63960,Santa Cruz CDP
04,AZ,64210,San Tan Valley CDP
04,AZ,64310,Santa Rosa CDP
04,AZ,64590,Sawmill CDP
04,AZ,64650,Scenic CDP
04,AZ,65000,Scottsdale city
04,AZ,65167,Seba Dalkai CDP
04,AZ,65280,Second Mesa CDP
04,AZ,65350,Sedona city
04,AZ,65400,Sehili CDP
04,AZ,65420,Seligman CDP
04,AZ,65490,Sells CDP
04,AZ,65780,Seven Mile CDP
04,AZ,66190,Shongopovi CDP
04,AZ,66260,Shonto CDP
04,AZ,66470,Show Low city
04,AZ,66540,Shumway CDP
04,AZ,66820,Sierra Vista city
04,AZ,66845,Sierra Vista Southeast CDP
04,AZ,67295,Six Shooter Canyon CDP
04,AZ,67800,Snowflake town
04,AZ,67920,So-Hi CDP
04,AZ,68010,Solomon CDP
04,AZ,68080,Somerton city
04,AZ,68220,Sonoita CDP
04,AZ,68670,South Komelik CDP
04,AZ,68850,South Tucson city
04,AZ,68990,Springerville town
04,AZ,69060,Spring Valley CDP
04,AZ,69130,Stanfield CDP
04,AZ,69480,Star Valley town
04,AZ,69585,Steamboat CDP
04,AZ,69872,Stotonic Village CDP
04,AZ,70040,Strawberry CDP
04,AZ,70175,Summerhaven CDP
04,AZ,70240,Summit CDP
04,AZ,70320,Sun City CDP
04,AZ,70355,Sun City West CDP
04,AZ,70460,Sunizona CDP
04,AZ,70530,Sun Lakes CDP
04,AZ,71020,Sunsites CDP
04,AZ,71160,Sun Valley CDP
04,AZ,71220,Sunwest CDP
04,AZ,71230,Supai CDP
04,AZ,71300,Superior town
04,AZ,71510,Surprise city
04,AZ,71642,Sweet Water Village CDP
04,AZ,71650,Swift Trail Junction CDP
04,AZ,71790,Tacna CDP
04,AZ,72000,Tanque Verde CDP
04,AZ,72280,Tat Momoli CDP
04,AZ,72420,Taylor town
04,AZ,72560,Teec Nos Pos CDP
04,AZ,72630,Tees Toh CDP
04,AZ,73000,Tempe city
04,AZ,73420,Thatcher town
04,AZ,73490,Theba CDP
04,AZ,73700,Three Points CDP
04,AZ,73890,Timberline-Fernwood CDP
04,AZ,74120,Tolani Lake CDP
04,AZ,74190,Tolleson city
04,AZ,74400,Tombstone city
04,AZ,74470,Tonalea CDP
04,AZ,74540,Tonopah CDP
04,AZ,74610,Tonto Basin CDP
04,AZ,74665,Tonto Village CDP
04,AZ,74680,Topawa CDP
04,AZ,74750,Topock CDP
04,AZ,74820,Top-of-the-World CDP
04,AZ,75310,Toyei CDP
04,AZ,75590,Truxton CDP
04,AZ,75660,Tsaile CDP
04,AZ,75940,Tubac CDP
04,AZ,76010,Tuba City CDP
04,AZ,77000,Tucson city
04,AZ,77035,Tucson Estates CDP
04,AZ,77179,Tucson Mountains CDP
04,AZ,77367,Tumacacori-Carmen CDP
04,AZ,77415,Turkey Creek CDP
04,AZ,77490,Tusayan town
04,AZ,78300,Upper Santan Village CDP
04,AZ,78400,Utting CDP
04,AZ,78540,Vail CDP
04,AZ,78680,Vaiva Vo CDP
04,AZ,78760,Valencia West CDP
04,AZ,78820,Valentine CDP
04,AZ,78855,Valle CDP
04,AZ,78865,Valle Vista CDP
04,AZ,79590,Ventana CDP
04,AZ,79830,Verde Village CDP
04,AZ,79870,Vernon CDP
04,AZ,79940,Vicksburg CDP
04,AZ,80095,Village of Oak Creek (Big Park) CDP
04,AZ,80380,Wagon Wheel CDP
04,AZ,80430,Wahak Hotrontk CDP
04,AZ,80790,Wall Lane CDP
04,AZ,80825,Walnut Creek CDP
04,AZ,81175,Washington Park CDP
04,AZ,81480,Wellton town
04,AZ,81490,Wellton Hills CDP
04,AZ,81550,Wenden CDP
04,AZ,82060,Wet Camp Village CDP
04,AZ,82120,Wheatfields CDP
04,AZ,82156,Whetstone CDP
04,AZ,82270,Whispering Pines CDP
04,AZ,82390,Whitecone CDP
04,AZ,82425,White Hills CDP
04,AZ,82450,White Mountain Lake CDP
04,AZ,82530,Whiteriver CDP
04,AZ,82670,Why CDP
04,AZ,82740,Wickenburg town
04,AZ,82810,Wide Ruins CDP
04,AZ,82880,Wikieup CDP
04,AZ,82950,Wilhoit CDP
04,AZ,83090,Willcox city
04,AZ,83160,Williams city
04,AZ,83388,Williamson CDP
04,AZ,83475,Willow Canyon CDP
04,AZ,83570,Willow Valley CDP
04,AZ,83720,Window Rock CDP
04,AZ,83790,Winkelman town
04,AZ,83930,Winslow city
04,AZ,83960,Winslow West CDP
04,AZ,84000,Wintersburg CDP
04,AZ,84140,Wittmann CDP
04,AZ,84350,Woodruff CDP
04,AZ,84980,Yarnell CDP
04,AZ,85260,York CDP
04,AZ,85330,Young CDP
04,AZ,85400,Youngtown town
04,AZ,85470,Yucca CDP
04,AZ,85540,Yuma city
04,AZ,85680,Yuma Proving Ground CDP
05,AR,00190,Acorn CDP
05,AR,00250,Adona city
05,AR,00580,Alexander city
05,AR,00700,Alicia town
05,AR,00730,Alix CDP
05,AR,00820,Alleene CDP
05,AR,00940,Allport town
05,AR,00970,Alma city
05,AR,01030,Almyra town
05,AR,01060,Alpena town
05,AR,01090,Alpine CDP
05,AR,01150,Altheimer city
05,AR,01210,Altus city
05,AR,01270,Amagon town
05,AR,01360,Amity city
05,AR,01457,Anthonyville town
05,AR,01540,Antoine town
05,AR,01630,Aplin CDP
05,AR,01660,Appleton CDP
05,AR,01870,Arkadelphia city
05,AR,01990,Arkansas City city
05,AR,02230,Armorel CDP
05,AR,02380,Ashdown city
05,AR,02470,Ash Flat city
05,AR,02590,Atkins city
05,AR,02680,Aubrey town
05,AR,02740,Augusta city
05,AR,02860,Austin city
05,AR,03010,Avilla CDP
05,AR,03040,Avoca town
05,AR,03280,Bald Knob city
05,AR,03430,Banks town
05,AR,03640,Barling city
05,AR,03940,Bassett town
05,AR,03970,Batavia CDP
05,AR,04030,Batesville city
05,AR,04090,Bauxite town
05,AR,04180,Bay city
05,AR,04420,Bearden city
05,AR,04540,Beaver town
05,AR,04600,Beebe city
05,AR,04630,Bee Branch CDP
05,AR,04720,Beedeville town
05,AR,04750,Beirne CDP
05,AR,04840,Bella Vista city
05,AR,04900,Bellefonte town
05,AR,04960,Belleville city
05,AR,05260,Ben Lomond town
05,AR,05290,Benton city
05,AR,05320,Bentonville city
05,AR,05440,Bergman town
05,AR,05560,Berryville city
05,AR,05770,Bethesda CDP
05,AR,05920,Bigelow town
05,AR,05980,Big Flat town
05,AR,06040,Biggers town
05,AR,06340,Birdsong town
05,AR,06460,Bismarck CDP
05,AR,06610,Black Oak town
05,AR,06700,Black Rock city
05,AR,06730,Black Springs town
05,AR,07030,Blevins city
05,AR,07150,Blue Eye town
05,AR,07210,Blue Mountain town
05,AR,07270,Bluff City town
05,AR,07330,Blytheville city
05,AR,07420,Board Camp CDP
05,AR,07450,Bodcaw town
05,AR,07510,Boles CDP
05,AR,07540,Bonanza city
05,AR,07630,Bono city
05,AR,07720,Booneville city
05,AR,08020,Bowman CDP
05,AR,08260,Bradford city
05,AR,08290,Bradley city
05,AR,08440,Branch city
05,AR,08665,Briarcliff city
05,AR,08950,Brinkley city
05,AR,09100,Brookland city
05,AR,09460,Bryant city
05,AR,09550,Buckner city
05,AR,09700,Buffalo City CDP
05,AR,09790,Bull Shoals city
05,AR,09880,Burdette town
05,AR,10300,Cabot city
05,AR,10330,Caddo Gap CDP
05,AR,10360,Caddo Valley town
05,AR,10450,Caldwell town
05,AR,10480,Cale town
05,AR,10570,Calico Rock city
05,AR,10600,Calion city
05,AR,10720,Camden city
05,AR,10780,Cammack Village city
05,AR,10900,Campbell Station city
05,AR,11080,Canehill CDP
05,AR,11410,Caraway city
05,AR,11500,Carlisle city
05,AR,11830,Carthage city
05,AR,11890,Casa town
05,AR,11920,Cash town
05,AR,12190,Caulksville town
05,AR,12280,Cave City city
05,AR,12340,Cave Springs city
05,AR,12520,Cedarville city
05,AR,12700,Center Point CDP
05,AR,12790,Center Ridge CDP
05,AR,12820,Centerton city
05,AR,12940,Centerville CDP
05,AR,13120,Central City town
05,AR,13300,Charleston city
05,AR,13420,Cherokee City CDP
05,AR,13450,Cherokee Village city
05,AR,13540,Cherry Valley city
05,AR,13570,Chester town
05,AR,13750,Chidester city
05,AR,13960,Cincinnati CDP
05,AR,13990,Clarendon city
05,AR,14050,Clarkedale city
05,AR,14140,Clarksville city
05,AR,14260,Clinton city
05,AR,14500,Coal Hill city
05,AR,14860,College Station CDP
05,AR,14920,Collins CDP
05,AR,14950,Colt city
05,AR,15100,Concord town
05,AR,15190,Conway city
05,AR,15310,Corinth town
05,AR,15460,Corning city
05,AR,15490,Cotter city
05,AR,15550,Cotton Plant city
05,AR,15700,Cove town
05,AR,15790,Coy town
05,AR,15940,Crawfordsville town
05,AR,16240,Crossett city
05,AR,16690,Crystal Springs CDP
05,AR,16930,Cushman city
05,AR,17140,Daisy town
05,AR,17290,Damascus town
05,AR,17320,Danville city
05,AR,17380,Dardanelle city
05,AR,17410,Datto town
05,AR,17740,Decatur city
05,AR,17860,Deer CDP
05,AR,18010,Delaplaine town
05,AR,18100,Delight city
05,AR,18160,Dell town
05,AR,18340,Dennard CDP
05,AR,18370,Denning town
05,AR,18490,De Queen city
05,AR,18520,Dermott city
05,AR,18550,Des Arc city
05,AR,18580,Desha CDP
05,AR,18640,De Valls Bluff city
05,AR,18790,DeWitt city
05,AR,18850,Diamond City city
05,AR,18940,Diaz city
05,AR,18970,Dierks city
05,AR,19450,Donaldson town
05,AR,19540,Dora CDP
05,AR,19600,Dover city
05,AR,19720,Drasco CDP
05,AR,19990,Dumas city
05,AR,20200,Dyer city
05,AR,20230,Dyess town
05,AR,20320,Earle city
05,AR,20440,East Camden town
05,AR,20470,East End CDP
05,AR,20800,Edgemont CDP
05,AR,20830,Edmondson town
05,AR,20920,Egypt town
05,AR,20950,Elaine city
05,AR,21070,El Dorado city
05,AR,21190,Elkins city
05,AR,21430,Elm Springs city
05,AR,21520,El Paso CDP
05,AR,21580,Emerson town
05,AR,21610,Emmet city
05,AR,21730,England city
05,AR,21820,Enola town
05,AR,22120,Etowah town
05,AR,22180,Eudora city
05,AR,22240,Eureka Springs city
05,AR,22300,Evansville CDP
05,AR,22360,Evening Shade city
05,AR,22450,Everton town
05,AR,22660,Fairfield Bay city
05,AR,22720,Fair Oaks CDP
05,AR,23140,Fargo town
05,AR,23170,Farmington city
05,AR,23290,Fayetteville city
05,AR,23320,Felsenthal town
05,AR,23680,Fifty-Six city
05,AR,23800,Fisher city
05,AR,24010,Flippin city
05,AR,24070,Floral CDP
05,AR,24130,Floyd CDP
05,AR,24220,Fordyce city
05,AR,24250,Foreman city
05,AR,24430,Forrest City city
05,AR,24550,Fort Smith city
05,AR,24640,Fouke city
05,AR,24670,Fountain Hill town
05,AR,24700,Fountain Lake town
05,AR,24760,Fourche town
05,AR,24910,Fox CDP
05,AR,25030,Franklin town
05,AR,25060,Fredonia (Biscoe) town
05,AR,25180,Friendship town
05,AR,25360,Fulton town
05,AR,25630,Gamaliel CDP
05,AR,25750,Garfield town
05,AR,25780,Garland town
05,AR,25900,Garner town
05,AR,26050,Gassville city
05,AR,26110,Gateway town
05,AR,26260,Genoa CDP
05,AR,26290,Gentry city
05,AR,26440,Georgetown town
05,AR,26710,Gibson CDP
05,AR,26800,Gilbert town
05,AR,26980,Gillett city
05,AR,27010,Gillham town
05,AR,27040,Gilmore city
05,AR,27310,Glenwood city
05,AR,27610,Goodwin CDP
05,AR,27670,Goshen town
05,AR,27700,Gosnell city
05,AR,27730,Gould city
05,AR,27790,Grady city
05,AR,27970,Grannis city
05,AR,28360,Gravette city
05,AR,28510,Greenbrier city
05,AR,28600,Green Forest city
05,AR,28660,Greenland city
05,AR,28720,Greenway city
05,AR,28780,Greenwood city
05,AR,28810,Greers Ferry city
05,AR,28840,Gregory CDP
05,AR,28990,Griffithville town
05,AR,29020,Grubbs city
05,AR,29080,Guion town
05,AR,29140,Gum Springs town
05,AR,29200,Gurdon city
05,AR,29230,Guy city
05,AR,29290,Hackett city
05,AR,29320,Hagarville CDP
05,AR,29380,Halley CDP
05,AR,29500,Hamburg city
05,AR,29650,Hampton city
05,AR,29920,Hardy city
05,AR,30310,Harrell town
05,AR,30400,Harrisburg city
05,AR,30460,Harrison city
05,AR,30490,Hartford city
05,AR,30520,Hartman city
05,AR,30640,Haskell city
05,AR,30700,Hatfield town
05,AR,30730,Hattieville CDP
05,AR,30790,Havana city
05,AR,30880,Haynes town
05,AR,30940,Hazen city
05,AR,31090,Heber Springs city
05,AR,31150,Hector town
05,AR,31190,Helena-West Helena city
05,AR,31270,Henderson CDP
05,AR,31390,Hensley CDP
05,AR,31540,Hermitage city
05,AR,31900,Hickory Ridge city
05,AR,32080,Higden town
05,AR,32140,Higginson town
05,AR,32200,Highfill town
05,AR,32257,Highland city
05,AR,32470,Hindsville town
05,AR,32650,Holiday Island city
05,AR,32710,Holland city
05,AR,32800,Holly Grove city
05,AR,33190,Hope city
05,AR,33310,Horatio city
05,AR,33370,Horseshoe Bend city
05,AR,33375,Horseshoe Lake town
05,AR,33400,Hot Springs city
05,AR,33482,Hot Springs Village CDP
05,AR,33490,Houston town
05,AR,33580,Hoxie city
05,AR,33760,Hughes city
05,AR,33820,Humnoke city
05,AR,33850,Humphrey city
05,AR,33910,Hunter town
05,AR,33940,Huntington city
05,AR,33970,Huntsville city
05,AR,34090,Huttig city
05,AR,34150,Imboden town
05,AR,34220,Indian Bay CDP
05,AR,34540,Ivan CDP
05,AR,34720,Jacksonport town
05,AR,34750,Jacksonville city
05,AR,34900,Jasper city
05,AR,35040,Jennette town
05,AR,35140,Jericho town
05,AR,35170,Jerome CDP
05,AR,35260,Jerusalem CDP
05,AR,35500,Johnson city
05,AR,35650,Joiner city
05,AR,35710,Jonesboro city
05,AR,35770,Jones Mills CDP
05,AR,36040,Judsonia city
05,AR,36130,Junction City city
05,AR,36310,Keiser city
05,AR,36430,Kensett city
05,AR,36550,Keo town
05,AR,36670,Kibler city
05,AR,36880,Kingsland city
05,AR,36910,Kingston CDP
05,AR,37060,Kirby CDP
05,AR,37240,Knobel city
05,AR,37300,Knoxville town
05,AR,37450,Lacey CDP
05,AR,37660,Lafe town
05,AR,37720,LaGrange town
05,AR,37780,Lake City city
05,AR,37930,Lake Hamilton CDP
05,AR,38050,Lakeview city
05,AR,38110,Lake View city
05,AR,38170,Lake Village city
05,AR,38290,Lamar city
05,AR,38540,Landmark CDP
05,AR,38890,Lavaca city
05,AR,38950,Lawson CDP
05,AR,39010,Leachville city
05,AR,39040,Lead Hill town
05,AR,39310,Leola town
05,AR,39370,Lepanto city
05,AR,39460,Leslie city
05,AR,39520,Letona town
05,AR,39640,Lewisville city
05,AR,39670,Lexa town
05,AR,39970,Lincoln city
05,AR,40120,Little Flock city
05,AR,41000,Little Rock city
05,AR,41090,Lockesburg city
05,AR,41270,London city
05,AR,41420,Lonoke city
05,AR,41450,Lonsdale town
05,AR,41555,Lost Bridge Village CDP
05,AR,41630,Louann town
05,AR,41720,Lowell city
05,AR,42170,Luxora city
05,AR,42260,Lynn town
05,AR,42350,McAlmont CDP
05,AR,42410,McCaskill town
05,AR,42500,McCrory city
05,AR,42560,McDougal town
05,AR,42770,McGehee city
05,AR,43070,McNab town
05,AR,43100,McNeil city
05,AR,43220,McRae city
05,AR,43280,Madison city
05,AR,43310,Magazine city
05,AR,43370,Magness town
05,AR,43430,Magnet Cove CDP
05,AR,43460,Magnolia city
05,AR,43610,Malvern city
05,AR,43670,Mammoth Spring city
05,AR,43820,Manila city
05,AR,43880,Mansfield city
05,AR,44120,Marianna city
05,AR,44150,Marie town
05,AR,44180,Marion city
05,AR,44210,Marked Tree city
05,AR,44240,Marmaduke city
05,AR,44300,Marshall city
05,AR,44420,Marvell city
05,AR,44600,Maumelle city
05,AR,44750,Mayflower city
05,AR,44780,Maynard town
05,AR,44810,Maysville CDP
05,AR,45080,Melbourne city
05,AR,45110,Mellwood CDP
05,AR,45170,Mena city
05,AR,45200,Menifee town
05,AR,45500,Midland town
05,AR,45530,Midway CDP
05,AR,45560,Midway town
05,AR,46040,Mineral Springs city
05,AR,46100,Minturn town
05,AR,46190,Mitchellville city
05,AR,46400,Monette city
05,AR,46460,Monroe CDP
05,AR,46580,Monticello city
05,AR,46670,Montrose city
05,AR,46730,Moorefield town
05,AR,46910,Moro town
05,AR,46970,Morrilton city
05,AR,47030,Morrison Bluff town
05,AR,47090,Morrow CDP
05,AR,47300,Mountainburg city
05,AR,47390,Mountain Home city
05,AR,47450,Mountain Pine city
05,AR,47540,Mountain View city
05,AR,47660,Mount Holly CDP
05,AR,47690,Mount Ida city
05,AR,47720,Mount Judea CDP
05,AR,47810,Mount Olive CDP
05,AR,47900,Mount Pleasant town
05,AR,48020,Mount Vernon town
05,AR,48200,Mulberry city
05,AR,48290,Murfreesboro city
05,AR,48560,Nashville city
05,AR,48680,Natural Steps CDP
05,AR,49010,Newark city
05,AR,49070,New Blaine CDP
05,AR,49220,New Edinburg CDP
05,AR,49370,Newhope CDP
05,AR,49580,Newport city
05,AR,49820,Nimmons town
05,AR,50000,Norfork city
05,AR,50030,Norman town
05,AR,50060,Norphlet city
05,AR,50240,North Crossett CDP
05,AR,50450,North Little Rock city
05,AR,50810,Oak Grove town
05,AR,50990,Oak Grove CDP
05,AR,51060,Oak Grove Heights town
05,AR,51080,Oakhaven town
05,AR,51110,Oakland CDP
05,AR,51230,Oark CDP
05,AR,51290,Oden town
05,AR,51350,Ogden city
05,AR,51410,Oil Trough town
05,AR,51500,O'Kean town
05,AR,51530,Okolona town
05,AR,51560,Ola city
05,AR,52160,Omaha town
05,AR,52280,Oneida CDP
05,AR,52430,Oppelo city
05,AR,52580,Osceola city
05,AR,52880,Oxford city
05,AR,52940,Ozan town
05,AR,52970,Ozark city
05,AR,53000,Ozark Acres CDP
05,AR,53060,Ozone CDP
05,AR,53150,Palestine city
05,AR,53240,Pangburn city
05,AR,53390,Paragould city
05,AR,53480,Paris city
05,AR,53510,Parkdale city
05,AR,53600,Parkin city
05,AR,53900,Patmos town
05,AR,53990,Patterson city
05,AR,54110,Payneway CDP
05,AR,54140,Peach Orchard city
05,AR,54170,Pearcy CDP
05,AR,54200,Pea Ridge city
05,AR,54410,Pencil Bluff CDP
05,AR,54620,Perla town
05,AR,54650,Perry town
05,AR,54680,Perrytown town
05,AR,54710,Perryville city
05,AR,55130,Piggott city
05,AR,55280,Pindall town
05,AR,55310,Pine Bluff city
05,AR,55580,Pineville town
05,AR,55610,Piney CDP
05,AR,55970,Plainview city
05,AR,56060,Pleasant Grove CDP
05,AR,56270,Pleasant Plains town
05,AR,56480,Plumerville city
05,AR,56540,Pocahontas city
05,AR,56600,Pollard city
05,AR,56630,Ponca CDP
05,AR,56690,Poplar Grove CDP
05,AR,56720,Portia town
05,AR,56750,Portland city
05,AR,56990,Pottsville city
05,AR,57050,Powhatan town
05,AR,57080,Poyen town
05,AR,57125,Prairie Creek CDP
05,AR,57170,Prairie Grove city
05,AR,57230,Prattsville town
05,AR,57260,Prescott city
05,AR,57530,Princeton CDP
05,AR,57890,Pyatt town
05,AR,57950,Quitman city
05,AR,58160,Ratcliff city
05,AR,58250,Ravenden town
05,AR,58280,Ravenden Springs town
05,AR,58400,Reader CDP
05,AR,58490,Rector city
05,AR,58580,Redfield city
05,AR,58880,Reed town
05,AR,59180,Reyno city
05,AR,59480,Rison city
05,AR,59630,Rivervale CDP
05,AR,60020,Rockport city
05,AR,60110,Rockwell CDP
05,AR,60380,Roe town
05,AR,60410,Rogers city
05,AR,60470,Roland CDP
05,AR,60590,Rondo town
05,AR,60770,Rose Bud town
05,AR,61040,Rosston town
05,AR,61190,Rover CDP
05,AR,61460,Rudy town
05,AR,61640,Russell town
05,AR,61670,Russellville city
05,AR,61730,Rye CDP
05,AR,61940,St. Charles town
05,AR,61970,St. Francis city
05,AR,62030,St. Joe town
05,AR,62060,St. Paul town
05,AR,62120,Salado CDP
05,AR,62150,Salem city
05,AR,62210,Salem CDP
05,AR,62240,Salesville city
05,AR,62630,Saratoga CDP
05,AR,62660,Sardis CDP
05,AR,62900,Scott CDP
05,AR,62960,Scranton city
05,AR,63020,Searcy city
05,AR,63110,Sedgwick town
05,AR,63470,Shannon Hills city
05,AR,63710,Sheridan city
05,AR,63740,Sherrill town
05,AR,63800,Sherwood city
05,AR,63980,Shirley town
05,AR,64280,Sidney town
05,AR,64370,Siloam Springs city
05,AR,64730,Smackover city
05,AR,64910,Smithville town
05,AR,65480,South Lead Hill town
05,AR,65630,Southside city
05,AR,65900,Sparkman city
05,AR,66080,Springdale city
05,AR,66110,Springfield CDP
05,AR,66200,Springtown town
05,AR,66320,Stamps city
05,AR,66440,Star City city
05,AR,66800,Staves CDP
05,AR,66860,Stephens city
05,AR,67250,Strawberry town
05,AR,67370,Strong city
05,AR,67490,Stuttgart city
05,AR,67520,Subiaco town
05,AR,67550,Success town
05,AR,67730,Sulphur Rock town
05,AR,67760,Sulphur Springs city
05,AR,67790,Sulphur Springs CDP
05,AR,67880,Summers CDP
05,AR,67940,Summit city
05,AR,68060,Sunset town
05,AR,68330,Sweet Home CDP
05,AR,68360,Swifton city
05,AR,68660,Taylor city
05,AR,68810,Texarkana city
05,AR,69050,Thornton city
05,AR,69230,Tillar city
05,AR,69350,Tinsman town
05,AR,69500,Tollette town
05,AR,69740,Tontitown city
05,AR,69830,Traskwood city
05,AR,70010,Trumann city
05,AR,70070,Tucker CDP
05,AR,70100,Tuckerman city
05,AR,70220,Tull town
05,AR,70310,Tumbling Shoals CDP
05,AR,70340,Tupelo town
05,AR,70430,Turrell city
05,AR,70540,Twin Groves town
05,AR,70700,Tyronza city
05,AR,70760,Ulm town
05,AR,71060,Uniontown CDP
05,AR,71180,Urbana CDP
05,AR,71390,Valley Springs town
05,AR,71480,Van Buren city
05,AR,71510,Vandervoort town
05,AR,71570,Vanndale CDP
05,AR,71900,Victoria town
05,AR,71960,Vilonia city
05,AR,72140,Viola town
05,AR,72170,Violet Hill CDP
05,AR,72230,Wabbaseka town
05,AR,72290,Walcott CDP
05,AR,72320,Waldenburg town
05,AR,72350,Waldo city
05,AR,72380,Waldron city
05,AR,72890,Walnut Ridge city
05,AR,73130,Ward city
05,AR,73250,Warm Springs CDP
05,AR,73310,Warren city
05,AR,73370,Washington city
05,AR,73550,Watson city
05,AR,73730,Wayton CDP
05,AR,73940,Weiner city
05,AR,74000,Weldon town
05,AR,74090,Wesley CDP
05,AR,74270,West Crossett CDP
05,AR,74330,Western Grove town
05,AR,74360,West Fork city
05,AR,74540,West Memphis city
05,AR,74660,West Point town
05,AR,74840,Wheatley city
05,AR,74930,Whelen Springs town
05,AR,75170,White Hall city
05,AR,75500,Wickes town
05,AR,75560,Widener town
05,AR,75570,Wiederkehr Village city
05,AR,75590,Wilburn CDP
05,AR,75740,Williford town
05,AR,75770,Willisville town
05,AR,75860,Wilmar city
05,AR,75890,Wilmot city
05,AR,75920,Wilson city
05,AR,75980,Wilton city
05,AR,76010,Winchester town
05,AR,76190,Winslow city
05,AR,76250,Winthrop city
05,AR,76460,Witts Springs CDP
05,AR,76690,Woodlawn CDP
05,AR,76730,Woodson CDP
05,AR,76820,Wooster town
05,AR,76970,Wrightsville city
05,AR,77090,Wynne city
05,AR,77203,Yarborough Landing CDP
05,AR,77330,Yellville city
05,AR,77600,Zinc town
06,CA,00135,Acalanes Ridge CDP
06,CA,00156,Acampo CDP
06,CA,00212,Acton CDP
06,CA,00296,Adelanto city
06,CA,00310,Adin CDP
06,CA,00394,Agoura Hills city
06,CA,00450,Agua Dulce CDP
06,CA,00464,Aguanga CDP
06,CA,00478,Ahwahnee CDP
06,CA,00535,Airport CDP
06,CA,00562,Alameda city
06,CA,00618,Alamo CDP
06,CA,00674,Albany city
06,CA,00716,Albion CDP
06,CA,00786,Alderpoint CDP
06,CA,00884,Alhambra city
06,CA,00898,Alhambra Valley CDP
06,CA,00947,Aliso Viejo city
06,CA,00982,Alleghany CDP
06,CA,00996,Allendale CDP
06,CA,01010,Allensworth CDP
06,CA,01094,Almanor CDP
06,CA,01150,Alondra Park CDP
06,CA,01164,Alpaugh CDP
06,CA,01192,Alpine CDP
06,CA,01228,Alpine Village CDP
06,CA,01276,Alta CDP
06,CA,01290,Altadena CDP
06,CA,01358,Alta Sierra CDP (Kern County)
06,CA,01360,Alta Sierra CDP (Nevada County)
06,CA,01416,Alto CDP
06,CA,01444,Alturas city
06,CA,01458,Alum Rock CDP
06,CA,01514,Amador City city
06,CA,01518,Amador Pines CDP
06,CA,01640,American Canyon city
06,CA,01651,Amesti CDP
06,CA,02000,Anaheim city
06,CA,02028,Anchor Bay CDP
06,CA,02042,Anderson city
06,CA,02112,Angels city
06,CA,02168,Angwin CDP
06,CA,02210,Antelope CDP
06,CA,02252,Antioch city
06,CA,02294,Anza CDP
06,CA,02364,Apple Valley town
06,CA,02378,Aptos CDP
06,CA,02382,Aptos Hills-Larkin Valley CDP
06,CA,02420,Arbuckle CDP
06,CA,02462,Arcadia city
06,CA,02476,Arcata city
06,CA,02553,Arden-Arcade CDP
06,CA,02700,Armona CDP
06,CA,02770,Arnold CDP
06,CA,02812,Aromas CDP
06,CA,02868,Arroyo Grande city
06,CA,02896,Artesia city
06,CA,02910,Artois CDP
06,CA,02924,Arvin city
06,CA,02980,Ashland CDP
06,CA,03026,Aspen Springs CDP
06,CA,03064,Atascadero city
06,CA,03092,Atherton town
06,CA,03162,Atwater city
06,CA,03190,Auberry CDP
06,CA,03204,Auburn city
06,CA,03205,Auburn Lake Trails CDP
06,CA,03209,August CDP
06,CA,03274,Avalon city
06,CA,03302,Avenal city
06,CA,03316,Avery CDP
06,CA,03330,Avila Beach CDP
06,CA,03344,Avocado Heights CDP
06,CA,03386,Azusa city
06,CA,03512,Baker CDP
06,CA,03526,Bakersfield city
06,CA,03546,Bakersfield Country Club CDP
06,CA,03666,Baldwin Park city
06,CA,03694,Ballard CDP
06,CA,03708,Ballico CDP
06,CA,03792,Bangor CDP
06,CA,03820,Banning city
06,CA,04030,Barstow city
06,CA,04198,Bass Lake CDP
06,CA,04415,Bay Point CDP
06,CA,04470,Bayview CDP (Contra Costa County)
06,CA,04478,Bayview CDP (Humboldt County)
06,CA,04549,Baywood Park CDP
06,CA,04576,Beale AFB CDP
06,CA,04632,Bear Creek CDP
06,CA,04716,Bear Valley CDP (Alpine County)
06,CA,04730,Bear Valley CDP (Mariposa County)
06,CA,04734,Bear Valley Springs CDP
06,CA,04758,Beaumont city
06,CA,04772,Beckwourth CDP
06,CA,04856,Belden CDP
06,CA,04870,Bell city
06,CA,04926,Bella Vista CDP
06,CA,04938,Bell Canyon CDP
06,CA,04982,Bellflower city
06,CA,04996,Bell Gardens city
06,CA,05108,Belmont city
06,CA,05164,Belvedere city
06,CA,05262,Benbow CDP
06,CA,05276,Bend CDP
06,CA,05290,Benicia city
06,CA,05332,Ben Lomond CDP
06,CA,05346,Benton CDP
06,CA,05356,Benton Park CDP
06,CA,06000,Berkeley city
06,CA,06028,Bermuda Dunes CDP
06,CA,06070,Berry Creek CDP
06,CA,06150,Bertsch-Oceanview CDP
06,CA,06210,Bethel Island CDP
06,CA,06308,Beverly Hills city
06,CA,06336,Bieber CDP
06,CA,06406,Big Bear City CDP
06,CA,06434,Big Bear Lake city
06,CA,06475,Big Bend CDP
06,CA,06518,Big Creek CDP
06,CA,06560,Biggs city
06,CA,06567,Big Lagoon CDP
06,CA,06616,Big Pine CDP
06,CA,06635,Big River CDP
06,CA,06728,Biola CDP
06,CA,06798,Bishop city
06,CA,06928,Blackhawk CDP
06,CA,06935,Blacklake CDP
06,CA,06982,Black Point-Green Point CDP
06,CA,06994,Blairsden CDP
06,CA,07036,Bloomfield CDP
06,CA,07064,Bloomington CDP
06,CA,07162,Blue Lake city
06,CA,07172,Bluewater CDP
06,CA,07218,Blythe city
06,CA,07246,Bodega CDP
06,CA,07260,Bodega Bay CDP
06,CA,07274,Bodfish CDP
06,CA,07316,Bolinas CDP
06,CA,07372,Bombay Beach CDP
06,CA,07378,Bonadelle Ranchos CDP
06,CA,07414,Bonita CDP
06,CA,07470,Bonny Doon CDP
06,CA,07498,Bonsall CDP
06,CA,07512,Boonville CDP
06,CA,07525,Bootjack CDP
06,CA,07568,Boron CDP
06,CA,07578,Boronda CDP
06,CA,07596,Borrego Springs CDP
06,CA,07624,Bostonia CDP
06,CA,07652,Boulder Creek CDP
06,CA,07694,Boulevard CDP
06,CA,07750,Bowles CDP
06,CA,07848,Boyes Hot Springs CDP
06,CA,07946,Bradbury city
06,CA,07974,Bradley CDP
06,CA,08058,Brawley city
06,CA,08100,Brea city
06,CA,08142,Brentwood city
06,CA,08172,Bret Harte CDP
06,CA,08240,Bridgeport CDP
06,CA,08310,Brisbane city
06,CA,08338,Broadmoor CDP
06,CA,08478,Brookdale CDP
06,CA,08506,Brooks CDP
06,CA,08530,Brooktrails CDP
06,CA,08680,Buckhorn CDP
06,CA,08716,Buck Meadows CDP
06,CA,08744,Bucks Lake CDP
06,CA,08758,Buellton city
06,CA,08786,Buena Park city
06,CA,08828,Buena Vista CDP
06,CA,08954,Burbank city
06,CA,08968,Burbank CDP
06,CA,09066,Burlingame city
06,CA,09122,Burney CDP
06,CA,09150,Burnt Ranch CDP
06,CA,09310,Butte Creek Canyon CDP
06,CA,09318,Butte Meadows CDP
06,CA,09324,Butte Valley CDP
06,CA,09332,Buttonwillow CDP
06,CA,09346,Byron CDP
06,CA,09353,Bystrom CDP
06,CA,09360,Cabazon CDP
06,CA,09598,Calabasas city
06,CA,09710,Calexico city
06,CA,09780,California City city
06,CA,09822,California Hot Springs CDP
06,CA,09834,California Pines CDP
06,CA,09835,California Polytechnic State University CDP
06,CA,09864,Calimesa city
06,CA,09878,Calipatria city
06,CA,09892,Calistoga city
06,CA,09948,Callender CDP
06,CA,09990,Calpella CDP
06,CA,10004,Calpine CDP
06,CA,10032,Calwa CDP
06,CA,10042,Camanche North Shore CDP
06,CA,10044,Camanche Village CDP
06,CA,10046,Camarillo city
06,CA,10074,Cambria CDP
06,CA,10088,Cambrian Park CDP
06,CA,10256,Cameron Park CDP
06,CA,10270,Camino CDP
06,CA,10301,Camino Tassajara CDP
06,CA,10345,Campbell city
06,CA,10494,Camp Nelson CDP
06,CA,10508,Campo CDP
06,CA,10536,Campo Seco CDP
06,CA,10554,Camp Pendleton Mainside CDP
06,CA,10561,Camp Pendleton South CDP
06,CA,10676,Camptonville CDP
06,CA,10732,Canby CDP
06,CA,10816,Cantua Creek CDP
06,CA,10914,Canyondam CDP
06,CA,10928,Canyon Lake city
06,CA,11040,Capitola city
06,CA,11166,Caribou CDP
06,CA,11194,Carlsbad city
06,CA,11250,Carmel-by-the-Sea city
06,CA,11324,Carmel Valley Village CDP
06,CA,11376,Carmet CDP
06,CA,11390,Carmichael CDP
06,CA,11418,Carnelian Bay CDP
06,CA,11446,Carpinteria city
06,CA,11481,Carrick CDP
06,CA,11530,Carson city
06,CA,11600,Cartago CDP
06,CA,11614,Caruthers CDP
06,CA,11656,Casa Conejo CDP
06,CA,11691,Casa de Oro-Mount Helix CDP
06,CA,11696,Casa Loma CDP
06,CA,11754,Casmalia CDP
06,CA,11768,Caspar CDP
06,CA,11782,Cassel CDP
06,CA,11796,Castaic CDP
06,CA,11824,Castella CDP
06,CA,11915,Castle Hill CDP
06,CA,11964,Castro Valley CDP
06,CA,11978,Castroville CDP
06,CA,12048,Cathedral City city
06,CA,12062,Catheys Valley CDP
06,CA,12132,Cayucos CDP
06,CA,12146,Cazadero CDP
06,CA,12216,Cedar Flat CDP
06,CA,12300,Cedar Ridge CDP
06,CA,12314,Cedar Slope CDP
06,CA,12328,Cedarville CDP
06,CA,12412,Centerville CDP (Fresno County)
06,CA,12415,Centerville CDP (Shasta County)
06,CA,12524,Ceres city
06,CA,12552,Cerritos city
06,CA,12594,Chalfant CDP
06,CA,12612,Challenge-Brownsville CDP
06,CA,12669,Channel Islands Beach CDP
06,CA,12730,Charleston View CDP
06,CA,12734,Charter Oak CDP
06,CA,12818,Cherokee CDP
06,CA,12860,Cherokee Strip CDP
06,CA,12902,Cherryland CDP
06,CA,12916,Cherry Valley CDP
06,CA,12930,Chester CDP
06,CA,13014,Chico city
06,CA,13077,Chilcoot-Vinton CDP
06,CA,13157,China Lake Acres CDP
06,CA,13182,Chinese Camp CDP
06,CA,13210,Chino city
06,CA,13214,Chino Hills city
06,CA,13278,Choctaw Valley CDP
06,CA,13294,Chowchilla city
06,CA,13364,Chualar CDP
06,CA,13392,Chula Vista city
06,CA,13560,Citrus CDP
06,CA,13588,Citrus Heights city
06,CA,13756,Claremont city
06,CA,13784,Clarksburg CDP
06,CA,13854,Clay CDP
06,CA,13882,Clayton city
06,CA,13910,Clear Creek CDP
06,CA,13945,Clearlake city
06,CA,13966,Clearlake Oaks CDP
06,CA,13985,Clearlake Riviera CDP
06,CA,14008,Cleone CDP
06,CA,14106,Clio CDP
06,CA,14148,Clipper Mills CDP
06,CA,14190,Cloverdale city
06,CA,14218,Clovis city
06,CA,14232,Clyde CDP
06,CA,14260,Coachella city
06,CA,14274,Coalinga city
06,CA,14288,Coarsegold CDP
06,CA,14302,Cobb CDP
06,CA,14406,Coffee Creek CDP
06,CA,14442,Cohasset CDP
06,CA,14450,Cold Springs CDP (El Dorado County)
06,CA,14454,Cold Springs CDP (Tuolumne County)
06,CA,14484,Coleville CDP
06,CA,14498,Colfax city
06,CA,14554,College City CDP
06,CA,14708,Collierville CDP
06,CA,14736,Colma town
06,CA,14764,Coloma CDP
06,CA,14890,Colton city
06,CA,14904,Columbia CDP
06,CA,14946,Colusa city
06,CA,14974,Commerce city
06,CA,15030,Comptche CDP
06,CA,15044,Compton city
06,CA,16000,Concord city
06,CA,16035,Concow CDP
06,CA,16090,Contra Costa Centre CDP
06,CA,16210,Copperopolis CDP
06,CA,16224,Corcoran city
06,CA,16322,Corning city
06,CA,16350,Corona city
06,CA,16378,Coronado city
06,CA,16420,Coronita CDP
06,CA,16434,Corralitos CDP
06,CA,16462,Corte Madera town
06,CA,16532,Costa Mesa city
06,CA,16560,Cotati city
06,CA,16580,Coto de Caza CDP
06,CA,16623,Cottonwood CDP (Kern County)
06,CA,16630,Cottonwood CDP (Shasta County)
06,CA,16644,Coulterville CDP
06,CA,16651,Country Club CDP
06,CA,16714,Courtland CDP
06,CA,16728,Covelo CDP
06,CA,16742,Covina city
06,CA,16762,Cowan CDP
06,CA,17022,Crescent City city
06,CA,17050,Crescent Mills CDP
06,CA,17078,Cressey CDP
06,CA,17106,Crest CDP
06,CA,17162,Crestline CDP
06,CA,17232,Creston CDP
06,CA,17267,C-Road CDP
06,CA,17274,Crockett CDP
06,CA,17288,Cromberg CDP
06,CA,17372,Crowley Lake CDP
06,CA,17428,Crows Landing CDP
06,CA,17498,Cudahy city
06,CA,17568,Culver City city
06,CA,17610,Cupertino city
06,CA,17708,Cutler CDP
06,CA,17722,Cutten CDP
06,CA,17727,Cuyama CDP
06,CA,17750,Cypress city
06,CA,17876,Dales CDP
06,CA,17918,Daly City city
06,CA,17946,Dana Point city
06,CA,17988,Danville town
06,CA,17995,Daphnedale Park CDP
06,CA,18030,Darwin CDP
06,CA,18086,Davenport CDP
06,CA,18100,Davis city
06,CA,18153,Day Valley CDP
06,CA,18324,Deer Park CDP
06,CA,18352,Del Aire CDP
06,CA,18394,Delano city
06,CA,18422,Del Dios CDP
06,CA,18450,Delft Colony CDP
06,CA,18464,Delhi CDP
06,CA,18485,Delleker CDP
06,CA,18506,Del Mar city
06,CA,18590,Del Monte Forest CDP
06,CA,18674,Del Rey CDP
06,CA,18688,Del Rey Oaks city
06,CA,18695,Del Rio CDP
06,CA,18856,Denair CDP
06,CA,18926,Derby Acres CDP
06,CA,18940,Descanso CDP
06,CA,18982,Desert Center CDP
06,CA,18986,Desert Edge CDP
06,CA,18996,Desert Hot Springs city
06,CA,19022,Desert Palms CDP
06,CA,19024,Desert Shores CDP
06,CA,19052,Desert View Highlands CDP
06,CA,19150,Diablo CDP
06,CA,19155,Diablo Grande CDP
06,CA,19192,Diamond Bar city
06,CA,19220,Diamond Springs CDP
06,CA,19248,Di Giorgio CDP
06,CA,19262,Dillon Beach CDP
06,CA,19318,Dinuba city
06,CA,19339,Discovery Bay CDP
06,CA,19402,Dixon city
06,CA,19406,Dixon Lane-MeadowCreek CDP
06,CA,19416,Dobbins CDP
06,CA,19440,Dogtown CDP
06,CA,19455,Dollar Point CDP
06,CA,19570,Dorrington CDP
06,CA,19584,Dorris city
06,CA,19612,Dos Palos city
06,CA,19654,Dos Palos Y CDP
06,CA,19724,Douglas City CDP
06,CA,19738,Douglas Flat CDP
06,CA,19766,Downey city
06,CA,19794,Downieville CDP
06,CA,19878,Doyle CDP
06,CA,19976,Drytown CDP
06,CA,19990,Duarte city
06,CA,20018,Dublin city
06,CA,20032,Ducor CDP
06,CA,20228,Dunnigan CDP
06,CA,20242,Dunsmuir city
06,CA,20270,Durham CDP
06,CA,20284,Dustin Acres CDP
06,CA,20298,Dutch Flat CDP
06,CA,20424,Eagleville CDP
06,CA,20438,Earlimart CDP
06,CA,20515,East Bakersfield CDP
06,CA,20574,Eastern Goleta Valley CDP
06,CA,20598,East Foothills CDP
06,CA,20697,East Hemet CDP
06,CA,20802,East Los Angeles CDP
06,CA,20900,East Nicolaus CDP
06,CA,20903,East Niles CDP
06,CA,20907,East Oakdale CDP
06,CA,20928,Easton CDP
06,CA,20942,East Orosi CDP
06,CA,20956,East Palo Alto city
06,CA,20984,East Pasadena CDP
06,CA,21012,East Porterville CDP
06,CA,21026,East Quincy CDP
06,CA,21034,East Rancho Dominguez CDP
06,CA,21061,East Richmond Heights CDP
06,CA,21096,East San Gabriel CDP
06,CA,21138,East Shore CDP
06,CA,21188,East Sonora CDP
06,CA,21210,East Tulare Villa CDP
06,CA,21230,Eastvale city
06,CA,21292,East Whittier CDP
06,CA,21530,Edgewood CDP
06,CA,21544,Edison CDP
06,CA,21558,Edmundson Acres CDP
06,CA,21565,Edna CDP
06,CA,21600,Edwards AFB CDP
06,CA,21691,El Adobe CDP
06,CA,21712,El Cajon city
06,CA,21782,El Centro city
06,CA,21788,El Centro Naval Air Facility CDP
06,CA,21796,El Cerrito city
06,CA,21810,El Cerrito CDP
06,CA,21880,El Dorado Hills CDP
06,CA,21894,Eldridge CDP
06,CA,21916,Elfin Forest CDP
06,CA,21936,El Granada CDP
06,CA,21964,Elizabeth Lake CDP
06,CA,22006,Elk Creek CDP
06,CA,22020,Elk Grove city
06,CA,22034,Elkhorn CDP
06,CA,22104,El Macero CDP
06,CA,22146,Elmira CDP
06,CA,22230,El Monte city
06,CA,22235,El Monte Mobile Village CDP
06,CA,22286,El Nido CDP
06,CA,22300,El Paso de Robles (Paso Robles) city
06,CA,22328,El Portal CDP
06,CA,22360,El Rancho CDP
06,CA,22370,El Rio CDP
06,CA,22412,El Segundo city
06,CA,22454,El Sobrante CDP (Contra Costa County)
06,CA,22457,El Sobrante CDP (Riverside County)
06,CA,22510,El Verano CDP
06,CA,22524,Elverta CDP
06,CA,22587,Emerald Lake Hills CDP
06,CA,22594,Emeryville city
06,CA,22622,Empire CDP
06,CA,22678,Encinitas city
06,CA,22790,Escalon city
06,CA,22804,Escondido city
06,CA,22846,Esparto CDP
06,CA,22972,Etna city
06,CA,23000,Eucalyptus Hills CDP
06,CA,23042,Eureka city
06,CA,23126,Exeter city
06,CA,23150,Fairbanks Ranch CDP
06,CA,23158,Fairfax CDP
06,CA,23168,Fairfax town
06,CA,23182,Fairfield city
06,CA,23196,Fairhaven CDP
06,CA,23210,Fairmead CDP
06,CA,23294,Fair Oaks CDP
06,CA,23350,Fairview CDP
06,CA,23462,Fallbrook CDP
06,CA,23532,Fall River Mills CDP
06,CA,23616,Farmersville city
06,CA,23630,Farmington CDP
06,CA,23812,Fellows CDP
06,CA,23826,Felton CDP
06,CA,23910,Ferndale city
06,CA,23973,Fetters Hot Springs-Agua Caliente CDP
06,CA,23980,Fiddletown CDP
06,CA,24008,Fieldbrook CDP
06,CA,24022,Fields Landing CDP
06,CA,24092,Fillmore city
06,CA,24134,Firebaugh city
06,CA,24218,Fish Camp CDP
06,CA,24477,Florence-Graham CDP
06,CA,24498,Florin CDP
06,CA,24526,Floriston CDP
06,CA,24568,Flournoy CDP
06,CA,24638,Folsom city
06,CA,24680,Fontana city
06,CA,24722,Foothill Farms CDP
06,CA,24750,Forbestown CDP
06,CA,24764,Ford City CDP
06,CA,24792,Foresta CDP
06,CA,24834,Foresthill CDP
06,CA,24897,Forest Meadows CDP
06,CA,24918,Forest Ranch CDP
06,CA,24960,Forestville CDP
06,CA,25030,Fort Bidwell CDP
06,CA,25058,Fort Bragg city
06,CA,25086,Fort Dick CDP
06,CA,25093,Fort Hunter Liggett CDP
06,CA,25114,Fort Irwin CDP
06,CA,25128,Fort Jones city
06,CA,25296,Fortuna city
06,CA,25300,Fort Washington CDP
06,CA,25338,Foster City city
06,CA,25380,Fountain Valley city
06,CA,25436,Fowler city
06,CA,25488,Franklin CDP (Merced County)
06,CA,25506,Franklin CDP (Sacramento County)
06,CA,25534,Frazier Park CDP
06,CA,25576,Freedom CDP
06,CA,25590,Freeport CDP
06,CA,26000,Fremont city
06,CA,26028,French Camp CDP
06,CA,26056,French Gulch CDP
06,CA,26067,French Valley CDP
06,CA,27000,Fresno city
06,CA,27014,Friant CDP
06,CA,27080,Fruitdale CDP
06,CA,27130,Fruitridge Pocket CDP
06,CA,27190,Fuller Acres CDP
06,CA,28000,Fullerton city
06,CA,28014,Fulton CDP
06,CA,28021,Furnace Creek CDP
06,CA,28112,Galt city
06,CA,28154,Garberville CDP
06,CA,28168,Gardena city
06,CA,28182,Garden Acres CDP
06,CA,28210,Garden Farms CDP
06,CA,29000,Garden Grove city
06,CA,29070,Garey CDP
06,CA,29112,Garnet CDP
06,CA,29154,Gasquet CDP
06,CA,29252,Gazelle CDP
06,CA,29350,Georgetown CDP
06,CA,29392,Gerber CDP
06,CA,29420,Geyserville CDP
06,CA,29504,Gilroy city
06,CA,29714,Glencoe CDP
06,CA,30000,Glendale city
06,CA,30014,Glendora city
06,CA,30028,Glen Ellen CDP
06,CA,30126,Glennville CDP
06,CA,30282,Golden Hills CDP
06,CA,30339,Gold Mountain CDP
06,CA,30345,Gold River CDP
06,CA,30378,Goleta city
06,CA,30392,Gonzales city
06,CA,30410,Good Hope CDP
06,CA,30412,Goodmanville CDP
06,CA,30420,Goodyears Bar CDP
06,CA,30476,Goshen CDP
06,CA,30560,Graeagle CDP
06,CA,30658,Grand Terrace city
06,CA,30686,Grangeville CDP
06,CA,30693,Granite Bay CDP
06,CA,30703,Granite Hills CDP
06,CA,30714,Graniteville CDP
06,CA,30798,Grass Valley city
06,CA,30812,Graton CDP
06,CA,30882,Grayson CDP
06,CA,30900,Greeley Hill CDP
06,CA,30938,Greenacres CDP
06,CA,30944,Green Acres CDP
06,CA,30987,Greenfield CDP
06,CA,30994,Greenfield city
06,CA,31029,Greenhorn CDP
06,CA,31092,Green Valley CDP (Los Angeles County)
06,CA,31099,Green Valley CDP (Solano County)
06,CA,31134,Greenview CDP
06,CA,31162,Greenville CDP
06,CA,31246,Grenada CDP
06,CA,31260,Gridley city
06,CA,31288,Grimes CDP
06,CA,31302,Grizzly Flats CDP
06,CA,31372,Groveland CDP
06,CA,31393,Grover Beach city
06,CA,31414,Guadalupe city
06,CA,31470,Guerneville CDP
06,CA,31540,Guinda CDP
06,CA,31568,Gustine city
06,CA,31596,Hacienda Heights CDP
06,CA,31708,Half Moon Bay city
06,CA,31883,Hamilton Branch CDP
06,CA,31890,Hamilton City CDP
06,CA,31960,Hanford city
06,CA,32030,Happy Camp CDP
06,CA,32036,Happy Valley CDP
06,CA,32044,Harbison Canyon CDP
06,CA,32156,Hardwick CDP
06,CA,32212,Harmony Grove CDP
06,CA,32324,Hartland CDP
06,CA,32340,Hartley CDP
06,CA,32385,Hasley Canyon CDP
06,CA,32408,Hat Creek CDP
06,CA,32436,Hathaway Pines CDP
06,CA,32506,Hawaiian Gardens city
06,CA,32548,Hawthorne city
06,CA,32562,Hayfork CDP
06,CA,33000,Hayward city
06,CA,33056,Healdsburg city
06,CA,33084,Heber CDP
06,CA,33182,Hemet city
06,CA,33294,Herald CDP
06,CA,33308,Hercules city
06,CA,33336,Herlong CDP
06,CA,33364,Hermosa Beach city
06,CA,33434,Hesperia city
06,CA,33504,Hickman CDP
06,CA,33518,Hidden Hills city
06,CA,33532,Hidden Meadows CDP
06,CA,33549,Hidden Valley Lake CDP
06,CA,33574,Highgrove CDP
06,CA,33588,Highland city
06,CA,33632,Highlands CDP
06,CA,33689,Hillcrest CDP
06,CA,33798,Hillsborough town
06,CA,33861,Hilmar-Irwin CDP
06,CA,33935,Hiouchi CDP
06,CA,34120,Hollister city
06,CA,34246,Holtville city
06,CA,34281,Home Garden CDP
06,CA,34302,Home Gardens CDP
06,CA,34316,Homeland CDP
06,CA,34392,Homestead Valley CDP
06,CA,34405,Homewood Canyon CDP
06,CA,34428,Honcut CDP
06,CA,34484,Hood CDP
06,CA,34540,Hoopa CDP
06,CA,34652,Hopland CDP
06,CA,34694,Hornbrook CDP
06,CA,34708,Hornitos CDP
06,CA,34904,Hughson city
06,CA,34928,Humboldt Hill CDP
06,CA,36000,Huntington Beach city
06,CA,36056,Huntington Park city
06,CA,36084,Huron city
06,CA,36098,Hyampom CDP
06,CA,36126,Hydesville CDP
06,CA,36135,Hypericum CDP
06,CA,36168,Idlewild CDP
06,CA,36203,Idyllwild-Pine Cove CDP
06,CA,36252,Igo CDP
06,CA,36280,Imperial city
06,CA,36294,Imperial Beach city
06,CA,36350,Independence CDP
06,CA,36364,Indian Falls CDP
06,CA,36420,Indianola CDP
06,CA,36434,Indian Wells city
06,CA,36448,Indio city
06,CA,36452,Indio Hills CDP
06,CA,36490,Industry city
06,CA,36546,Inglewood city
06,CA,36613,Interlaken CDP
06,CA,36616,Inverness CDP
06,CA,36658,Inyokern CDP
06,CA,36672,Ione city
06,CA,36735,Iron Horse CDP
06,CA,36770,Irvine city
06,CA,36826,Irwindale city
06,CA,36868,Isla Vista CDP
06,CA,36882,Isleton city
06,CA,36910,Ivanhoe CDP
06,CA,36980,Jackson city
06,CA,37022,Jacumba CDP
06,CA,37106,Jamestown CDP
06,CA,37120,Jamul CDP
06,CA,37134,Janesville CDP
06,CA,37274,Jenner CDP
06,CA,37400,Johannesburg CDP
06,CA,37442,Johnson Park CDP
06,CA,37484,Johnstonville CDP
06,CA,37512,Johnsville CDP
06,CA,37533,Jones Valley CDP
06,CA,37554,Joshua Tree CDP
06,CA,37568,Jovista CDP
06,CA,37582,Julian CDP
06,CA,37596,Junction City CDP
06,CA,37624,June Lake CDP
06,CA,37692,Jurupa Valley city
06,CA,37904,Keddie CDP
06,CA,37918,Keeler CDP
06,CA,37946,Keene CDP
06,CA,38024,Kelly Ridge CDP
06,CA,38044,Kelseyville CDP
06,CA,38065,Kennedy CDP
06,CA,38076,Kennedy Meadows CDP
06,CA,38086,Kensington CDP
06,CA,38114,Kentfield CDP
06,CA,38156,Kenwood CDP
06,CA,38177,Kep'el CDP
06,CA,38226,Kerman city
06,CA,38310,Kernville CDP
06,CA,38352,Keswick CDP
06,CA,38394,Kettleman City CDP
06,CA,38422,Keyes CDP
06,CA,38520,King City city
06,CA,38548,Kings Beach CDP
06,CA,38562,Kingsburg city
06,CA,38604,Kingvale CDP
06,CA,38646,Kirkwood CDP
06,CA,38702,Klamath CDP
06,CA,38772,Knightsen CDP
06,CA,38786,Knights Ferry CDP
06,CA,38800,Knights Landing CDP
06,CA,39003,La Cañada Flintridge city
06,CA,39045,La Crescenta-Montrose CDP
06,CA,39052,La Cresta CDP
06,CA,39094,Ladera CDP
06,CA,39108,Ladera Heights CDP
06,CA,39114,Ladera Ranch CDP
06,CA,39122,Lafayette city
06,CA,39164,La Grange CDP
06,CA,39178,Laguna Beach city
06,CA,39220,Laguna Hills city
06,CA,39248,Laguna Niguel city
06,CA,39259,Laguna Woods city
06,CA,39283,Lagunitas-Forest Knolls CDP
06,CA,39290,La Habra city
06,CA,39304,La Habra Heights city
06,CA,39318,La Honda CDP
06,CA,39411,Lake Almanor Country Club CDP
06,CA,39420,Lake Almanor Peninsula CDP
06,CA,39425,Lake Almanor West CDP
06,CA,39444,Lake Arrowhead CDP
06,CA,39460,Lake California CDP
06,CA,39472,Lake City CDP
06,CA,39483,Lake Davis CDP
06,CA,39484,Lake Don Pedro CDP
06,CA,39486,Lake Elsinore city
06,CA,39496,Lake Forest city
06,CA,39514,Lakehead CDP
06,CA,39556,Lake Hughes CDP
06,CA,39570,Lake Isabella CDP
06,CA,39598,Lakeland Village CDP
06,CA,39612,Lake Los Angeles CDP
06,CA,39645,Lake Mathews CDP
06,CA,39670,Lake Nacimiento CDP
06,CA,39690,Lake of the Pines CDP
06,CA,39696,Lake of the Woods CDP
06,CA,39710,Lakeport city
06,CA,39715,Lake Riverside CDP
06,CA,39724,Lake San Marcos CDP
06,CA,39728,Lake Shastina CDP
06,CA,39735,Lake Sherwood CDP
06,CA,39759,Lakeside CDP (Kern County)
06,CA,39766,Lakeside CDP (San Diego County)
06,CA,39836,Lakeview CDP
06,CA,39885,Lake Wildwood CDP
06,CA,39892,Lakewood city
06,CA,40004,La Mesa city
06,CA,40032,La Mirada city
06,CA,40088,Lamont CDP
06,CA,40116,Lanare CDP
06,CA,40130,Lancaster city
06,CA,40256,La Palma city
06,CA,40312,La Porte CDP
06,CA,40326,La Presa CDP
06,CA,40340,La Puente city
06,CA,40354,La Quinta city
06,CA,40410,La Riviera CDP
06,CA,40426,Larkfield-Wikiup CDP
06,CA,40438,Larkspur city
06,CA,40508,La Selva Beach CDP
06,CA,40526,Las Flores CDP (Orange County)
06,CA,40536,Las Flores CDP (Tehama County)
06,CA,40592,Las Lomas CDP
06,CA,40704,Lathrop city
06,CA,40746,Laton CDP
06,CA,40830,La Verne city
06,CA,40872,La Vina CDP
06,CA,40886,Lawndale city
06,CA,40928,Laytonville CDP
06,CA,40956,Lebec CDP
06,CA,40998,Lee Vining CDP
06,CA,41026,Leggett CDP
06,CA,41040,Le Grand CDP
06,CA,41110,Lemon Cove CDP
06,CA,41124,Lemon Grove city
06,CA,41142,Lemon Hill CDP
06,CA,41152,Lemoore city
06,CA,41166,Lemoore Station CDP
06,CA,41180,Lennox CDP
06,CA,41194,Lenwood CDP
06,CA,41208,Leona Valley CDP
06,CA,41278,Lewiston CDP
06,CA,41282,Lexington Hills CDP
06,CA,41390,Likely CDP
06,CA,41474,Lincoln city
06,CA,41558,Lincoln Village CDP
06,CA,41572,Linda CDP
06,CA,41656,Lindcove CDP
06,CA,41670,Linden CDP
06,CA,41712,Lindsay city
06,CA,41740,Linnell Camp CDP
06,CA,41782,Litchfield CDP
06,CA,41789,Little Grass Valley CDP
06,CA,41866,Little River CDP
06,CA,41880,Littlerock CDP
06,CA,41908,Little Valley CDP
06,CA,41922,Live Oak CDP
06,CA,41936,Live Oak city
06,CA,41992,Livermore city
06,CA,42006,Livingston city
06,CA,42104,Lockeford CDP
06,CA,42142,Lockwood CDP (Amador County)
06,CA,42146,Lockwood CDP (Monterey County)
06,CA,42202,Lodi city
06,CA,42230,Lodoga CDP
06,CA,42328,Loleta CDP
06,CA,42370,Loma Linda city
06,CA,42384,Loma Mar CDP
06,CA,42412,Loma Rica CDP
06,CA,42468,Lomita city
06,CA,42510,Lompico CDP
06,CA,42524,Lompoc city
06,CA,42566,London CDP
06,CA,42580,Lone Pine CDP
06,CA,42622,Long Barn CDP
06,CA,43000,Long Beach city
06,CA,43126,Lookout CDP
06,CA,43140,Loomis town
06,CA,43224,Los Alamitos city
06,CA,43252,Los Alamos CDP
06,CA,43280,Los Altos city
06,CA,43294,Los Altos Hills town
06,CA,44000,Los Angeles city
06,CA,44028,Los Banos city
06,CA,44042,Los Berros CDP
06,CA,44112,Los Gatos town
06,CA,44140,Los Molinos CDP
06,CA,44168,Los Olivos CDP
06,CA,44182,Los Osos CDP
06,CA,44242,Los Ranchos CDP
06,CA,44280,Lost Hills CDP
06,CA,44350,Lower Lake CDP
06,CA,44364,Loyalton city
06,CA,44378,Loyola CDP
06,CA,44399,Lucas Valley-Marinwood CDP
06,CA,44406,Lucerne CDP
06,CA,44420,Lucerne Valley CDP
06,CA,44574,Lynwood city
06,CA,44644,Lytle Creek CDP
06,CA,44672,Mabie CDP
06,CA,44700,McArthur CDP
06,CA,44760,McClellan Park CDP
06,CA,44770,McClenney Tract CDP
06,CA,44784,McCloud CDP
06,CA,44812,Macdoel CDP
06,CA,44826,McFarland city
06,CA,44830,McGee Creek CDP
06,CA,44910,McKinleyville CDP
06,CA,44924,McKittrick CDP
06,CA,45006,McSwain CDP
06,CA,45008,Madeline CDP
06,CA,45022,Madera city
06,CA,45050,Madera Acres CDP
06,CA,45054,Madera Ranchos CDP
06,CA,45064,Madison CDP
06,CA,45092,Mad River CDP
06,CA,45120,Magalia CDP
06,CA,45232,Malaga CDP
06,CA,45246,Malibu city
06,CA,45358,Mammoth Lakes town
06,CA,45386,Manchester CDP
06,CA,45400,Manhattan Beach city
06,CA,45414,Manila CDP
06,CA,45484,Manteca city
06,CA,45512,Manton CDP
06,CA,45680,March ARB CDP
06,CA,45736,Maricopa city
06,CA,45778,Marina city
06,CA,45806,Marina del Rey CDP
06,CA,45820,Marin City CDP
06,CA,45932,Mariposa CDP
06,CA,45988,Markleeville CDP
06,CA,46100,Martell CDP
06,CA,46114,Martinez city
06,CA,46170,Marysville city
06,CA,46223,Matheny CDP
06,CA,46226,Mather CDP
06,CA,46338,Maxwell CDP
06,CA,46400,Mayfair CDP
06,CA,46436,Mayflower Village CDP
06,CA,46492,Maywood city
06,CA,46520,Meadowbrook CDP
06,CA,46618,Meadow Valley CDP
06,CA,46632,Meadow Vista CDP
06,CA,46646,Mead Valley CDP
06,CA,46660,Mecca CDP
06,CA,46702,Meiners Oaks CDP
06,CA,46814,Mendocino CDP
06,CA,46828,Mendota city
06,CA,46842,Menifee city
06,CA,46870,Menlo Park city
06,CA,46884,Mentone CDP
06,CA,46898,Merced city
06,CA,46926,Meridian CDP
06,CA,47013,Mesa CDP
06,CA,47066,Mesa Verde CDP
06,CA,47086,Mesa Vista CDP
06,CA,47164,Mettler CDP
06,CA,47192,Mexican Colony CDP
06,CA,47206,Meyers CDP
06,CA,47332,Middletown CDP
06,CA,47374,Midpines CDP
06,CA,47430,Midway City CDP
06,CA,47472,Milford CDP
06,CA,47486,Millbrae city
06,CA,47592,Millerton CDP
06,CA,47710,Mill Valley city
06,CA,47724,Millville CDP
06,CA,47766,Milpitas city
06,CA,47794,Mineral CDP
06,CA,47822,Minkler CDP
06,CA,48046,Mira Monte CDP
06,CA,48060,Miranda CDP
06,CA,48147,Mission Canyon CDP
06,CA,48186,Mission Hills CDP
06,CA,48256,Mission Viejo city
06,CA,48298,Mi-Wuk Village CDP
06,CA,48354,Modesto city
06,CA,48410,Modjeska CDP
06,CA,48448,Mohawk Vista CDP
06,CA,48452,Mojave CDP
06,CA,48480,Mokelumne Hill CDP
06,CA,48592,Monmouth CDP
06,CA,48602,Mono City CDP
06,CA,48641,Mono Vista CDP
06,CA,48648,Monrovia city
06,CA,48676,Monson CDP
06,CA,48690,Montague city
06,CA,48718,Montalvin Manor CDP
06,CA,48760,Montara CDP
06,CA,48788,Montclair city
06,CA,48816,Montebello city
06,CA,48844,Montecito CDP
06,CA,48872,Monterey city
06,CA,48914,Monterey Park city
06,CA,48916,Monterey Park Tract CDP
06,CA,48928,Monte Rio CDP
06,CA,48956,Monte Sereno city
06,CA,48998,Montgomery Creek CDP
06,CA,49045,Monument Hills CDP
06,CA,49138,Moorpark city
06,CA,49180,Morada CDP
06,CA,49187,Moraga town
06,CA,49270,Moreno Valley city
06,CA,49278,Morgan Hill city
06,CA,49348,Morongo Valley CDP
06,CA,49362,Morro Bay city
06,CA,49432,Moskowite Corner CDP
06,CA,49446,Moss Beach CDP
06,CA,49488,Moss Landing CDP
06,CA,49544,Mountain Center CDP
06,CA,49558,Mountain Gate CDP
06,CA,49582,Mountain House CDP
06,CA,49592,Mountain Meadows CDP
06,CA,49600,Mountain Mesa CDP
06,CA,49628,Mountain Ranch CDP
06,CA,49651,Mountain View CDP
06,CA,49670,Mountain View city
06,CA,49684,Mountain View Acres CDP
06,CA,49726,Mt. Bullion CDP
06,CA,49768,Mount Hebron CDP
06,CA,49796,Mount Hermon CDP
06,CA,49810,Mount Laguna CDP
06,CA,49852,Mount Shasta city
06,CA,49950,Muir Beach CDP
06,CA,50034,Murphys CDP
06,CA,50076,Murrieta city
06,CA,50132,Muscoy CDP
06,CA,50146,Myers Flat CDP
06,CA,50188,Myrtletown CDP
06,CA,50258,Napa city
06,CA,50398,National City city
06,CA,50734,Needles city
06,CA,50874,Nevada City city
06,CA,50916,Newark city
06,CA,51000,Newcastle CDP
06,CA,51028,New Cuyama CDP
06,CA,51042,Newell CDP
06,CA,51140,Newman city
06,CA,51168,New Pine Creek CDP
06,CA,51182,Newport Beach city
06,CA,51280,Nicasio CDP
06,CA,51294,Nice CDP
06,CA,51336,Nicolaus CDP
06,CA,51392,Niland CDP
06,CA,51470,Nipinnawasee CDP
06,CA,51476,Nipomo CDP
06,CA,51560,Norco city
06,CA,51574,Nord CDP
06,CA,51622,Norris Canyon CDP
06,CA,51637,North Auburn CDP
06,CA,51812,North Edwards CDP
06,CA,51820,North El Monte CDP
06,CA,51840,North Fair Oaks CDP
06,CA,51868,North Fork CDP
06,CA,51890,North Gate CDP
06,CA,51924,North Highlands CDP
06,CA,51990,North Lakeport CDP
06,CA,52162,North Richmond CDP
06,CA,52246,North San Juan CDP
06,CA,52302,North Shore CDP
06,CA,52379,North Tustin CDP
06,CA,52526,Norwalk city
06,CA,52582,Novato city
06,CA,52610,Nubieber CDP
06,CA,52624,Nuevo CDP
06,CA,52694,Oakdale city
06,CA,52715,Oak Glen CDP
06,CA,52760,Oak Hills CDP
06,CA,52764,Oakhurst CDP
06,CA,53000,Oakland city
06,CA,53070,Oakley city
06,CA,53116,Oak Park CDP
06,CA,53140,Oak Run CDP
06,CA,53160,Oak Shores CDP
06,CA,53182,Oak View CDP
06,CA,53196,Oakville CDP
06,CA,53224,Oasis CDP
06,CA,53266,Occidental CDP
06,CA,53294,Oceano CDP
06,CA,53322,Oceanside city
06,CA,53378,Ocotillo CDP
06,CA,53448,Oildale CDP
06,CA,53476,Ojai city
06,CA,53490,Olancha CDP
06,CA,53503,Olde Stockdale CDP
06,CA,53505,Old Fig Garden CDP
06,CA,53574,Old River CDP
06,CA,53602,Old Station CDP
06,CA,53603,Old Stine CDP
06,CA,53714,Olivehurst CDP
06,CA,53882,Ono CDP
06,CA,53896,Ontario city
06,CA,53910,Onyx CDP
06,CA,53980,Orange city
06,CA,53987,Orange Blossom CDP
06,CA,54008,Orange Cove city
06,CA,54092,Orangevale CDP
06,CA,54120,Orcutt CDP
06,CA,54218,Orick CDP
06,CA,54232,Orinda city
06,CA,54274,Orland city
06,CA,54372,Orosi CDP
06,CA,54386,Oroville city
06,CA,54388,Oroville East CDP
06,CA,54652,Oxnard city
06,CA,54764,Pacheco CDP
06,CA,54806,Pacifica city
06,CA,54848,Pacific Grove city
06,CA,55044,Pajaro CDP
06,CA,55048,Pajaro Dunes CDP
06,CA,55058,Pala CDP
06,CA,55086,Palermo CDP
06,CA,55156,Palmdale city
06,CA,55184,Palm Desert city
06,CA,55254,Palm Springs city
06,CA,55282,Palo Alto city
06,CA,55296,Palo Cedro CDP
06,CA,55310,Paloma CDP
06,CA,55380,Palos Verdes Estates city
06,CA,55422,Palo Verde CDP
06,CA,55506,Panorama Heights CDP
06,CA,55520,Paradise town
06,CA,55528,Paradise CDP
06,CA,55604,Paradise Park CDP
06,CA,55618,Paramount city
06,CA,55728,Parklawn CDP
06,CA,55751,Parksdale CDP
06,CA,55800,Parkway CDP
06,CA,55842,Parkwood CDP
06,CA,55856,Parlier city
06,CA,56000,Pasadena city
06,CA,56028,Pasatiempo CDP
06,CA,56042,Paskenta CDP
06,CA,56112,Patterson city
06,CA,56120,Patterson Tract CDP
06,CA,56140,Patton Village CDP
06,CA,56182,Paxton CDP
06,CA,56196,Paynes Creek CDP
06,CA,56294,Pearsonville CDP
06,CA,56476,Penngrove CDP
06,CA,56518,Penn Valley CDP
06,CA,56546,Penryn CDP
06,CA,56598,Pepperdine University CDP
06,CA,56700,Perris city
06,CA,56756,Pescadero CDP
06,CA,56784,Petaluma city
06,CA,56786,Petaluma Center CDP
06,CA,56798,Peters CDP
06,CA,56826,Phelan CDP
06,CA,56854,Phillipsville CDP
06,CA,56868,Philo CDP
06,CA,56870,Phoenix Lake CDP
06,CA,56924,Pico Rivera city
06,CA,56938,Piedmont city
06,CA,57011,Pierpoint CDP
06,CA,57036,Pike CDP
06,CA,57070,Pine Canyon CDP
06,CA,57134,Pine Flat CDP
06,CA,57148,Pine Grove CDP
06,CA,57204,Pine Hills CDP
06,CA,57240,Pine Mountain Club CDP
06,CA,57244,Pine Mountain Lake CDP
06,CA,57260,Pine Valley CDP
06,CA,57288,Pinole city
06,CA,57302,Piñon Hills CDP
06,CA,57330,Pioneer CDP
06,CA,57372,Piru CDP
06,CA,57414,Pismo Beach city
06,CA,57456,Pittsburg city
06,CA,57512,Pixley CDP
06,CA,57526,Placentia city
06,CA,57540,Placerville city
06,CA,57568,Plainview CDP
06,CA,57582,Planada CDP
06,CA,57666,Platina CDP
06,CA,57764,Pleasant Hill city
06,CA,57792,Pleasanton city
06,CA,57825,Pleasure Point CDP
06,CA,57828,Plumas Eureka CDP
06,CA,57829,Plumas Lake CDP
06,CA,57834,Plymouth city
06,CA,57876,Point Arena city
06,CA,57960,Point Reyes Station CDP
06,CA,58030,Pollock Pines CDP
06,CA,58072,Pomona city
06,CA,58134,Ponderosa CDP
06,CA,58191,Poplar-Cotton Center CDP
06,CA,58226,Port Costa CDP
06,CA,58240,Porterville city
06,CA,58296,Port Hueneme city
06,CA,58352,Portola city
06,CA,58380,Portola Valley town
06,CA,58422,Posey CDP
06,CA,58436,Poso Park CDP
06,CA,58456,Post Mountain CDP
06,CA,58471,Potomac Park CDP
06,CA,58478,Potrero CDP
06,CA,58506,Potter Valley CDP
06,CA,58520,Poway city
06,CA,58618,Prattville CDP
06,CA,58758,Princeton CDP
06,CA,58814,Proberta CDP
06,CA,58870,Prunedale CDP
06,CA,58940,Pumpkin Center CDP
06,CA,59052,Quartz Hill CDP
06,CA,59080,Quincy CDP
06,CA,59115,Rackerby CDP
06,CA,59220,Rail Road Flat CDP
06,CA,59248,Rainbow CDP
06,CA,59290,Raisin City CDP
06,CA,59346,Ramona CDP
06,CA,59426,Rancho Calaveras CDP
06,CA,59444,Rancho Cordova city
06,CA,59451,Rancho Cucamonga city
06,CA,59500,Rancho Mirage city
06,CA,59503,Rancho Mission Viejo CDP
06,CA,59506,Rancho Murieta CDP
06,CA,59514,Rancho Palos Verdes city
06,CA,59550,Rancho San Diego CDP
06,CA,59584,Rancho Santa Fe CDP
06,CA,59587,Rancho Santa Margarita city
06,CA,59604,Rancho Tehama Reserve CDP
06,CA,59668,Randsburg CDP
06,CA,59892,Red Bluff city
06,CA,59896,Red Corral CDP
06,CA,59906,Redcrest CDP
06,CA,59920,Redding city
06,CA,59962,Redlands city
06,CA,60018,Redondo Beach city
06,CA,60088,Redway CDP
06,CA,60102,Redwood City city
06,CA,60214,Redwood Valley CDP
06,CA,60242,Reedley city
06,CA,60279,Reliez Valley CDP
06,CA,60370,Rexland Acres CDP
06,CA,60466,Rialto city
06,CA,60592,Richfield CDP
06,CA,60606,Richgrove CDP
06,CA,60620,Richmond city
06,CA,60662,Richvale CDP
06,CA,60704,Ridgecrest city
06,CA,60705,Ridgecrest Heights CDP
06,CA,60706,Ridgemark CDP
06,CA,60900,Rio Dell city
06,CA,60928,Rio del Mar CDP
06,CA,60942,Rio Linda CDP
06,CA,60970,Rio Oso CDP
06,CA,60984,Rio Vista city
06,CA,61012,Ripley CDP
06,CA,61026,Ripon city
06,CA,61068,Riverbank city
06,CA,61096,Riverdale CDP
06,CA,61106,Riverdale Park CDP
06,CA,61108,Rivergrove CDP
06,CA,61124,River Pines CDP
06,CA,62000,Riverside city
06,CA,62168,Robbins CDP
06,CA,62200,Robinson Mill CDP
06,CA,62364,Rocklin city
06,CA,62490,Rodeo CDP
06,CA,62496,Rodriguez Camp CDP
06,CA,62546,Rohnert Park city
06,CA,62602,Rolling Hills city
06,CA,62625,Rolling Hills CDP
06,CA,62644,Rolling Hills Estates city
06,CA,62700,Rollingwood CDP
06,CA,62756,Romoland CDP
06,CA,62826,Rosamond CDP
06,CA,62854,Rosedale CDP
06,CA,62860,Rose Hills CDP
06,CA,62896,Rosemead city
06,CA,62910,Rosemont CDP
06,CA,62938,Roseville city
06,CA,62980,Ross town
06,CA,63050,Rossmoor CDP
06,CA,63106,Rough and Ready CDP
06,CA,63134,Round Mountain CDP
06,CA,63148,Round Valley CDP
06,CA,63168,Rouse CDP
06,CA,63218,Rowland Heights CDP
06,CA,63302,Rumsey CDP
06,CA,63316,Running Springs CDP
06,CA,63386,Ruth CDP
06,CA,63400,Rutherford CDP
06,CA,64000,Sacramento city
06,CA,64056,Sage CDP
06,CA,64140,St. Helena city
06,CA,64210,Salida CDP
06,CA,64224,Salinas city
06,CA,64252,Salmon Creek CDP
06,CA,64294,Salton City CDP
06,CA,64308,Salton Sea Beach CDP
06,CA,64378,Salyer CDP
06,CA,64392,Samoa CDP
06,CA,64420,San Andreas CDP
06,CA,64434,San Anselmo town
06,CA,64462,San Antonio Heights CDP
06,CA,64476,San Ardo CDP
06,CA,65000,San Bernardino city
06,CA,65028,San Bruno city
06,CA,65042,San Buenaventura (Ventura) city
06,CA,65070,San Carlos city
06,CA,65084,San Clemente city
06,CA,65112,Sand City city
06,CA,66000,San Diego city
06,CA,66004,San Diego Country Estates CDP
06,CA,66070,San Dimas city
06,CA,66140,San Fernando city
06,CA,67000,San Francisco city
06,CA,67042,San Gabriel city
06,CA,67056,Sanger city
06,CA,67070,San Geronimo CDP
06,CA,67112,San Jacinto city
06,CA,67126,San Joaquin city
06,CA,68000,San Jose city
06,CA,68014,San Juan Bautista city
06,CA,68028,San Juan Capistrano city
06,CA,68084,San Leandro city
06,CA,68112,San Lorenzo CDP
06,CA,68140,San Lucas CDP
06,CA,68154,San Luis Obispo city
06,CA,68196,San Marcos city
06,CA,68224,San Marino city
06,CA,68238,San Martin CDP
06,CA,68252,San Mateo city
06,CA,68263,San Miguel CDP (Contra Costa County)
06,CA,68266,San Miguel CDP (San Luis Obispo County)
06,CA,68294,San Pablo city
06,CA,68308,San Pasqual CDP
06,CA,68364,San Rafael city
06,CA,68378,San Ramon city
06,CA,68434,San Simeon CDP
06,CA,69000,Santa Ana city
06,CA,69070,Santa Barbara city
06,CA,69084,Santa Clara city
06,CA,69088,Santa Clarita city
06,CA,69112,Santa Cruz city
06,CA,69154,Santa Fe Springs city
06,CA,69182,Santa Margarita CDP
06,CA,69196,Santa Maria city
06,CA,70000,Santa Monica city
06,CA,70028,Santa Nella CDP
06,CA,70042,Santa Paula city
06,CA,70098,Santa Rosa city
06,CA,70130,Santa Rosa Valley CDP
06,CA,70140,Santa Susana CDP
06,CA,70154,Santa Venetia CDP
06,CA,70182,Santa Ynez CDP
06,CA,70224,Santee city
06,CA,70266,Saranap CDP
06,CA,70280,Saratoga city
06,CA,70322,Saticoy CDP
06,CA,70336,Sattley CDP
06,CA,70364,Sausalito city
06,CA,70518,Scotia CDP
06,CA,70588,Scotts Valley city
06,CA,70644,Seacliff CDP
06,CA,70686,Seal Beach city
06,CA,70712,Sea Ranch CDP
06,CA,70728,Searles Valley CDP
06,CA,70742,Seaside city
06,CA,70770,Sebastopol city
06,CA,70798,Seeley CDP
06,CA,70882,Selma city
06,CA,70966,Sequoia Crest CDP
06,CA,71000,Sereno del Mar CDP
06,CA,71078,Seville CDP
06,CA,71106,Shafter city
06,CA,71134,Shandon CDP
06,CA,71218,Shasta CDP
06,CA,71225,Shasta Lake city
06,CA,71246,Shaver Lake CDP
06,CA,71302,Sheep Ranch CDP
06,CA,71362,Shell Ridge CDP
06,CA,71372,Shelter Cove CDP
06,CA,71414,Sheridan CDP
06,CA,71554,Shingle Springs CDP
06,CA,71568,Shingletown CDP
06,CA,71680,Shoshone CDP
06,CA,71774,Sierra Brooks CDP
06,CA,71778,Sierra City CDP
06,CA,71806,Sierra Madre city
06,CA,71834,Sierra Village CDP
06,CA,71848,Sierraville CDP
06,CA,71876,Signal Hill city
06,CA,71918,Silverado CDP
06,CA,71927,Silverado Resort CDP
06,CA,71932,Silver City CDP
06,CA,71964,Silver Lakes CDP
06,CA,72016,Simi Valley city
06,CA,72086,Sisquoc CDP
06,CA,72156,Sky Valley CDP
06,CA,72184,Sleepy Hollow CDP
06,CA,72282,Smartsville CDP
06,CA,72338,Smith Corner CDP
06,CA,72380,Smith River CDP
06,CA,72408,Snelling CDP
06,CA,72478,Soda Bay CDP
06,CA,72492,Soda Springs CDP
06,CA,72506,Solana Beach city
06,CA,72520,Soledad city
06,CA,72576,Solvang city
06,CA,72632,Somis CDP
06,CA,72646,Sonoma city
06,CA,72654,Sonoma State University CDP
06,CA,72674,Sonora city
06,CA,72688,Soquel CDP
06,CA,72772,Soulsbyville CDP
06,CA,72954,South Dos Palos CDP
06,CA,72996,South El Monte city
06,CA,73080,South Gate city
06,CA,73108,South Lake Tahoe city
06,CA,73167,South Monrovia Island CDP
06,CA,73178,South Oroville CDP
06,CA,73220,South Pasadena city
06,CA,73262,South San Francisco city
06,CA,73276,South San Gabriel CDP
06,CA,73290,South San Jose Hills CDP
06,CA,73388,South Taft CDP
06,CA,73430,South Whittier CDP
06,CA,73554,Spaulding CDP
06,CA,73612,Spreckels CDP
06,CA,73654,Spring Garden CDP
06,CA,73690,Spring Valley CDP (Lake County)
06,CA,73696,Spring Valley CDP (San Diego County)
06,CA,73700,Spring Valley Lake CDP
06,CA,73710,Springville CDP
06,CA,73794,Squaw Valley CDP
06,CA,73815,Squirrel Mountain Valley CDP
06,CA,73868,Stallion Springs CDP
06,CA,73906,Stanford CDP
06,CA,73962,Stanton city
06,CA,74021,Stebbins CDP
06,CA,74130,Stevenson Ranch CDP
06,CA,74144,Stevinson CDP
06,CA,74172,Stinson Beach CDP
06,CA,74186,Stirling City CDP
06,CA,75000,Stockton city
06,CA,75122,Stones Landing CDP
06,CA,75154,Stonyford CDP
06,CA,75252,Stratford CDP
06,CA,75280,Strathmore CDP
06,CA,75315,Strawberry CDP (Marin County)
06,CA,75322,Strawberry CDP (Tuolumne County)
06,CA,75592,Sugarloaf Saw Mill CDP
06,CA,75596,Sugarloaf Village CDP
06,CA,75630,Suisun City city
06,CA,75672,Sultana CDP
06,CA,75714,Summerland CDP
06,CA,75994,Sunnyside CDP
06,CA,76015,Sunnyside-Tahoe City CDP
06,CA,76040,Sunny Slopes CDP
06,CA,77000,Sunnyvale city
06,CA,77042,Sunol CDP
06,CA,77308,Sun Village CDP
06,CA,77364,Susanville city
06,CA,77378,Sutter CDP
06,CA,77392,Sutter Creek city
06,CA,77430,Swall Meadows CDP
06,CA,77574,Taft city
06,CA,77588,Taft Heights CDP
06,CA,77595,Taft Mosswood CDP
06,CA,77700,Tahoe Vista CDP
06,CA,77728,Tahoma CDP
06,CA,77784,Talmage CDP
06,CA,77805,Tamalpais-Homestead Valley CDP
06,CA,77860,Tancred CDP
06,CA,77924,Tara Hills CDP
06,CA,77934,Tarina CDP
06,CA,77960,Tarpey Village CDP
06,CA,78008,Taylorsville CDP
06,CA,78050,Tecopa CDP
06,CA,78092,Tehachapi city
06,CA,78106,Tehama city
06,CA,78120,Temecula city
06,CA,78126,Temelec CDP
06,CA,78138,Temescal Valley CDP
06,CA,78148,Temple City city
06,CA,78162,Templeton CDP
06,CA,78176,Tennant CDP
06,CA,78232,Terminous CDP
06,CA,78288,Terra Bella CDP
06,CA,78336,Teviston CDP
06,CA,78456,Thermal CDP
06,CA,78470,Thermalito CDP
06,CA,78568,Thornton CDP
06,CA,78582,Thousand Oaks city
06,CA,78596,Thousand Palms CDP
06,CA,78638,Three Rivers CDP
06,CA,78652,Three Rocks CDP
06,CA,78666,Tiburon town
06,CA,78715,Timber Cove CDP
06,CA,78750,Tipton CDP
06,CA,78792,Tobin CDP
06,CA,78890,Tomales CDP
06,CA,78932,Tonyville CDP
06,CA,78949,Tooleville CDP
06,CA,78960,Topanga CDP
06,CA,79030,Topaz CDP
06,CA,79529,Toro Canyon CDP
06,CA,80000,Torrance city
06,CA,80210,Trabuco Canyon CDP
06,CA,80238,Tracy city
06,CA,80266,Tranquillity CDP
06,CA,80280,Traver CDP
06,CA,80364,Tres Pinos CDP
06,CA,80448,Trinidad city
06,CA,80476,Trinity Center CDP
06,CA,80483,Trinity Village CDP
06,CA,80515,Trona CDP
06,CA,80560,Trowbridge CDP
06,CA,80588,Truckee town
06,CA,80644,Tulare city
06,CA,80686,Tulelake city
06,CA,80763,Tuolumne City CDP
06,CA,80784,Tupman CDP
06,CA,80812,Turlock city
06,CA,80854,Tustin city
06,CA,80882,Tuttle CDP
06,CA,80896,Tuttletown CDP
06,CA,80952,Twain CDP
06,CA,80966,Twain Harte CDP
06,CA,80994,Twentynine Palms city
06,CA,81048,Twin Lakes CDP (Mono County)
06,CA,81050,Twin Lakes CDP (Santa Cruz County)
06,CA,81134,Ukiah city
06,CA,81204,Union City city
06,CA,81302,University of California-Davis CDP
06,CA,81312,University of California-Merced CDP
06,CA,81316,University of California-Santa Barbara CDP
06,CA,81344,Upland city
06,CA,81358,Upper Lake CDP
06,CA,81554,Vacaville city
06,CA,81638,Valinda CDP
06,CA,81652,Vallecito CDP
06,CA,81666,Vallejo city
06,CA,81708,Valle Vista CDP
06,CA,81722,Valley Acres CDP
06,CA,81736,Valley Center CDP
06,CA,81778,Valley Ford CDP
06,CA,81792,Valley Home CDP
06,CA,81869,Valley Ranch CDP
06,CA,81890,Valley Springs CDP
06,CA,81925,Valley Wells CDP
06,CA,81967,Val Verde CDP
06,CA,82072,Vandenberg AFB CDP
06,CA,82086,Vandenberg Village CDP
06,CA,82334,Verdi CDP
06,CA,82422,Vernon city
06,CA,82562,Victor CDP
06,CA,82590,Victorville city
06,CA,82667,View Park-Windsor Hills CDP
06,CA,82744,Villa Park city
06,CA,82786,Vina CDP
06,CA,82815,Vincent CDP
06,CA,82842,Vine Hill CDP
06,CA,82852,Vineyard CDP
06,CA,82929,Virginia Lakes CDP
06,CA,82954,Visalia city
06,CA,82996,Vista city
06,CA,83085,Vista Santa Rosa CDP
06,CA,83094,Volcano CDP
06,CA,83108,Volta CDP
06,CA,83262,Walker CDP
06,CA,83304,Wallace CDP
06,CA,83332,Walnut city
06,CA,83346,Walnut Creek city
06,CA,83374,Walnut Grove CDP
06,CA,83402,Walnut Park CDP
06,CA,83460,Warm Springs CDP
06,CA,83494,Warner Valley CDP
06,CA,83542,Wasco city
06,CA,83570,Washington CDP
06,CA,83612,Waterford city
06,CA,83626,Waterloo CDP
06,CA,83668,Watsonville city
06,CA,83724,Waukena CDP
06,CA,83730,Wautec CDP
06,CA,83766,Wawona CDP
06,CA,83794,Weaverville CDP
06,CA,83850,Weed city
06,CA,83863,Weedpatch CDP
06,CA,83906,Weitchpec CDP
06,CA,83948,Weldon CDP
06,CA,84004,Weott CDP
06,CA,84116,West Athens CDP
06,CA,84120,West Bishop CDP
06,CA,84144,West Carson CDP
06,CA,84200,West Covina city
06,CA,84345,West Goshen CDP
06,CA,84385,Westhaven-Moonstone CDP
06,CA,84410,West Hollywood city
06,CA,84438,Westlake Village city
06,CA,84480,Westley CDP
06,CA,84536,West Menlo Park CDP
06,CA,84550,Westminster city
06,CA,84578,West Modesto CDP
06,CA,84592,Westmont CDP
06,CA,84606,Westmorland city
06,CA,84680,West Park CDP
06,CA,84732,West Point CDP
06,CA,84774,West Puente Valley CDP
06,CA,84780,West Rancho Dominguez CDP
06,CA,84816,West Sacramento city
06,CA,84863,Westside CDP
06,CA,84921,West Whittier-Los Nietos CDP
06,CA,84928,Westwood CDP
06,CA,85012,Wheatland city
06,CA,85086,Whitehawk CDP
06,CA,85208,Whitewater CDP
06,CA,85222,Whitley Gardens CDP
06,CA,85250,Whitmore CDP
06,CA,85292,Whittier city
06,CA,85446,Wildomar city
06,CA,85551,Wilkerson CDP
06,CA,85586,Williams city
06,CA,85587,Williams Canyon CDP
06,CA,85600,Willits city
06,CA,85614,Willowbrook CDP
06,CA,85642,Willow Creek CDP
06,CA,85684,Willows city
06,CA,85810,Wilseyville CDP
06,CA,85866,Wilsonia CDP
06,CA,85880,Wilton CDP
06,CA,85894,Winchester CDP
06,CA,85922,Windsor town
06,CA,85992,Winter Gardens CDP
06,CA,86020,Winterhaven CDP
06,CA,86034,Winters city
06,CA,86076,Winton CDP
06,CA,86174,Wofford Heights CDP
06,CA,86216,Woodacre CDP
06,CA,86230,Woodbridge CDP
06,CA,86244,Woodcrest CDP
06,CA,86300,Woodlake city
06,CA,86328,Woodland city
06,CA,86380,Woodlands CDP
06,CA,86440,Woodside town
06,CA,86482,Woodville CDP
06,CA,86489,Woodville Farm Labor Camp CDP
06,CA,86496,Woody CDP
06,CA,86594,Wrightwood CDP
06,CA,86678,Yankee Hill CDP
06,CA,86720,Yermo CDP
06,CA,86734,Yettem CDP
06,CA,86804,Yolo CDP
06,CA,86832,Yorba Linda city
06,CA,86878,Yosemite Lakes CDP
06,CA,86912,Yosemite Valley CDP
06,CA,86916,Yosemite West CDP
06,CA,86930,Yountville city
06,CA,86944,Yreka city
06,CA,86972,Yuba City city
06,CA,87042,Yucaipa city
06,CA,87056,Yucca Valley town
06,CA,87090,Zayante CDP
08,CO,00320,Acres Green CDP
08,CO,00620,Aetna Estates CDP
08,CO,00760,Aguilar town
08,CO,00870,Air Force Academy CDP
08,CO,00925,Akron town
08,CO,01090,Alamosa city
08,CO,01145,Alamosa East CDP
08,CO,01420,Allenspark CDP
08,CO,01530,Alma town
08,CO,01640,Alpine CDP
08,CO,01740,Altona CDP
08,CO,01915,Amherst CDP
08,CO,02355,Antonito town
08,CO,02575,Applewood CDP
08,CO,02850,Arapahoe CDP
08,CO,02905,Arboles CDP
08,CO,03015,Aristocrat Ranchettes CDP
08,CO,03235,Arriba town
08,CO,03455,Arvada city
08,CO,03620,Aspen city
08,CO,03730,Aspen Park CDP
08,CO,03840,Atwood CDP
08,CO,03950,Ault town
08,CO,04000,Aurora city
08,CO,04110,Avon town
08,CO,04165,Avondale CDP
08,CO,04620,Bark Ranch CDP
08,CO,04935,Basalt town
08,CO,05120,Battlement Mesa CDP
08,CO,05265,Bayfield town
08,CO,06090,Bennett town
08,CO,06172,Berkley CDP
08,CO,06255,Berthoud town
08,CO,06530,Bethune town
08,CO,06602,Beulah Valley CDP
08,CO,06970,Black Forest CDP
08,CO,07025,Black Hawk city
08,CO,07190,Blanca town
08,CO,07245,Blende CDP
08,CO,07410,Blue River town
08,CO,07420,Blue Sky CDP
08,CO,07455,Blue Valley CDP
08,CO,07571,Bonanza town
08,CO,07580,Bonanza Mountain Estates CDP
08,CO,07795,Boone town
08,CO,07850,Boulder city
08,CO,08070,Bow Mar town
08,CO,08290,Brandon CDP
08,CO,08345,Branson town
08,CO,08400,Breckenridge town
08,CO,08530,Brick Center CDP
08,CO,08620,Briggsdale CDP
08,CO,08675,Brighton city
08,CO,08950,Brook Forest CDP
08,CO,09115,Brookside town
08,CO,09280,Broomfield city
08,CO,09555,Brush city
08,CO,10105,Buena Vista town
08,CO,10600,Burlington city
08,CO,10985,Byers CDP
08,CO,11260,Calhan town
08,CO,11645,Campo town
08,CO,11810,Cañon City city
08,CO,11975,Capulin CDP
08,CO,12030,Carbonate town
08,CO,12045,Carbondale town
08,CO,12325,Cascade-Chipita Park CDP
08,CO,12387,Castle Pines city
08,CO,12393,Castle Pines Village CDP
08,CO,12415,Castle Rock town
08,CO,12450,Cathedral CDP
08,CO,12460,Catherine CDP
08,CO,12470,Cattle Creek CDP
08,CO,12635,Cedaredge town
08,CO,12815,Centennial city
08,CO,12855,Center town
08,CO,12900,Central city
08,CO,12945,Chacra CDP
08,CO,13460,Cheraw town
08,CO,13590,Cherry Creek CDP
08,CO,13845,Cherry Hills Village city
08,CO,14175,Cheyenne Wells town
08,CO,14587,Cimarron Hills CDP
08,CO,14765,City of Creede town
08,CO,15165,Clifton CDP
08,CO,15302,Coal Creek CDP
08,CO,15330,Coal Creek town
08,CO,15440,Coaldale CDP
08,CO,15550,Cokedale town
08,CO,15605,Collbran town
08,CO,15825,Colona CDP
08,CO,15935,Colorado City CDP
08,CO,16000,Colorado Springs city
08,CO,16110,Columbine CDP
08,CO,16385,Columbine Valley town
08,CO,16465,Comanche Creek CDP
08,CO,16495,Commerce City city
08,CO,16715,Conejos CDP
08,CO,17100,Cope CDP
08,CO,17150,Copper Mountain CDP
08,CO,17375,Cortez city
08,CO,17485,Cotopaxi CDP
08,CO,17760,Craig city
08,CO,17925,Crawford town
08,CO,18310,Crested Butte town
08,CO,18420,Crestone town
08,CO,18530,Cripple Creek city
08,CO,18585,Crisman CDP
08,CO,18640,Crook town
08,CO,18750,Crowley town
08,CO,19080,Dacono city
08,CO,19150,Dakota Ridge CDP
08,CO,19355,De Beque town
08,CO,19630,Deer Trail town
08,CO,19795,Del Norte town
08,CO,19850,Delta city
08,CO,20000,Denver city
08,CO,20275,Derby CDP
08,CO,20440,Dillon town
08,CO,20495,Dinosaur town
08,CO,20605,Divide CDP
08,CO,20770,Dolores town
08,CO,21155,Dotsero CDP
08,CO,21265,Dove Creek town
08,CO,21330,Dove Valley CDP
08,CO,21390,Downieville-Lawson-Dumont CDP
08,CO,22035,Durango city
08,CO,22145,Eads town
08,CO,22200,Eagle town
08,CO,22575,East Pleasant View CDP
08,CO,22860,Eaton town
08,CO,22882,Echo Hills CDP
08,CO,23025,Eckley town
08,CO,23135,Edgewater city
08,CO,23300,Edwards CDP
08,CO,23520,Elbert CDP
08,CO,23575,Eldora CDP
08,CO,23630,Eldorado Springs CDP
08,CO,23740,Elizabeth town
08,CO,23795,El Jebel CDP
08,CO,24235,Ellicott CDP
08,CO,24290,El Moro CDP
08,CO,24620,Empire town
08,CO,24785,Englewood city
08,CO,24950,Erie town
08,CO,25115,Estes Park town
08,CO,25280,Evans city
08,CO,25390,Evergreen CDP
08,CO,25550,Fairmount CDP
08,CO,25610,Fairplay town
08,CO,26270,Federal Heights city
08,CO,26600,Firestone town
08,CO,26765,Flagler town
08,CO,26875,Fleming town
08,CO,27040,Florence city
08,CO,27095,Florissant CDP
08,CO,27175,Floyd Hill CDP
08,CO,27370,Fort Carson CDP
08,CO,27425,Fort Collins city
08,CO,27535,Fort Garland CDP
08,CO,27700,Fort Lupton city
08,CO,27810,Fort Morgan city
08,CO,27865,Fountain city
08,CO,27950,Four Square Mile CDP
08,CO,27975,Fowler town
08,CO,28105,Foxfield town
08,CO,28250,Franktown CDP
08,CO,28305,Fraser town
08,CO,28360,Frederick town
08,CO,28690,Frisco town
08,CO,28745,Fruita city
08,CO,28800,Fruitvale CDP
08,CO,28830,Fulford CDP
08,CO,29185,Garden City town
08,CO,29240,Gardner CDP
08,CO,29295,Garfield CDP
08,CO,29625,Genesee CDP
08,CO,29680,Genoa town
08,CO,29735,Georgetown town
08,CO,29845,Gerrard CDP
08,CO,29955,Gilcrest town
08,CO,30340,Glendale city
08,CO,30350,Glendale CDP
08,CO,30420,Gleneagle CDP
08,CO,30780,Glenwood Springs city
08,CO,30835,Golden city
08,CO,30890,Goldfield CDP
08,CO,30945,Gold Hill CDP
08,CO,31550,Granada town
08,CO,31605,Granby town
08,CO,31660,Grand Junction city
08,CO,31715,Grand Lake town
08,CO,31935,Grand View Estates CDP
08,CO,32155,Greeley city
08,CO,32650,Green Mountain Falls town
08,CO,33035,Greenwood Village city
08,CO,33310,Grover town
08,CO,33420,Guffey CDP
08,CO,33502,Gunbarrel CDP
08,CO,33640,Gunnison city
08,CO,33695,Gypsum town
08,CO,34520,Hartman town
08,CO,34630,Hartsel CDP
08,CO,34685,Hasty CDP
08,CO,34740,Haswell town
08,CO,34960,Haxtun town
08,CO,35070,Hayden town
08,CO,35400,Heeney CDP
08,CO,35860,Hidden Lake CDP
08,CO,36410,Highlands Ranch CDP
08,CO,36610,Hillrose town
08,CO,36940,Hoehne CDP
08,CO,37215,Holly town
08,CO,37220,Holly Hills CDP
08,CO,37270,Holyoke city
08,CO,37380,Hooper town
08,CO,37545,Hotchkiss town
08,CO,37600,Hot Sulphur Springs town
08,CO,37655,Howard CDP
08,CO,37820,Hudson town
08,CO,37875,Hugo town
08,CO,38370,Idaho Springs city
08,CO,38425,Idalia CDP
08,CO,38480,Idledale CDP
08,CO,38535,Ignacio town
08,CO,38590,Iliff town
08,CO,38810,Indian Hills CDP
08,CO,38910,Inverness CDP
08,CO,39160,Jackson Lake CDP
08,CO,39195,Jamestown town
08,CO,39250,Jansen CDP
08,CO,39745,Joes CDP
08,CO,39800,Johnson Village CDP
08,CO,39855,Johnstown town
08,CO,39965,Julesburg town
08,CO,40185,Keenesburg town
08,CO,40377,Ken Caryl CDP
08,CO,40515,Kersey town
08,CO,40550,Keystone CDP
08,CO,40570,Kim town
08,CO,40790,Kiowa town
08,CO,40900,Kirk CDP
08,CO,41010,Kit Carson town
08,CO,41065,Kittredge CDP
08,CO,41560,Kremmling town
08,CO,41835,Lafayette city
08,CO,42000,Laird CDP
08,CO,42055,La Jara town
08,CO,42110,La Junta city
08,CO,42165,La Junta Gardens CDP
08,CO,42330,Lake City town
08,CO,42495,Lakeside town
08,CO,43000,Lakewood city
08,CO,43110,Lamar city
08,CO,43220,Laporte CDP
08,CO,43550,Larkspur town
08,CO,43605,La Salle town
08,CO,43660,Las Animas city
08,CO,44100,La Veta town
08,CO,44265,Lazear CDP
08,CO,44270,Lazy Acres CDP
08,CO,44320,Leadville city
08,CO,44375,Leadville North CDP
08,CO,44595,Lewis CDP
08,CO,44695,Leyner CDP
08,CO,44980,Limon town
08,CO,45145,Lincoln Park CDP
08,CO,45255,Littleton city
08,CO,45530,Lochbuie town
08,CO,45680,Loghill Village CDP
08,CO,45695,Log Lane Village town
08,CO,45750,Loma CDP
08,CO,45955,Lone Tree city
08,CO,45970,Longmont city
08,CO,46355,Louisville city
08,CO,46410,Louviers CDP
08,CO,46465,Loveland city
08,CO,47015,Lynn CDP
08,CO,47070,Lyons town
08,CO,47235,McClave CDP
08,CO,47345,McCoy CDP
08,CO,48060,Manassa town
08,CO,48115,Mancos town
08,CO,48445,Manitou Springs city
08,CO,48500,Manzanola town
08,CO,48555,Marble town
08,CO,48940,Marvel CDP
08,CO,49215,Matheson CDP
08,CO,49325,Maybell CDP
08,CO,49490,Maysville CDP
08,CO,49600,Mead town
08,CO,49875,Meeker town
08,CO,50012,Meridian CDP
08,CO,50026,Meridian Village CDP
08,CO,50040,Merino town
08,CO,50380,Midland CDP
08,CO,50480,Milliken town
08,CO,50920,Minturn town
08,CO,51250,Moffat town
08,CO,51635,Monte Vista city
08,CO,51690,Montezuma town
08,CO,51745,Montrose city
08,CO,51800,Monument town
08,CO,51975,Morgan Heights CDP
08,CO,52075,Morrison town
08,CO,52210,Mountain Meadows CDP
08,CO,52350,Mountain View town
08,CO,52550,Mountain Village town
08,CO,52570,Mount Crested Butte town
08,CO,52820,Mulford CDP
08,CO,53010,Nathrop CDP
08,CO,53120,Naturita town
08,CO,53175,Nederland town
08,CO,53395,New Castle town
08,CO,53780,Niwot CDP
08,CO,53875,No Name CDP
08,CO,53945,Norrie CDP
08,CO,54330,Northglenn city
08,CO,54495,North La Junta CDP
08,CO,54750,North Washington CDP
08,CO,54880,Norwood town
08,CO,54935,Nucla town
08,CO,55045,Nunn town
08,CO,55155,Oak Creek town
08,CO,55540,Olathe town
08,CO,55705,Olney Springs town
08,CO,55870,Ophir town
08,CO,55925,Orchard CDP
08,CO,55980,Orchard City town
08,CO,56035,Orchard Mesa CDP
08,CO,56145,Ordway town
08,CO,56365,Otis town
08,CO,56420,Ouray city
08,CO,56475,Ovid town
08,CO,56695,Padroni CDP
08,CO,56860,Pagosa Springs town
08,CO,56970,Palisade town
08,CO,57025,Palmer Lake town
08,CO,57245,Paoli town
08,CO,57300,Paonia town
08,CO,57400,Parachute town
08,CO,57445,Paragon Estates CDP
08,CO,57465,Park Center CDP
08,CO,57630,Parker town
08,CO,57850,Parshall CDP
08,CO,58235,Peetz town
08,CO,58400,Penrose CDP
08,CO,58510,Peoria CDP
08,CO,58592,Perry Park CDP
08,CO,58675,Peyton CDP
08,CO,58785,Phippsburg CDP
08,CO,58960,Piedra CDP
08,CO,59005,Pierce town
08,CO,59240,Pine Brook Hill CDP
08,CO,59520,Pine Valley CDP
08,CO,59830,Pitkin town
08,CO,59885,Placerville CDP
08,CO,60160,Platteville town
08,CO,60600,Poncha Springs town
08,CO,60655,Ponderosa Park CDP
08,CO,60765,Portland CDP
08,CO,61315,Pritchett town
08,CO,62000,Pueblo city
08,CO,62220,Pueblo West CDP
08,CO,62660,Ramah town
08,CO,62880,Rangely town
08,CO,63045,Raymer (New Raymer) town
08,CO,63265,Red Cliff town
08,CO,63320,Red Feather Lakes CDP
08,CO,63375,Redlands CDP
08,CO,63650,Redstone CDP
08,CO,63705,Redvale CDP
08,CO,64090,Rico town
08,CO,64200,Ridgway town
08,CO,64255,Rifle city
08,CO,64870,Rock Creek Park CDP
08,CO,64970,Rockvale town
08,CO,65190,Rocky Ford city
08,CO,65685,Rollinsville CDP
08,CO,65740,Romeo town
08,CO,66197,Roxborough Park CDP
08,CO,66895,Rye town
08,CO,66995,Saddle Ridge CDP
08,CO,67005,Saguache town
08,CO,67040,St. Ann Highlands CDP
08,CO,67142,St. Mary's CDP
08,CO,67280,Salida city
08,CO,67445,Salt Creek CDP
08,CO,67500,San Acacio CDP
08,CO,67830,Sanford town
08,CO,68105,San Luis town
08,CO,68655,Sawpit town
08,CO,68847,Security-Widefield CDP
08,CO,68875,Sedalia CDP
08,CO,68930,Sedgwick town
08,CO,68985,Segundo CDP
08,CO,69040,Seibert town
08,CO,69110,Seven Hills CDP
08,CO,69150,Severance town
08,CO,69480,Shaw Heights CDP
08,CO,69645,Sheridan city
08,CO,69700,Sheridan Lake town
08,CO,69810,Sherrelwood CDP
08,CO,70112,Sierra Ridge CDP
08,CO,70195,Silt town
08,CO,70250,Silver Cliff town
08,CO,70360,Silver Plume town
08,CO,70525,Silverthorne town
08,CO,70580,Silverton town
08,CO,70635,Simla town
08,CO,71625,Smeltertown CDP
08,CO,71755,Snowmass Village town
08,CO,71790,Snyder CDP
08,CO,71845,Somerset CDP
08,CO,72320,Southern Ute CDP
08,CO,72395,South Fork town
08,CO,73330,Springfield town
08,CO,73715,Starkville town
08,CO,73825,Steamboat Springs city
08,CO,73925,Stepping Stone CDP
08,CO,73935,Sterling city
08,CO,73943,Sterling Ranch CDP
08,CO,74080,Stonegate CDP
08,CO,74275,Stonewall Gap CDP
08,CO,74375,Strasburg CDP
08,CO,74430,Stratmoor CDP
08,CO,74485,Stratton town
08,CO,74815,Sugar City town
08,CO,74980,Sugarloaf CDP
08,CO,75585,Sunshine CDP
08,CO,75640,Superior town
08,CO,75970,Swink town
08,CO,76190,Tabernash CDP
08,CO,76325,Tall Timber CDP
08,CO,76795,Telluride town
08,CO,77235,The Pinery CDP
08,CO,77290,Thornton city
08,CO,77510,Timnath town
08,CO,77757,Todd Creek CDP
08,CO,78280,Towaoc CDP
08,CO,78335,Towner CDP
08,CO,78345,Trail Side CDP
08,CO,78610,Trinidad city
08,CO,79100,Twin Lakes CDP (Adams County)
08,CO,79105,Twin Lakes CDP (Lake County)
08,CO,79270,Two Buttes town
08,CO,79785,Upper Bear Creek CDP
08,CO,79800,Upper Witter Gulch CDP
08,CO,80040,Vail town
08,CO,80095,Valdez CDP
08,CO,80370,Valmont CDP
08,CO,80755,Vernon CDP
08,CO,80865,Victor city
08,CO,81030,Vilas town
08,CO,81305,Vineland CDP
08,CO,81690,Vona town
08,CO,82130,Walden town
08,CO,82350,Walsenburg city
08,CO,82460,Walsh town
08,CO,82735,Ward town
08,CO,82900,Watkins CDP
08,CO,83120,Welby CDP
08,CO,83175,Weldona CDP
08,CO,83230,Wellington town
08,CO,83450,Westcliffe town
08,CO,83500,Westcreek CDP
08,CO,83835,Westminster city
08,CO,84000,Weston CDP
08,CO,84042,West Pleasant View CDP
08,CO,84440,Wheat Ridge city
08,CO,84770,Wiggins town
08,CO,85045,Wiley town
08,CO,85155,Williamsburg town
08,CO,85485,Windsor town
08,CO,85705,Winter Park town
08,CO,85760,Wolcott CDP
08,CO,86090,Woodland Park city
08,CO,86117,Woodmoor CDP
08,CO,86200,Woody Creek CDP
08,CO,86310,Wray city
08,CO,86475,Yampa town
08,CO,86750,Yuma city
09,CT,01150,Ansonia city
09,CT,02480,Ball Pond CDP
09,CT,02550,Baltic CDP
09,CT,02690,Bantam borough
09,CT,04790,Bethel CDP
09,CT,04945,Bethlehem Village CDP
09,CT,04965,Bigelow Corners CDP
09,CT,06050,Blue Hills CDP
09,CT,06155,Bogus Hill CDP
09,CT,06680,Botsford CDP
09,CT,07100,Branchville CDP
09,CT,07345,Branford Center CDP
09,CT,08000,Bridgeport city
09,CT,08140,Bridgewater CDP
09,CT,08420,Bristol city
09,CT,08770,Broad Brook CDP
09,CT,09050,Brookfield Center CDP
09,CT,09120,Brooklyn CDP
09,CT,10660,Byram CDP
09,CT,10870,Canaan CDP
09,CT,11360,Candlewood Isle CDP
09,CT,11430,Candlewood Knolls CDP
09,CT,11500,Candlewood Lake Club CDP
09,CT,11640,Candlewood Orchards CDP
09,CT,11780,Candlewood Shores CDP
09,CT,11990,Cannondale CDP
09,CT,12370,Canton Valley CDP
09,CT,14200,Cheshire Village CDP
09,CT,14370,Chester Center CDP
09,CT,14615,Chimney Point CDP
09,CT,15420,Clinton CDP
09,CT,15840,Colchester CDP
09,CT,16085,Coleytown CDP
09,CT,16120,Collinsville CDP
09,CT,16525,Compo CDP
09,CT,16960,Conning Towers-Nautilus Park CDP
09,CT,17170,Cornwall CDP
09,CT,17310,Cornwall Bridge CDP
09,CT,17520,Cos Cob CDP
09,CT,17835,Coventry Lake CDP
09,CT,18220,Crystal Lake CDP
09,CT,18430,Danbury city
09,CT,18675,Daniels Farm CDP
09,CT,18780,Danielson borough
09,CT,18936,Darien Downtown CDP
09,CT,18990,Dayville CDP
09,CT,19200,Deep River Center CDP
09,CT,19480,Derby city
09,CT,20250,Dodgingtown CDP
09,CT,20740,Durham CDP
09,CT,21160,East Brooklyn CDP
09,CT,22420,East Hampton CDP
09,CT,22700,East Hartford CDP
09,CT,22980,East Haven CDP
09,CT,24520,East Village CDP
09,CT,26370,Essex Village CDP
09,CT,26698,Fairfield University CDP
09,CT,27390,Falls Village CDP
09,CT,27810,Fenwick borough
09,CT,30190,Gales Ferry CDP
09,CT,30470,Gaylordsville CDP
09,CT,30540,Georgetown CDP
09,CT,31270,Glastonbury Center CDP
09,CT,31520,Glenville CDP
09,CT,33480,Greens Farms CDP
09,CT,33690,Greenwich CDP
09,CT,34180,Groton city
09,CT,34460,Groton Long Point borough
09,CT,35020,Guilford Center CDP
09,CT,37000,Hartford city
09,CT,37490,Hawleyville CDP
09,CT,37770,Hazardville CDP
09,CT,37930,Heritage Village CDP
09,CT,38050,Higganum CDP
09,CT,39695,Indian Field CDP
09,CT,39747,Inglenook CDP
09,CT,39940,Jewett City borough
09,CT,40077,Kellogg Point CDP
09,CT,40150,Kensington CDP
09,CT,40920,Knollcrest CDP
09,CT,41226,Lake Bungee CDP
09,CT,41238,Lake Chaffee CDP
09,CT,41410,Lake Pocotopaug CDP
09,CT,41585,Lakes East CDP
09,CT,41714,Lakeside Woods CDP
09,CT,41736,Lakes West CDP
09,CT,41830,Lakeville CDP
09,CT,43300,Litchfield borough
09,CT,43580,Long Hill CDP (Greater Bridgeport County)
09,CT,43790,Long Hill CDP (Southeastern Connecticut County)
09,CT,44000,Lordship CDP
09,CT,44630,Madison Center CDP
09,CT,44660,Mamanasco Lake CDP
09,CT,44690,Manchester CDP
09,CT,45120,Mansfield Center CDP
09,CT,45995,Mashantucket CDP
09,CT,46240,Mechanicsville CDP
09,CT,46450,Meriden city
09,CT,47290,Middletown city
09,CT,47515,Milford city (balance)
09,CT,47990,Mill Plain CDP
09,CT,49110,Moodus CDP
09,CT,49180,Moosup CDP
09,CT,49720,Murray CDP
09,CT,49810,Mystic CDP
09,CT,49880,Naugatuck borough
09,CT,50370,New Britain city
09,CT,50576,New Canaan CDP
09,CT,51420,New Hartford Center CDP
09,CT,52000,New Haven city
09,CT,52210,Newington CDP
09,CT,52280,New London city
09,CT,52560,New Milford CDP
09,CT,52770,New Preston CDP
09,CT,52910,Newtown borough
09,CT,53120,Niantic CDP
09,CT,53260,Noank CDP
09,CT,53400,Norfolk CDP
09,CT,53540,Noroton CDP
09,CT,53610,Noroton Heights CDP
09,CT,54450,Northford CDP
09,CT,54660,North Granby CDP
09,CT,54730,North Grosvenor Dale CDP
09,CT,54940,North Haven CDP
09,CT,55725,Northwest Harwinton CDP
09,CT,55990,Norwalk city
09,CT,56200,Norwich city
09,CT,56690,Oakville CDP
09,CT,56900,Old Greenwich CDP
09,CT,56935,Old Hill CDP
09,CT,57180,Old Mystic CDP
09,CT,57390,Old Saybrook Center CDP
09,CT,57670,Orange CDP
09,CT,57880,Oronoque CDP
09,CT,58520,Oxoboxo River CDP
09,CT,59140,Pawcatuck CDP
09,CT,59210,Pemberwick CDP
09,CT,60090,Plainfield Village CDP
09,CT,60260,Plantsville CDP
09,CT,60365,Plattsville CDP
09,CT,60540,Pleasant Valley CDP
09,CT,61555,Poplar Plains CDP
09,CT,61730,Poquonock Bridge CDP
09,CT,61870,Portland CDP
09,CT,62640,Putnam CDP
09,CT,63165,Quasset Lake CDP
09,CT,63270,Quinebaug CDP
09,CT,63313,Quinnipiac University CDP
09,CT,63620,Redding Center CDP
09,CT,63830,Ridgebury CDP
09,CT,63900,Ridgefield CDP
09,CT,64530,Riverside CDP
09,CT,64880,Riverton CDP
09,CT,65160,Rock Ridge CDP
09,CT,65230,Rockville CDP
09,CT,65685,Route 7 Gateway CDP
09,CT,66086,Sacred Heart University CDP
09,CT,66113,Sail Harbor CDP
09,CT,66455,Salmon Brook CDP
09,CT,66700,Sandy Hook CDP
09,CT,66770,Saugatuck CDP
09,CT,67050,Saybrook Manor CDP
09,CT,67890,Sharon CDP
09,CT,68100,Shelton city
09,CT,68240,Sherman CDP
09,CT,68450,Sherwood Manor CDP
09,CT,69010,Simsbury Center CDP
09,CT,69150,Somers CDP
09,CT,69990,South Coventry CDP
09,CT,71040,Southport CDP
09,CT,71215,South Wilton CDP
09,CT,71250,South Windham CDP
09,CT,71460,Southwood Acres CDP
09,CT,71530,South Woodstock CDP
09,CT,72300,Stafford Springs CDP
09,CT,73000,Stamford city
09,CT,73175,Staples CDP
09,CT,73280,Stepney CDP
09,CT,73700,Stonington borough
09,CT,73980,Storrs CDP
09,CT,74303,Stratford Downtown CDP
09,CT,74655,Suffield Depot CDP
09,CT,75065,Taylor Corners CDP
09,CT,75100,Tariffville CDP
09,CT,75116,Tashua CDP
09,CT,75200,Terramuggus CDP
09,CT,75240,Terryville CDP
09,CT,75660,Thomaston CDP
09,CT,75940,Thompsonville CDP
09,CT,76150,Tokeneke CDP
09,CT,76400,Topstone CDP
09,CT,76500,Torrington city
09,CT,77278,Trumbull Center CDP
09,CT,78880,Wallingford Center CDP
09,CT,80000,Waterbury city
09,CT,80210,Waterford CDP
09,CT,80420,Watertown CDP
09,CT,80630,Wauregan CDP
09,CT,80770,Weatogue CDP
09,CT,81750,Westbrook Center CDP
09,CT,82030,West Cornwall CDP
09,CT,82660,West Hartford CDP
09,CT,82800,West Haven city
09,CT,83045,West Mountain CDP
09,CT,83360,Weston CDP
09,CT,83586,Westport Village CDP
09,CT,83990,West Simsbury CDP
09,CT,84970,Wethersfield CDP
09,CT,85810,Willimantic CDP
09,CT,86380,Wilton Center CDP
09,CT,87140,Windsor Locks CDP
09,CT,87350,Winsted CDP
09,CT,87455,Witches Woods CDP
09,CT,87980,Woodbury Center CDP
09,CT,88050,Woodmont borough
10,DE,01400,Arden village
10,DE,01530,Ardencroft village
10,DE,01660,Ardentown village
10,DE,04130,Bear CDP
10,DE,04650,Bellefonte town
10,DE,05690,Bethany Beach town
10,DE,05820,Bethel town
10,DE,06730,Blades town
10,DE,07250,Bowers town
10,DE,08680,Bridgeville town
10,DE,09850,Brookside CDP
10,DE,10760,Camden town
10,DE,14660,Cheswold town
10,DE,15310,Claymont CDP
10,DE,15440,Clayton town
10,DE,18950,Dagsboro town
10,DE,19730,Delaware City city
10,DE,20380,Delmar town
10,DE,20900,Dewey Beach town
10,DE,21200,Dover city
10,DE,21387,Dover Base Housing CDP
10,DE,23240,Edgemoor CDP
10,DE,24020,Ellendale town
10,DE,24540,Elsmere town
10,DE,25840,Farmington town
10,DE,26620,Felton town
10,DE,26880,Fenwick Island town
10,DE,28310,Frankford town
10,DE,28440,Frederica town
10,DE,29090,Georgetown town
10,DE,29350,Glasgow CDP
10,DE,31430,Greenville CDP
10,DE,31560,Greenwood town
10,DE,33120,Harrington city
10,DE,33250,Hartly town
10,DE,33900,Henlopen Acres town
10,DE,34810,Highland Acres CDP
10,DE,35850,Hockessin CDP
10,DE,36760,Houston town
10,DE,38710,Kent Acres CDP
10,DE,39100,Kenton town
10,DE,41310,Laurel town
10,DE,41700,Leipsic town
10,DE,41830,Lewes city
10,DE,42480,Lincoln CDP
10,DE,42870,Little Creek town
10,DE,43245,Long Neck CDP
10,DE,44430,Magnolia town
10,DE,47030,Middletown town
10,DE,47420,Milford city
10,DE,47940,Millsboro town
10,DE,48200,Millville town
10,DE,48330,Milton town
10,DE,50670,Newark city
10,DE,50800,New Castle city
10,DE,51190,Newport town
10,DE,52490,North Star CDP
10,DE,53920,Ocean View town
10,DE,54050,Odessa town
10,DE,56490,Pike Creek CDP
10,DE,56500,Pike Creek Valley CDP
10,DE,58600,Port Penn CDP
10,DE,60290,Rehoboth Beach city
10,DE,61265,Rising Sun-Lebanon CDP
10,DE,61480,Riverview CDP
10,DE,61720,Rodney Village CDP
10,DE,63800,St. Georges CDP
10,DE,64320,Seaford city
10,DE,64840,Selbyville town
10,DE,67050,Slaughter Beach town
10,DE,67310,Smyrna town
10,DE,67700,South Bethany town
10,DE,72510,Townsend town
10,DE,74330,Viola town
10,DE,77580,Wilmington city
10,DE,77840,Wilmington Manor CDP
10,DE,80830,Woodside town
10,DE,80895,Woodside East CDP
10,DE,81350,Wyoming town
11,DC,50000,Washington city
12,FL,00075,Acacia Villas CDP
12,FL,00375,Alachua city
12,FL,00410,Alafaya CDP
12,FL,00625,Alford town
12,FL,00800,Allentown CDP
12,FL,00950,Altamonte Springs city
12,FL,01000,Altha town
12,FL,01050,Altoona CDP
12,FL,01100,Alturas CDP
12,FL,01125,Alva CDP
12,FL,01353,Andrews CDP
12,FL,01475,Anna Maria city
12,FL,01625,Apalachicola city
12,FL,01675,Apollo Beach CDP
12,FL,01700,Apopka city
12,FL,01750,Arcadia city
12,FL,01775,Archer city
12,FL,01875,Aripeka CDP
12,FL,02187,Asbury Lake CDP
12,FL,02250,Astatula town
12,FL,02275,Astor CDP
12,FL,02400,Atlantic Beach city
12,FL,02500,Atlantis city
12,FL,02550,Auburndale city
12,FL,02575,Aucilla CDP
12,FL,02660,Avalon CDP
12,FL,02677,Ave Maria CDP
12,FL,02681,Aventura city
12,FL,02750,Avon Park city
12,FL,02850,Azalea Park CDP
12,FL,02900,Babson Park CDP
12,FL,02925,Bagdad CDP
12,FL,03250,Baldwin town
12,FL,03275,Bal Harbour village
12,FL,03375,Balm CDP
12,FL,03480,Bardmoor CDP
12,FL,03675,Bartow city
12,FL,03725,Bascom town
12,FL,03975,Bay Harbor Islands town
12,FL,04070,Bay Hill CDP
12,FL,04150,Bay Lake city
12,FL,04162,Bayonet Point CDP
12,FL,04200,Bay Pines CDP
12,FL,04250,Bayport CDP
12,FL,04350,Bayshore Gardens CDP
12,FL,04650,Beacon Square CDP
12,FL,04735,Bear Creek CDP
12,FL,04925,Bee Ridge CDP
12,FL,04975,Bell town
12,FL,05025,Bellair-Meadowbrook Terrace CDP
12,FL,05075,Belleair town
12,FL,05100,Belleair Beach city
12,FL,05125,Belleair Bluffs city
12,FL,05150,Belleair Shore town
12,FL,05200,Belle Glade city
12,FL,05300,Belle Isle city
12,FL,05375,Belleview city
12,FL,05462,Bellview CDP
12,FL,05806,Berkshire Lakes CDP
12,FL,05825,Berrydale CDP
12,FL,06100,Beverly Beach town
12,FL,06125,Beverly Hills CDP
12,FL,06350,Big Coppitt Key CDP
12,FL,06425,Big Pine Key CDP
12,FL,06600,Biscayne Park village
12,FL,06625,Bithlo CDP
12,FL,06667,Black Diamond CDP
12,FL,06670,Black Hammock CDP
12,FL,06875,Bloomingdale CDP
12,FL,06925,Blountstown city
12,FL,07300,Boca Raton city
12,FL,07375,Bokeelia CDP
12,FL,07450,Bonifay city
12,FL,07525,Bonita Springs city
12,FL,07687,Boulevard Gardens CDP
12,FL,07775,Bowling Green city
12,FL,07875,Boynton Beach city
12,FL,07950,Bradenton city
12,FL,07975,Bradenton Beach city
12,FL,08075,Bradfordville CDP
12,FL,08125,Bradley Junction CDP
12,FL,08150,Brandon CDP
12,FL,08175,Branford town
12,FL,08300,Brent CDP
12,FL,08575,Briny Breezes town
12,FL,08600,Bristol city
12,FL,08650,Broadview Park CDP
12,FL,08700,Bronson town
12,FL,08725,Brooker town
12,FL,08762,Brookridge CDP
12,FL,08800,Brooksville city
12,FL,08925,Brownsdale CDP
12,FL,09000,Brownsville CDP
12,FL,09315,Buckhead Ridge CDP
12,FL,09350,Buckingham CDP
12,FL,09415,Buenaventura Lakes CDP
12,FL,09550,Bunnell city
12,FL,09612,Burnt Store Marina CDP
12,FL,09625,Bushnell city
12,FL,09630,Butler Beach CDP
12,FL,09655,Cabana Colony CDP
12,FL,09700,Callahan town
12,FL,09725,Callaway city
12,FL,09875,Campbell CDP
12,FL,09900,Campbellton town
12,FL,10100,Canal Point CDP
12,FL,10250,Cape Canaveral city
12,FL,10275,Cape Coral city
12,FL,10350,Capitola CDP
12,FL,10425,Captiva CDP
12,FL,10725,Carrabelle city
12,FL,10825,Carrollwood CDP
12,FL,10975,Caryville town
12,FL,11050,Casselberry city
12,FL,11150,Cedar Grove CDP
12,FL,11225,Cedar Key city
12,FL,11285,Celebration CDP
12,FL,11325,Center Hill city
12,FL,11362,Century town
12,FL,11525,Chaires CDP
12,FL,11597,Charleston Park CDP
12,FL,11625,Charlotte Harbor CDP
12,FL,11650,Charlotte Park CDP
12,FL,11800,Chattahoochee city
12,FL,11912,Cheval CDP
12,FL,11925,Chiefland city
12,FL,11975,Chipley city
12,FL,12150,Chokoloskee CDP
12,FL,12250,Christmas CDP
12,FL,12275,Chuluota CDP
12,FL,12300,Chumuckla CDP
12,FL,12325,Cinco Bayou town
12,FL,12412,Citrus Hills CDP
12,FL,12425,Citrus Park CDP
12,FL,12450,Citrus Springs CDP
12,FL,12675,Clarcona CDP
12,FL,12875,Clearwater city
12,FL,12925,Clermont city
12,FL,12950,Cleveland CDP
12,FL,13000,Clewiston city
12,FL,13050,Cloud Lake town
12,FL,13125,Cobbtown CDP
12,FL,13150,Cocoa city
12,FL,13175,Cocoa Beach city
12,FL,13225,Cocoa West CDP
12,FL,13275,Coconut Creek city
12,FL,13400,Coleman city
12,FL,13775,Combee Settlement CDP
12,FL,13965,Connerton CDP
12,FL,14050,Conway CDP
12,FL,14125,Cooper City city
12,FL,14250,Coral Gables city
12,FL,14400,Coral Springs city
12,FL,14412,Coral Terrace CDP
12,FL,14700,Cortez CDP
12,FL,14850,Cottondale town
12,FL,14895,Country Club CDP
12,FL,15055,Country Walk CDP
12,FL,15300,Crawfordville CDP
12,FL,15325,Crescent Beach CDP
12,FL,15375,Crescent City city
12,FL,15475,Crestview city
12,FL,15515,Crooked Lake Park CDP
12,FL,15575,Cross City town
12,FL,15725,Crystal Lake CDP
12,FL,15775,Crystal River city
12,FL,15800,Crystal Springs CDP
12,FL,15862,Cudjoe Key CDP
12,FL,15968,Cutler Bay town
12,FL,16050,Cypress Gardens CDP
12,FL,16062,Cypress Lake CDP
12,FL,16100,Cypress Quarters CDP
12,FL,16125,Dade City city
12,FL,16175,Dade City North CDP
12,FL,16335,Dania Beach city
12,FL,16450,Davenport city
12,FL,16475,Davie town
12,FL,16500,Day CDP
12,FL,16525,Daytona Beach city
12,FL,16550,Daytona Beach Shores city
12,FL,16675,DeBary city
12,FL,16725,Deerfield Beach city
12,FL,16800,DeFuniak Springs city
12,FL,16875,DeLand city
12,FL,16937,DeLand Southwest CDP
12,FL,16975,De Leon Springs CDP
12,FL,17100,Delray Beach city
12,FL,17200,Deltona city
12,FL,17273,Desoto Acres CDP
12,FL,17300,Desoto Lakes CDP
12,FL,17325,Destin city
12,FL,17450,Dickerson City CDP
12,FL,17710,Dixonville CDP
12,FL,17725,Doctor Phillips CDP
12,FL,17935,Doral city
12,FL,18075,Dover CDP
12,FL,18425,Duck Key CDP
12,FL,18550,Dundee town
12,FL,18575,Dunedin city
12,FL,18675,Dunnellon city
12,FL,18875,Eagle Lake city
12,FL,19025,East Bronson CDP
12,FL,19206,East Lake CDP
12,FL,19212,East Lake-Orient Park CDP
12,FL,19275,East Milton CDP
12,FL,19350,East Palatka CDP
12,FL,19400,Eastpoint CDP
12,FL,19575,East Williston CDP
12,FL,19650,Eatonville town
12,FL,19725,Ebro town
12,FL,19825,Edgewater city
12,FL,19900,Edgewood city
12,FL,20050,Eglin AFB CDP
12,FL,20108,Egypt Lake-Leto CDP
12,FL,20275,Elfers CDP
12,FL,20375,Ellenton CDP
12,FL,20650,El Portal village
12,FL,20825,Englewood CDP
12,FL,20925,Ensley CDP
12,FL,21150,Estero village
12,FL,21250,Esto town
12,FL,21350,Eustis city
12,FL,21425,Everglades city
12,FL,21750,Fairview Shores CDP
12,FL,21850,Fanning Springs city
12,FL,21945,Feather Sound CDP
12,FL,22100,Fellsmere city
12,FL,22175,Fernandina Beach city
12,FL,22225,Ferndale CDP
12,FL,22250,Fern Park CDP
12,FL,22275,Ferry Pass CDP
12,FL,22325,Fidelis CDP
12,FL,22375,Fisher Island CDP
12,FL,22387,Fish Hawk CDP
12,FL,22475,Five Points CDP
12,FL,22550,Flagler Beach city
12,FL,22560,Flagler Estates CDP
12,FL,22660,Fleming Island CDP
12,FL,22775,Floral City CDP
12,FL,22975,Florida City city
12,FL,23005,Florida Gulf Coast University CDP
12,FL,23050,Florida Ridge CDP
12,FL,23125,Floridatown CDP
12,FL,23375,Forest City CDP
12,FL,23680,Fort Braden CDP
12,FL,23730,Fort Denaud CDP
12,FL,23850,Fort Green CDP
12,FL,23875,Fort Green Springs CDP
12,FL,24000,Fort Lauderdale city
12,FL,24100,Fort Meade city
12,FL,24125,Fort Myers city
12,FL,24150,Fort Myers Beach town
12,FL,24175,Fort Myers Shores CDP
12,FL,24300,Fort Pierce city
12,FL,24337,Fort Pierce North CDP
12,FL,24387,Fort Pierce South CDP
12,FL,24475,Fort Walton Beach city
12,FL,24500,Fort White town
12,FL,24562,Fountainebleau CDP
12,FL,24581,Four Corners CDP
12,FL,24710,Franklin Park CDP
12,FL,24825,Freeport city
12,FL,24900,Frostproof city
12,FL,24925,Fruit Cove CDP
12,FL,24975,Fruitland Park city
12,FL,25000,Fruitville CDP
12,FL,25025,Fuller Heights CDP
12,FL,25125,Fussels Corner CDP
12,FL,25175,Gainesville city
12,FL,25392,Garcon Point CDP
12,FL,25475,Garden Grove CDP
12,FL,25550,Gardner CDP
12,FL,25655,Gateway CDP
12,FL,25750,Geneva CDP
12,FL,25900,Gibsonton CDP
12,FL,25925,Gifford CDP
12,FL,25987,Gladeview CDP
12,FL,26000,Glencoe CDP
12,FL,26050,Glen Ridge town
12,FL,26075,Glen St. Mary town
12,FL,26100,Glenvar Heights CDP
12,FL,26250,Golden Beach town
12,FL,26300,Golden Gate CDP
12,FL,26375,Golden Glades CDP
12,FL,26475,Goldenrod CDP
12,FL,26550,Golf village
12,FL,26700,Gonzalez CDP
12,FL,26775,Goodland CDP
12,FL,26900,Gotha CDP
12,FL,26925,Goulding CDP
12,FL,26950,Goulds CDP
12,FL,27000,Graceville city
12,FL,27175,Grand Ridge town
12,FL,27256,Grant-Valkaria town
12,FL,27322,Greenacres city
12,FL,27360,Greenbriar CDP
12,FL,27400,Green Cove Springs city
12,FL,27550,Greensboro town
12,FL,27575,Greenville town
12,FL,27600,Greenwood town
12,FL,27635,Grenelefe CDP
12,FL,27650,Gretna city
12,FL,27775,Grove City CDP
12,FL,27800,Groveland city
12,FL,28000,Gulf Breeze city
12,FL,28045,Gulf Gate CDP
12,FL,28175,Gulfport city
12,FL,28275,Gulf Stream town
12,FL,28305,Gun Club Estates CDP
12,FL,28400,Haines City city
12,FL,28452,Hallandale Beach city
12,FL,28575,Hampton city
12,FL,28650,Harbor Bluffs CDP
12,FL,28800,Harbour Heights CDP
12,FL,28925,Harlem CDP
12,FL,28937,Harlem Heights CDP
12,FL,29000,Harold CDP
12,FL,29100,Hastings CDP
12,FL,29150,Havana town
12,FL,29200,Haverhill town
12,FL,29275,Hawthorne city
12,FL,29320,Heathrow CDP
12,FL,29381,Heritage Bay CDP
12,FL,29385,Heritage Pines CDP
12,FL,29425,Hernando CDP
12,FL,29437,Hernando Beach CDP
12,FL,30000,Hialeah city
12,FL,30025,Hialeah Gardens city
12,FL,30200,Highland Beach town
12,FL,30225,Highland City CDP
12,FL,30325,Highland Park village
12,FL,30494,High Point CDP
12,FL,30525,High Springs city
12,FL,30700,Hillcrest Heights town
12,FL,30750,Hilliard town
12,FL,30800,Hill 'n Dale CDP
12,FL,30850,Hillsboro Beach town
12,FL,30858,Hillsboro Pines CDP
12,FL,30975,Hobe Sound CDP
12,FL,31025,Holden Heights CDP
12,FL,31030,Holden Lakes CDP
12,FL,31075,Holiday CDP
12,FL,31275,Holley CDP
12,FL,31350,Holly Hill city
12,FL,32000,Hollywood city
12,FL,32150,Holmes Beach city
12,FL,32250,Homeland CDP
12,FL,32275,Homestead city
12,FL,32325,Homestead Base CDP
12,FL,32375,Homosassa CDP
12,FL,32400,Homosassa Springs CDP
12,FL,32610,Horizon West CDP
12,FL,32650,Horseshoe Beach town
12,FL,32675,Hosford CDP
12,FL,32775,Howey-in-the-Hills town
12,FL,32825,Hudson CDP
12,FL,32967,Hunters Creek CDP
12,FL,32975,Hurlburt Field CDP
12,FL,32993,Hutchinson Island South CDP
12,FL,33150,Hypoluxo town
12,FL,33250,Immokalee CDP
12,FL,33375,Indialantic town
12,FL,33425,Indian Creek village
12,FL,33450,Indian Harbour Beach city
12,FL,33500,Indian Lake Estates CDP
12,FL,33585,Indian River Estates CDP
12,FL,33600,Indian River Shores town
12,FL,33625,Indian Rocks Beach city
12,FL,33675,Indian Shores town
12,FL,33700,Indiantown village
12,FL,33800,Inglis town
12,FL,33900,Interlachen town
12,FL,33950,Inverness city
12,FL,33958,Inverness Highlands North CDP
12,FL,33966,Inverness Highlands South CDP
12,FL,34000,Inwood CDP
12,FL,34012,Iona CDP
12,FL,34132,Islamorada
12,FL,34185,Island Walk CDP
12,FL,34275,Istachatta CDP
12,FL,34400,Ives Estates CDP
12,FL,35000,Jacksonville city
12,FL,35050,Jacksonville Beach city
12,FL,35200,Jacob City city
12,FL,35300,Jan Phyl Village CDP
12,FL,35350,Jasmine Estates CDP
12,FL,35375,Jasper city
12,FL,35425,Jay town
12,FL,35525,Jennings town
12,FL,35550,Jensen Beach CDP
12,FL,35800,June Park CDP
12,FL,35850,Juno Beach town
12,FL,35862,Juno Ridge CDP
12,FL,35875,Jupiter town
12,FL,35890,Jupiter Farms CDP
12,FL,35900,Jupiter Inlet Colony town
12,FL,35925,Jupiter Island town
12,FL,35950,Kathleen CDP
12,FL,36062,Kendale Lakes CDP
12,FL,36100,Kendall CDP
12,FL,36121,Kendall West CDP
12,FL,36175,Kenneth City town
12,FL,36200,Kensington Park CDP
12,FL,36220,Kenwood Estates CDP
12,FL,36300,Key Biscayne village
12,FL,36325,Key Colony Beach city
12,FL,36375,Key Largo CDP
12,FL,36462,Keystone CDP
12,FL,36475,Keystone Heights city
12,FL,36535,Key Vista CDP
12,FL,36550,Key West city
12,FL,36950,Kissimmee city
12,FL,37225,LaBelle city
12,FL,37275,Lacoochee CDP
12,FL,37300,La Crosse town
12,FL,37375,Lady Lake town
12,FL,37500,Laguna Beach CDP
12,FL,37525,Lake Alfred city
12,FL,37542,Lake Belvedere Estates CDP
12,FL,37625,Lake Buena Vista city
12,FL,37648,Lake Butler CDP
12,FL,37650,Lake Butler city
12,FL,37775,Lake City city
12,FL,37800,Lake Clarke Shores town
12,FL,37975,Lake Hamilton town
12,FL,38000,Lake Harbor CDP
12,FL,38012,Lake Hart CDP
12,FL,38025,Lake Helen city
12,FL,38162,Lake Kathryn CDP
12,FL,38238,Lake Kerr CDP
12,FL,38250,Lakeland city
12,FL,38262,Lakeland Highlands CDP
12,FL,38275,Lake Lindsey CDP
12,FL,38287,Lake Lorraine CDP
12,FL,38332,Lake Mack-Forest Hills CDP
12,FL,38350,Lake Magdalene CDP
12,FL,38425,Lake Mary city
12,FL,38430,Lake Mary Jane CDP
12,FL,38519,Lake Mystic CDP
12,FL,38575,Lake Panasoffkee CDP
12,FL,38600,Lake Park town
12,FL,38625,Lake Placid town
12,FL,38690,Lake Sarasota CDP
12,FL,38813,Lakeside CDP
12,FL,38950,Lake Wales city
12,FL,39062,Lakewood Park CDP
12,FL,39067,Lakewood Ranch CDP
12,FL,39081,Lake Worth Beach city
12,FL,39100,Lamont CDP
12,FL,39200,Land O' Lakes CDP
12,FL,39375,Lantana town
12,FL,39425,Largo city
12,FL,39475,Lauderdale-by-the-Sea town
12,FL,39525,Lauderdale Lakes city
12,FL,39550,Lauderhill city
12,FL,39600,Laurel CDP
12,FL,39650,Laurel Hill city
12,FL,39700,Lawtey city
12,FL,39725,Layton city
12,FL,39750,Lazy Lake village
12,FL,39775,Lealman CDP
12,FL,39825,Lecanto CDP
12,FL,39850,Lee town
12,FL,39875,Leesburg city
12,FL,39925,Lehigh Acres CDP
12,FL,39950,Leisure City CDP
12,FL,39987,Lely CDP
12,FL,40037,Lely Resort CDP
12,FL,40100,Lemon Grove CDP
12,FL,40387,Liberty Triangle CDP
12,FL,40450,Lighthouse Point city
12,FL,40525,Limestone CDP
12,FL,40562,Limestone Creek CDP
12,FL,40750,Lisbon CDP
12,FL,40875,Live Oak city
12,FL,40950,Lloyd CDP
12,FL,40985,Lochmoor Waterway Estates CDP
12,FL,41025,Lockhart CDP
12,FL,41150,Longboat Key town
12,FL,41250,Longwood city
12,FL,41400,Loughman CDP
12,FL,41562,Lower Grand Lagoon CDP
12,FL,41577,Loxahatchee Groves town
12,FL,41775,Lutz CDP
12,FL,41825,Lynn Haven city
12,FL,41950,Macclenny city
12,FL,42090,McGregor CDP
12,FL,42150,McIntosh town
12,FL,42400,Madeira Beach city
12,FL,42425,Madison city
12,FL,42575,Maitland city
12,FL,42625,Malabar town
12,FL,42650,Malone town
12,FL,42700,Manalapan town
12,FL,42750,Manasota Key CDP
12,FL,42787,Manatee Road CDP
12,FL,42850,Mango CDP
12,FL,42900,Mangonia Park town
12,FL,43000,Marathon city
12,FL,43083,Marco Island city
12,FL,43090,Marco Shores-Hammock Bay CDP
12,FL,43125,Margate city
12,FL,43175,Marianna city
12,FL,43250,Marineland town
12,FL,43300,Marion Oaks CDP
12,FL,43375,Mary Esther city
12,FL,43400,Masaryktown CDP
12,FL,43425,Mascotte city
12,FL,43475,Matlacha CDP
12,FL,43484,Matlacha Isles-Matlacha Shores CDP
12,FL,43575,Mayo town
12,FL,43785,Meadow Oaks CDP
12,FL,43800,Meadow Woods CDP
12,FL,43900,Medley town
12,FL,43925,Medulla CDP
12,FL,43975,Melbourne city
12,FL,44000,Melbourne Beach town
12,FL,44075,Melbourne Village town
12,FL,44175,Memphis CDP
12,FL,44275,Merritt Island CDP
12,FL,44300,Mexico Beach city
12,FL,45000,Miami city
12,FL,45025,Miami Beach city
12,FL,45060,Miami Gardens city
12,FL,45100,Miami Lakes town
12,FL,45175,Miami Shores village
12,FL,45200,Miami Springs city
12,FL,45225,Micanopy town
12,FL,45275,Micco CDP
12,FL,45300,Miccosukee CDP
12,FL,45350,Middleburg CDP
12,FL,45425,Midway city
12,FL,45465,Midway CDP (Santa Rosa County)
12,FL,45475,Midway CDP (Seminole County)
12,FL,45750,Milton city
12,FL,45775,Mims CDP
12,FL,45900,Minneola city
12,FL,45975,Miramar city
12,FL,46000,Miramar Beach CDP
12,FL,46225,Molino CDP
12,FL,46500,Monticello city
12,FL,46520,Montura CDP
12,FL,46525,Montverde town
12,FL,46540,Moon Lake CDP
12,FL,46550,Moore Haven city
12,FL,46725,Morriston CDP
12,FL,47000,Mount Carmel CDP
12,FL,47050,Mount Dora city
12,FL,47125,Mount Plymouth CDP
12,FL,47175,Mulat CDP
12,FL,47200,Mulberry city
12,FL,47300,Munson CDP
12,FL,47550,Myrtle Grove CDP
12,FL,47625,Naples city
12,FL,47650,Naples Manor CDP
12,FL,47675,Naples Park CDP
12,FL,47700,Naranja CDP
12,FL,47787,Nassau Village-Ratliff CDP
12,FL,48050,Navarre CDP
12,FL,48055,Navarre Beach CDP
12,FL,48100,Neptune Beach city
12,FL,48200,Newberry city
12,FL,48500,New Port Richey city
12,FL,48525,New Port Richey East CDP
12,FL,48625,New Smyrna Beach city
12,FL,48750,Niceville city
12,FL,48825,Nobleton CDP
12,FL,48850,Nocatee CDP
12,FL,48875,Nokomis CDP
12,FL,48900,Noma town
12,FL,49225,North Bay Village city
12,FL,49237,North Brooksville CDP
12,FL,49260,Northdale CDP
12,FL,49275,North DeLand CDP
12,FL,49350,North Fort Myers CDP
12,FL,49406,North Key Largo CDP
12,FL,49425,North Lauderdale city
12,FL,49435,North Merritt Island CDP
12,FL,49450,North Miami city
12,FL,49475,North Miami Beach city
12,FL,49600,North Palm Beach village
12,FL,49675,North Port city
12,FL,49725,North Redington Beach town
12,FL,49750,North River Shores CDP
12,FL,49787,North Sarasota CDP
12,FL,49905,North Weeki Wachee CDP
12,FL,50450,Oak Hill city
12,FL,50525,Oakland town
12,FL,50575,Oakland Park city
12,FL,50630,Oakleaf Plantation CDP
12,FL,50638,Oak Ridge CDP
12,FL,50750,Ocala city
12,FL,50756,Ocala Estates CDP
12,FL,50875,Ocean Breeze town
12,FL,50925,Ocean City CDP
12,FL,50950,Ocean Ridge town
12,FL,51050,Ocklawaha CDP
12,FL,51075,Ocoee city
12,FL,51100,Odessa CDP
12,FL,51125,Ojus CDP
12,FL,51150,Okahumpka CDP
12,FL,51200,Okeechobee city
12,FL,51342,Old Miakka CDP
12,FL,51350,Oldsmar city
12,FL,51400,Olga CDP
12,FL,51475,Olympia Heights CDP
12,FL,51500,Ona CDP
12,FL,51587,On Top of the World CDP
12,FL,51650,Opa-locka city
12,FL,51825,Orange City city
12,FL,52125,Orange Park town
12,FL,52162,Orangetree CDP
12,FL,52175,Orchid town
12,FL,52250,Oriole Beach CDP
12,FL,53000,Orlando city
12,FL,53100,Orlovista CDP
12,FL,53150,Ormond Beach city
12,FL,53200,Ormond-by-the-Sea CDP
12,FL,53425,Osprey CDP
12,FL,53500,Otter Creek town
12,FL,53575,Oviedo city
12,FL,53725,Pace CDP
12,FL,53775,Page Park CDP
12,FL,53800,Pahokee city
12,FL,53850,Paisley CDP
12,FL,53875,Palatka city
12,FL,54000,Palm Bay city
12,FL,54025,Palm Beach town
12,FL,54075,Palm Beach Gardens city
12,FL,54150,Palm Beach Shores town
12,FL,54175,Palm City CDP
12,FL,54200,Palm Coast city
12,FL,54238,Palmer Ranch CDP
12,FL,54250,Palmetto city
12,FL,54275,Palmetto Bay village
12,FL,54300,Palmetto Estates CDP
12,FL,54350,Palm Harbor CDP
12,FL,54357,Palmona Park CDP
12,FL,54387,Palm River-Clair Mel CDP
12,FL,54425,Palm Shores town
12,FL,54450,Palm Springs village
12,FL,54500,Palm Springs North CDP
12,FL,54525,Palm Valley CDP
12,FL,54625,Panacea CDP
12,FL,54700,Panama City city
12,FL,54725,Panama City Beach city
12,FL,54912,Paradise Heights CDP
12,FL,55075,Parker city
12,FL,55125,Parkland city
12,FL,55305,Pasadena Hills CDP
12,FL,55375,Patrick AFB CDP
12,FL,55475,Paxton town
12,FL,55532,Pea Ridge CDP
12,FL,55540,Pebble Creek CDP
12,FL,55650,Pelican Bay CDP
12,FL,55680,Pelican Marsh CDP
12,FL,55750,Pembroke Park town
12,FL,55775,Pembroke Pines city
12,FL,55875,Penney Farms town
12,FL,55925,Pensacola city
12,FL,56004,Pensacola Station CDP
12,FL,56150,Perry city
12,FL,56425,Pierson town
12,FL,56475,Pine Air CDP
12,FL,56500,Pine Castle CDP
12,FL,56525,Pinecraft CDP
12,FL,56625,Pinecrest village
12,FL,56825,Pine Hills CDP
12,FL,56840,Pine Island CDP
12,FL,56850,Pine Island Center CDP
12,FL,56865,Pine Lakes CDP
12,FL,56875,Pineland CDP
12,FL,56955,Pine Level CDP
12,FL,56975,Pinellas Park city
12,FL,57025,Pine Manor CDP
12,FL,57058,Pine Ridge CDP (Citrus County)
12,FL,57066,Pine Ridge CDP (Collier County)
12,FL,57250,Pinewood CDP
12,FL,57320,Pioneer CDP
12,FL,57380,Pittman CDP
12,FL,57425,Plantation city
12,FL,57450,Plantation CDP
12,FL,57492,Plantation Island CDP
12,FL,57518,Plantation Mobile Home Park CDP
12,FL,57550,Plant City city
12,FL,57900,Poinciana CDP
12,FL,57908,Point Baker CDP
12,FL,57950,Polk City town
12,FL,58025,Pomona Park town
12,FL,58050,Pompano Beach city
12,FL,58175,Ponce de Leon town
12,FL,58200,Ponce Inlet town
12,FL,58350,Port Charlotte CDP
12,FL,58420,Port LaBelle CDP
12,FL,58575,Port Orange city
12,FL,58600,Port Richey city
12,FL,58675,Port St. Joe city
12,FL,58700,Port St. John CDP
12,FL,58715,Port St. Lucie city
12,FL,58727,Port Salerno CDP
12,FL,58962,Pretty Bayou CDP
12,FL,58975,Princeton CDP
12,FL,59050,Progress Village CDP
12,FL,59200,Punta Gorda city
12,FL,59250,Punta Rassa CDP
12,FL,59311,Quail Ridge CDP
12,FL,59325,Quincy city
12,FL,59400,Raiford town
12,FL,59450,Rainbow Lakes Estates CDP
12,FL,59466,Rainbow Park CDP
12,FL,59470,Rainbow Springs CDP
12,FL,59475,Raleigh CDP
12,FL,59675,Reddick town
12,FL,59725,Redington Beach town
12,FL,59750,Redington Shores town
12,FL,60225,Richmond Heights CDP
12,FL,60230,Richmond West CDP
12,FL,60275,Ridgecrest CDP
12,FL,60325,Ridge Manor CDP
12,FL,60475,Ridge Wood Heights CDP
12,FL,60550,Rio CDP
12,FL,60562,Rio Pinar CDP
12,FL,60785,River Park CDP
12,FL,60835,River Ridge CDP
12,FL,60950,Riverview CDP
12,FL,60975,Riviera Beach city
12,FL,61500,Rockledge city
12,FL,61615,Roeville CDP
12,FL,61807,Roosevelt Gardens CDP
12,FL,61875,Roseland CDP
12,FL,61937,Rotonda CDP
12,FL,62100,Royal Palm Beach village
12,FL,62118,Royal Palm Estates CDP
12,FL,62275,Ruskin CDP
12,FL,62425,Safety Harbor city
12,FL,62500,St. Augustine city
12,FL,62525,St. Augustine Beach city
12,FL,62550,St. Augustine Shores CDP
12,FL,62562,St. Augustine South CDP
12,FL,62625,St. Cloud city
12,FL,62650,St. George Island CDP
12,FL,62675,St. James City CDP
12,FL,62775,St. Leo town
12,FL,62800,St. Lucie Village town
12,FL,62825,St. Marks city
12,FL,62885,St. Pete Beach city
12,FL,63000,St. Petersburg city
12,FL,63225,Samoset CDP
12,FL,63362,Samsula-Spruce Creek CDP
12,FL,63375,San Antonio city
12,FL,63425,San Carlos Park CDP
12,FL,63435,San Castle CDP
12,FL,63650,Sanford city
12,FL,63700,Sanibel city
12,FL,64175,Sarasota city
12,FL,64325,Sarasota Springs CDP
12,FL,64400,Satellite Beach city
12,FL,64525,Sawgrass CDP
12,FL,64547,Schall Circle CDP
12,FL,64625,Scottsmoor CDP
12,FL,64725,Sea Ranch Lakes village
12,FL,64825,Sebastian city
12,FL,64875,Sebring city
12,FL,64925,Seffner CDP
12,FL,64975,Seminole city
12,FL,65100,Seminole Manor CDP
12,FL,65200,Seville CDP
12,FL,65225,Sewall's Point town
12,FL,65385,Shady Hills CDP
12,FL,65425,Shalimar town
12,FL,65525,Sharpes CDP
12,FL,66000,Siesta Key CDP
12,FL,66062,Silver Lake CDP
12,FL,66125,Silver Springs CDP
12,FL,66175,Silver Springs Shores CDP
12,FL,66179,Silver Springs Shores East CDP
12,FL,66425,Sky Lake CDP
12,FL,66725,Sneads town
12,FL,66875,Solana CDP
12,FL,66925,Sopchoppy city
12,FL,66975,Sorrento CDP
12,FL,67163,South Apopka CDP
12,FL,67175,South Bay city
12,FL,67192,South Beach CDP
12,FL,67258,South Bradenton CDP
12,FL,67266,South Brooksville CDP
12,FL,67270,Southchase CDP
12,FL,67325,South Daytona city
12,FL,67355,Southeast Arcadia CDP
12,FL,67425,Southgate CDP
12,FL,67450,South Gate Ridge CDP
12,FL,67462,South Highpoint CDP
12,FL,67550,South Miami city
12,FL,67575,South Miami Heights CDP
12,FL,67650,South Palm Beach town
12,FL,67675,South Pasadena city
12,FL,67725,South Patrick Shores CDP
12,FL,67887,South Sarasota CDP
12,FL,68100,South Venice CDP
12,FL,68135,Southwest Ranches town
12,FL,68275,Springfield city
12,FL,68350,Spring Hill CDP
12,FL,68365,Springhill CDP
12,FL,68375,Spring Lake CDP
12,FL,68435,Spring Ridge CDP
12,FL,68487,Stacey Street CDP
12,FL,68525,Starke city
12,FL,68625,Steinhatchee CDP
12,FL,68800,Stock Island CDP
12,FL,68875,Stuart city
12,FL,68950,Sugarmill Woods CDP
12,FL,69025,Sumatra CDP
12,FL,69250,Sun City Center CDP
12,FL,69275,Suncoast Estates CDP
12,FL,69555,Sunny Isles Beach city
12,FL,69700,Sunrise city
12,FL,69812,Sunset CDP
12,FL,70075,Surfside town
12,FL,70345,Sweetwater city
12,FL,70525,Taft CDP
12,FL,70600,Tallahassee city
12,FL,70675,Tamarac city
12,FL,70700,Tamiami CDP
12,FL,71000,Tampa city
12,FL,71075,Tangelo Park CDP
12,FL,71100,Tangerine CDP
12,FL,71150,Tarpon Springs city
12,FL,71225,Tavares city
12,FL,71250,Tavernier CDP
12,FL,71300,Taylor Creek CDP
12,FL,71400,Temple Terrace city
12,FL,71525,Tequesta village
12,FL,71564,The Acreage CDP
12,FL,71567,The Crossings CDP
12,FL,71569,The Hammocks CDP
12,FL,71580,The Meadows CDP
12,FL,71625,The Villages CDP
12,FL,71725,Thonotosassa CDP
12,FL,71741,Three Lakes CDP
12,FL,71758,Three Oaks CDP
12,FL,71800,Tice CDP
12,FL,71825,Tierra Verde CDP
12,FL,71842,Tiger Point CDP
12,FL,71850,Tildenville CDP
12,FL,71867,Timber Pines CDP
12,FL,71900,Titusville city
12,FL,72145,Town 'n' Country CDP
12,FL,72325,Treasure Island city
12,FL,72350,Trenton city
12,FL,72425,Trilby CDP
12,FL,72442,Trinity CDP
12,FL,72521,Tropical Park CDP
12,FL,72875,Tyndall AFB CDP
12,FL,73025,Umatilla city
12,FL,73075,Union Park CDP
12,FL,73163,University CDP (Hillsborough County)
12,FL,73172,University CDP (Orange County)
12,FL,73312,Upper Grand Lagoon CDP
12,FL,73675,Valparaiso city
12,FL,73700,Valrico CDP
12,FL,73725,Vamo CDP
12,FL,73900,Venice city
12,FL,73950,Venice Gardens CDP
12,FL,74016,Verandah CDP
12,FL,74125,Vernon city
12,FL,74150,Vero Beach city
12,FL,74200,Vero Beach South CDP
12,FL,74225,Vero Lake Estates CDP
12,FL,74235,Verona Walk CDP
12,FL,74368,Viera East CDP
12,FL,74370,Viera West CDP
12,FL,74400,Vilano Beach CDP
12,FL,74512,Villas CDP
12,FL,74562,Vineyards CDP
12,FL,74575,Virginia Gardens village
12,FL,74625,Wabasso CDP
12,FL,74635,Wabasso Beach CDP
12,FL,74700,Wacissa CDP
12,FL,74775,Wahneta CDP
12,FL,74925,Waldo city
12,FL,74975,Wallace CDP
12,FL,75175,Warm Mineral Springs CDP
12,FL,75200,Warrington CDP
12,FL,75225,Washington Park CDP
12,FL,75275,Watergate CDP
12,FL,75300,Watertown CDP
12,FL,75375,Wauchula city
12,FL,75425,Waukeenah CDP
12,FL,75450,Wausau town
12,FL,75475,Waverly CDP
12,FL,75600,Webster city
12,FL,75612,Wedgefield CDP
12,FL,75641,Weeki Wachee Gardens CDP
12,FL,75725,Wekiwa Springs CDP
12,FL,75750,Welaka town
12,FL,75812,Wellington village
12,FL,75875,Wesley Chapel CDP
12,FL,76050,West Bradenton CDP
12,FL,76058,West Canaveral Groves CDP
12,FL,76062,Westchase CDP
12,FL,76075,Westchester CDP
12,FL,76087,West DeLand CDP
12,FL,76290,Westgate CDP
12,FL,76417,Westlake city
12,FL,76481,West Lealman CDP
12,FL,76487,West Little River CDP
12,FL,76500,West Melbourne city
12,FL,76525,West Miami city
12,FL,76582,Weston city
12,FL,76600,West Palm Beach city
12,FL,76658,West Park city
12,FL,76675,West Pensacola CDP
12,FL,76700,West Perrine CDP
12,FL,76740,West Samoset CDP
12,FL,76937,West Vero Corridor CDP
12,FL,76950,Westview CDP
12,FL,76975,Westville town
12,FL,77075,Westwood Lakes CDP
12,FL,77100,Wewahitchka city
12,FL,77137,Whiskey Creek CDP
12,FL,77275,White City CDP
12,FL,77400,White Springs town
12,FL,77467,Whitfield CDP (Manatee County)
12,FL,77470,Whitfield CDP (Santa Rosa County)
12,FL,77675,Wildwood city
12,FL,77735,Williamsburg CDP
12,FL,77825,Williston city
12,FL,77837,Williston Highlands CDP
12,FL,77862,Willow Oak CDP
12,FL,78000,Wilton Manors city
12,FL,78025,Wimauma CDP
12,FL,78050,Windermere town
12,FL,78063,Winding Cypress CDP
12,FL,78110,Windsor CDP
12,FL,78225,Winter Beach CDP
12,FL,78250,Winter Garden city
12,FL,78275,Winter Haven city
12,FL,78300,Winter Park city
12,FL,78325,Winter Springs city
12,FL,78340,Wiscon CDP
12,FL,78500,Woodlawn Beach CDP
12,FL,78700,Woodville CDP
12,FL,78740,World Golf Village CDP
12,FL,78775,Worthington Springs town
12,FL,78800,Wright CDP
12,FL,78900,Yalaha CDP
12,FL,78925,Yankeetown town
12,FL,78975,Yeehaw Junction CDP
12,FL,79175,Yulee CDP
12,FL,79200,Zellwood CDP
12,FL,79225,Zephyrhills city
12,FL,79231,Zephyrhills North CDP
12,FL,79237,Zephyrhills South CDP
12,FL,79243,Zephyrhills West CDP
12,FL,79250,Zolfo Springs town
13,GA,00184,Abbeville city
13,GA,00408,Acworth city
13,GA,00436,Adairsville city
13,GA,00576,Adel city
13,GA,00660,Adrian city
13,GA,00828,Ailey city
13,GA,00996,Alamo town
13,GA,01024,Alapaha town
13,GA,01052,Albany city
13,GA,01248,Aldora town
13,GA,01472,Allenhurst city
13,GA,01500,Allentown city
13,GA,01612,Alma city
13,GA,01696,Alpharetta city
13,GA,01808,Alston town
13,GA,01948,Alto town
13,GA,02060,Ambrose city
13,GA,02116,Americus city
13,GA,02256,Andersonville city
13,GA,02364,Antioch CDP
13,GA,02536,Appling CDP
13,GA,02564,Arabi town
13,GA,02592,Aragon city
13,GA,02648,Arcade city
13,GA,02844,Argyle town
13,GA,02928,Arlington city
13,GA,03124,Arnoldsville city
13,GA,03236,Ashburn city
13,GA,03440,Athens-Clarke County unified government (balance)
13,GA,04000,Atlanta city
13,GA,04084,Attapulgus city
13,GA,04140,Auburn city
13,GA,04204,Augusta-Richmond County consolidated government (balance)
13,GA,04252,Austell city
13,GA,04392,Avalon town
13,GA,04448,Avera city
13,GA,04644,Avondale Estates city
13,GA,04700,Axson CDP
13,GA,04840,Baconton city
13,GA,04896,Bainbridge city
13,GA,04980,Baldwin city
13,GA,05036,Ball Ground city
13,GA,05344,Barnesville city
13,GA,05680,Bartow town
13,GA,05708,Barwick city
13,GA,06016,Baxley city
13,GA,06688,Bellville city
13,GA,06884,Belvedere Park CDP
13,GA,06968,Bemiss CDP
13,GA,07248,Berkeley Lake city
13,GA,07304,Berlin city
13,GA,07380,Berry College CDP
13,GA,07612,Bethlehem town
13,GA,07640,Between town
13,GA,08200,Bishop town
13,GA,08284,Blackshear city
13,GA,08480,Blairsville city
13,GA,08536,Blakely city
13,GA,08844,Bloomingdale city
13,GA,08928,Blue Ridge city
13,GA,08956,Bluffton town
13,GA,09040,Blythe city
13,GA,09068,Bogart town
13,GA,09152,Bolingbroke CDP
13,GA,09272,Bonanza CDP
13,GA,09460,Boston city
13,GA,09488,Bostwick city
13,GA,09544,Bowdon city
13,GA,09656,Bowersville town
13,GA,09712,Bowman city
13,GA,09768,Box Springs CDP
13,GA,09852,Boykin CDP
13,GA,10076,Braselton town
13,GA,10104,Braswell town
13,GA,10132,Bremen city
13,GA,10608,Brinson town
13,GA,10664,Bristol CDP
13,GA,10860,Bronwood town
13,GA,10944,Brookhaven city
13,GA,11000,Brooklet city
13,GA,11056,Brooks town
13,GA,11504,Broxton city
13,GA,11560,Brunswick city
13,GA,11616,Buchanan city
13,GA,11626,Buckhead CDP
13,GA,11672,Buckhead town
13,GA,11728,Buena Vista city
13,GA,11784,Buford city
13,GA,12120,Butler city
13,GA,12232,Byromville town
13,GA,12260,Byron city
13,GA,12344,Cadwell town
13,GA,12400,Cairo city
13,GA,12456,Calhoun city
13,GA,12484,Calvary CDP
13,GA,12512,Camak town
13,GA,12624,Camilla city
13,GA,12834,Candler-McAfee CDP
13,GA,12932,Canon city
13,GA,12960,Canoochee CDP
13,GA,12988,Canton city
13,GA,13184,Carl town
13,GA,13212,Carlton city
13,GA,13352,Carnesville city
13,GA,13492,Carrollton city
13,GA,13688,Cartersville city
13,GA,14024,Cataula CDP
13,GA,14108,Cave Spring city
13,GA,14192,Cecil city
13,GA,14472,Cedar Springs CDP
13,GA,14500,Cedartown city
13,GA,14920,Centerville city
13,GA,15026,Centralhatchee town
13,GA,15172,Chamblee city
13,GA,15508,Chatsworth city
13,GA,15552,Chattahoochee Hills city
13,GA,15585,Chattanooga Valley CDP
13,GA,15648,Chauncey city
13,GA,15844,Cherry Log CDP
13,GA,15900,Chester town
13,GA,15984,Chickamauga city
13,GA,16460,Clarkesville city
13,GA,16544,Clarkston city
13,GA,16600,Claxton city
13,GA,16656,Clayton city
13,GA,16796,Clermont town
13,GA,16824,Cleveland city
13,GA,16908,Climax city
13,GA,17132,Clyattville CDP
13,GA,17272,Cobbtown city
13,GA,17328,Cochran city
13,GA,17468,Cogdell CDP
13,GA,17496,Cohutta city
13,GA,17552,Colbert city
13,GA,17580,Coleman CDP
13,GA,17776,College Park city
13,GA,17832,Collins city
13,GA,18000,Colquitt city
13,GA,19000,Columbus city
13,GA,19084,Comer city
13,GA,19112,Commerce city
13,GA,19168,Concord city
13,GA,19280,Conley CDP
13,GA,19336,Conyers city
13,GA,19392,Coolidge city
13,GA,19616,Cordele city
13,GA,19728,Cornelia city
13,GA,19830,Country Club Estates CDP
13,GA,20064,Covington city
13,GA,20288,Crawford city
13,GA,20316,Crawfordville city
13,GA,20372,Crescent CDP
13,GA,20550,Crooked Creek CDP
13,GA,20848,Culloden city
13,GA,20932,Cumming city
13,GA,21017,Cusseta-Chattahoochee County unified government
13,GA,21072,Cuthbert city
13,GA,21184,Dacula city
13,GA,21240,Dahlonega city
13,GA,21268,Daisy city
13,GA,21324,Dallas city
13,GA,21380,Dalton city
13,GA,21436,Damascus city
13,GA,21632,Danielsville city
13,GA,21688,Danville town
13,GA,21716,Darien city
13,GA,21744,Dasher town
13,GA,21800,Davisboro city
13,GA,21912,Dawson city
13,GA,21940,Dawsonville city
13,GA,22024,Dearing town
13,GA,22052,Decatur city
13,GA,22080,Deenwood CDP
13,GA,22108,Deepstep town
13,GA,22304,Demorest city
13,GA,22388,Denton city
13,GA,22472,De Soto city
13,GA,22724,Dewy Rose CDP
13,GA,22752,Dexter town
13,GA,22976,Dillard city
13,GA,23060,Dixie CDP
13,GA,23144,Dixie Union CDP
13,GA,23200,Dock Junction CDP
13,GA,23284,Doerun city
13,GA,23368,Donalsonville city
13,GA,23480,Dooling town
13,GA,23536,Doraville city
13,GA,23872,Douglas city
13,GA,23900,Douglasville city
13,GA,24264,Druid Hills CDP
13,GA,24376,Dublin city
13,GA,24488,Dudley city
13,GA,24600,Duluth city
13,GA,24768,Dunwoody city
13,GA,24796,Du Pont town
13,GA,24876,Dutch Island CDP
13,GA,24964,Eagle Grove CDP
13,GA,25300,East Dublin city
13,GA,25356,East Ellijay city
13,GA,25440,East Griffin CDP
13,GA,25552,Eastman city
13,GA,25692,East Newnan CDP
13,GA,25720,East Point city
13,GA,26084,Eatonton city
13,GA,26156,Echols County consolidated government
13,GA,26224,Edge Hill city
13,GA,26448,Edison city
13,GA,26616,Elberton city
13,GA,26980,Ellaville city
13,GA,27008,Ellenton town
13,GA,27064,Ellerslie CDP
13,GA,27092,Ellijay city
13,GA,27344,Emerson city
13,GA,27512,Empire CDP
13,GA,27596,Enigma town
13,GA,27708,Ephesus city
13,GA,27736,Epworth CDP
13,GA,27932,Eton city
13,GA,27988,Euharlee city
13,GA,28016,Eulonia CDP
13,GA,28044,Evans CDP
13,GA,28100,Everett CDP
13,GA,28296,Experiment CDP
13,GA,28324,Faceville CDP
13,GA,28380,Fairburn city
13,GA,28440,Fairfield Plantation CDP
13,GA,28492,Fairmount city
13,GA,28520,Fair Oaks CDP
13,GA,28548,Fairplay CDP
13,GA,28632,Fairview CDP
13,GA,28744,Fargo city
13,GA,28968,Fayetteville city
13,GA,29528,Fitzgerald city
13,GA,30088,Flemington city
13,GA,30312,Flovilla city
13,GA,30340,Flowery Branch city
13,GA,30424,Folkston city
13,GA,30536,Forest Park city
13,GA,30732,Forsyth city
13,GA,30816,Fort Gaines city
13,GA,30956,Fort Oglethorpe city
13,GA,31068,Fort Stewart CDP
13,GA,31096,Fort Valley city
13,GA,31292,Franklin city
13,GA,31320,Franklin Springs city
13,GA,31684,Funston city
13,GA,31908,Gainesville city
13,GA,32048,Garden City city
13,GA,32132,Gardi CDP
13,GA,32188,Garfield city
13,GA,32384,Gay town
13,GA,32412,Geneva town
13,GA,32482,Georgetown CDP
13,GA,32528,Georgetown-Quitman County unified government
13,GA,32748,Gibson city
13,GA,32860,Gillsville city
13,GA,32916,Girard town
13,GA,33280,Glenn CDP
13,GA,33336,Glennville city
13,GA,33392,Glenwood city
13,GA,33672,Godfrey CDP
13,GA,33896,Good Hope city
13,GA,33980,Gordon city
13,GA,34176,Gough CDP
13,GA,34260,Graham city
13,GA,34428,Grantville city
13,GA,34512,Gray city
13,GA,34596,Grayson city
13,GA,34876,Greensboro city
13,GA,35016,Greenville city
13,GA,35240,Gresham Park CDP
13,GA,35324,Griffin city
13,GA,35716,Grovetown city
13,GA,35800,Gumbranch city
13,GA,35814,Gumlog CDP
13,GA,35884,Guyton city
13,GA,36024,Hagan city
13,GA,36052,Hahira city
13,GA,36220,Hamilton city
13,GA,36276,Hampton city
13,GA,36416,Hannahs Mill CDP
13,GA,36472,Hapeville city
13,GA,36528,Haralson town
13,GA,36668,Hardwick CDP
13,GA,36696,Harlem city
13,GA,36920,Harrison town
13,GA,37144,Hartwell city
13,GA,37396,Hawkinsville city
13,GA,37564,Hazlehurst city
13,GA,37788,Helen city
13,GA,37910,Henderson CDP
13,GA,38040,Hephzibah city
13,GA,38105,Heron Bay CDP
13,GA,38124,Hiawassee city
13,GA,38292,Hickox CDP
13,GA,38348,Higgston town
13,GA,38866,Hilltop CDP
13,GA,38920,Hiltonia town
13,GA,38964,Hinesville city
13,GA,39076,Hiram city
13,GA,39216,Hoboken city
13,GA,39244,Hogansville city
13,GA,39524,Holly Springs city
13,GA,39692,Homeland city
13,GA,39720,Homer town
13,GA,39748,Homerville city
13,GA,40028,Hortense CDP
13,GA,40056,Hoschton city
13,GA,40196,Howard CDP
13,GA,40532,Hull city
13,GA,40812,Ideal city
13,GA,40840,Ila city
13,GA,41036,Indian Springs CDP
13,GA,41344,Iron City town
13,GA,41347,Irondale CDP
13,GA,41400,Irwinton city
13,GA,41484,Isle of Hope CDP
13,GA,41540,Ivey city
13,GA,41596,Jackson city
13,GA,41708,Jacksonville city
13,GA,41792,Jakin city
13,GA,41932,Jasper city
13,GA,41988,Jefferson city
13,GA,42100,Jeffersonville city
13,GA,42128,Jekyll Island CDP
13,GA,42156,Jenkinsburg city
13,GA,42184,Jersey city
13,GA,42268,Jesup city
13,GA,42425,Johns Creek city
13,GA,42604,Jonesboro city
13,GA,42772,Juliette CDP
13,GA,42800,Junction City town
13,GA,43192,Kennesaw city
13,GA,43210,Kennesaw State University CDP
13,GA,43360,Keysville city
13,GA,43580,Kings Bay Base CDP
13,GA,43640,Kingsland city
13,GA,43668,Kingston city
13,GA,43892,Kite city
13,GA,44060,Knoxville CDP
13,GA,44312,LaFayette city
13,GA,44340,LaGrange city
13,GA,44508,Lake City city
13,GA,44592,Lakeland city
13,GA,44704,Lake Park city
13,GA,44900,Lakeview CDP
13,GA,44956,Lakeview Estates CDP
13,GA,45460,Lavonia city
13,GA,45488,Lawrenceville city
13,GA,45600,Leary city
13,GA,45768,Leesburg city
13,GA,45936,Lenox town
13,GA,46020,Leslie city
13,GA,46188,Lexington city
13,GA,46356,Lilburn city
13,GA,46384,Lilly city
13,GA,46524,Lincoln Park CDP
13,GA,46552,Lincolnton city
13,GA,46580,Lindale CDP
13,GA,46832,Lithia Springs CDP
13,GA,46860,Lithonia city
13,GA,47140,Locust Grove city
13,GA,47196,Loganville city
13,GA,47252,Lone Oak town
13,GA,47336,Lookout Mountain city
13,GA,47560,Louisville city
13,GA,47616,Lovejoy city
13,GA,47784,Ludowici city
13,GA,47896,Lula city
13,GA,47952,Lumber City city
13,GA,47980,Lumpkin city
13,GA,48008,Luthersville city
13,GA,48092,Lyerly town
13,GA,48232,Lyons city
13,GA,48288,Mableton CDP
13,GA,48428,McCaysville city
13,GA,48624,McDonough city
13,GA,48848,McIntyre town
13,GA,49008,Macon-Bibb County
13,GA,49100,McRae-Helena city
13,GA,49196,Madison city
13,GA,49504,Manassas city
13,GA,49532,Manchester city
13,GA,49588,Manor CDP
13,GA,49616,Mansfield city
13,GA,49756,Marietta city
13,GA,49924,Marshallville city
13,GA,50008,Martin town
13,GA,50036,Martinez CDP
13,GA,50176,Matthews CDP
13,GA,50260,Maxeys town
13,GA,50484,Maysville town
13,GA,50596,Meansville city
13,GA,50680,Meigs city
13,GA,50820,Mendes CDP
13,GA,50848,Menlo city
13,GA,50960,Mershon CDP
13,GA,51072,Metter city
13,GA,51240,Midville city
13,GA,51352,Midway city
13,GA,51408,Milan city
13,GA,51492,Milledgeville city
13,GA,51520,Millen city
13,GA,51576,Millwood CDP
13,GA,51604,Milner city
13,GA,51660,Milstead CDP
13,GA,51670,Milton city
13,GA,51744,Mineral Bluff CDP
13,GA,51968,Mitchell town
13,GA,52108,Molena city
13,GA,52192,Monroe city
13,GA,52304,Montezuma city
13,GA,52332,Montgomery CDP
13,GA,52416,Monticello city
13,GA,52500,Montrose town
13,GA,52556,Moody AFB CDP
13,GA,52668,Moreland town
13,GA,52696,Morgan city
13,GA,52724,Morganton city
13,GA,53004,Morrow city
13,GA,53032,Morven city
13,GA,53060,Moultrie city
13,GA,53116,Mountain City town
13,GA,53172,Mountain Park city
13,GA,53186,Mountain Park CDP
13,GA,53284,Mount Airy town
13,GA,53508,Mount Vernon city
13,GA,53620,Mount Zion city
13,GA,54012,Musella CDP
13,GA,54124,Nahunta city
13,GA,54264,Nashville city
13,GA,54404,Naylor CDP
13,GA,54572,Nelson city
13,GA,54656,Newborn town
13,GA,54768,New England CDP
13,GA,54992,Newington town
13,GA,55020,Newnan city
13,GA,55244,Newton city
13,GA,55440,Nicholls city
13,GA,55468,Nicholson city
13,GA,55776,Norcross city
13,GA,55860,Norman Park city
13,GA,55944,Norristown CDP
13,GA,56112,North Decatur CDP
13,GA,56168,North Druid Hills CDP
13,GA,56308,North High Shoals town
13,GA,56560,Norwood city
13,GA,56644,Nunez city
13,GA,57232,Oak Park town
13,GA,57260,Oakwood city
13,GA,57372,Ochlocknee town
13,GA,57428,Ocilla city
13,GA,57456,Oconee city
13,GA,57540,Odum city
13,GA,57568,Offerman city
13,GA,57736,Oglethorpe city
13,GA,57876,Ohoopee CDP
13,GA,58100,Oliver city
13,GA,58184,Omega city
13,GA,58296,Orchard Hill town
13,GA,58744,Oxford city
13,GA,58884,Palmetto city
13,GA,59080,Panthersville CDP
13,GA,59416,Parrott town
13,GA,59500,Patterson city
13,GA,59556,Pavo city
13,GA,59724,Peachtree City city
13,GA,59735,Peachtree Corners city
13,GA,59808,Pearson city
13,GA,59976,Pelham city
13,GA,60004,Pembroke city
13,GA,60032,Pendergrass town
13,GA,60312,Perkins CDP
13,GA,60340,Perry city
13,GA,60508,Phillipsburg CDP
13,GA,60984,Pinehurst city
13,GA,61040,Pine Lake city
13,GA,61124,Pine Mountain town
13,GA,61320,Pineview town
13,GA,61376,Piney Grove CDP
13,GA,61544,Pitts city
13,GA,61628,Plains city
13,GA,61684,Plainville city
13,GA,62104,Pooler city
13,GA,62216,Portal town
13,GA,62244,Porterdale city
13,GA,62328,Port Wentworth city
13,GA,62496,Poulan city
13,GA,62524,Powder Springs city
13,GA,63000,Pulaski town
13,GA,63084,Putney CDP
13,GA,63224,Quitman city
13,GA,63560,Ranger town
13,GA,63588,Raoul CDP
13,GA,63728,Ray City city
13,GA,63756,Rayle town
13,GA,63840,Rebecca town
13,GA,63952,Redan CDP
13,GA,64288,Reed Creek CDP
13,GA,64372,Register town
13,GA,64512,Reidsville city
13,GA,64596,Remerton city
13,GA,64680,Rentz city
13,GA,64736,Resaca town
13,GA,64792,Rest Haven town
13,GA,64876,Reynolds city
13,GA,64932,Rhine town
13,GA,64960,Riceboro city
13,GA,65016,Richland city
13,GA,65044,Richmond Hill city
13,GA,65156,Riddleville town
13,GA,65296,Rincon city
13,GA,65324,Ringgold city
13,GA,65464,Riverdale city
13,GA,65856,Roberta city
13,GA,65968,Robins AFB CDP
13,GA,66024,Rochelle city
13,GA,66220,Rockingham CDP
13,GA,66276,Rockmart city
13,GA,66304,Rock Spring CDP
13,GA,66444,Rocky Ford town
13,GA,66668,Rome city
13,GA,66696,Roopville town
13,GA,67256,Rossville city
13,GA,67284,Roswell city
13,GA,67452,Royston city
13,GA,67676,Russell CDP
13,GA,67760,Rutledge city
13,GA,67984,St. Marys city
13,GA,68040,St. Simons CDP
13,GA,68096,Sale City city
13,GA,68129,Salem CDP
13,GA,68208,Sandersville city
13,GA,68516,Sandy Springs city
13,GA,68600,Santa Claus city
13,GA,68740,Sardis city
13,GA,68796,Sasser town
13,GA,68805,Satilla CDP
13,GA,68880,Sautee-Nacoochee CDP
13,GA,69000,Savannah city
13,GA,69336,Scotland city
13,GA,69392,Scottdale CDP
13,GA,69448,Screven city
13,GA,69672,Senoia city
13,GA,69728,Seville CDP
13,GA,69784,Shady Dale town
13,GA,69868,Shannon CDP
13,GA,69896,Sharon city
13,GA,69980,Sharpsburg town
13,GA,70120,Shellman city
13,GA,70428,Shiloh city
13,GA,70932,Siloam town
13,GA,71184,Skidaway Island CDP
13,GA,71282,Sky Valley city
13,GA,71296,Smarr CDP
13,GA,71464,Smithville city
13,GA,71492,Smyrna city
13,GA,71604,Snellville city
13,GA,71660,Social Circle city
13,GA,71772,Soperton city
13,GA,72122,South Fulton city
13,GA,72556,Sparks town
13,GA,72584,Sparta city
13,GA,72780,Springfield city
13,GA,73004,Stapleton city
13,GA,73256,Statesboro city
13,GA,73312,Statham city
13,GA,73452,Sterling CDP
13,GA,73620,Stillmore city
13,GA,73704,Stockbridge city
13,GA,73760,Stockton CDP
13,GA,73784,Stonecrest city
13,GA,73816,Stone Mountain city
13,GA,74180,Sugar Hill city
13,GA,74348,Summertown city
13,GA,74376,Summerville city
13,GA,74432,Sumner town
13,GA,74572,Sunny Side city
13,GA,74628,Sunnyside CDP
13,GA,74768,Sunset Village CDP
13,GA,74852,Surrency town
13,GA,74936,Suwanee city
13,GA,74964,Swainsboro city
13,GA,75104,Sycamore city
13,GA,75160,Sylvania city
13,GA,75188,Sylvester city
13,GA,75239,Talahi Island CDP
13,GA,75244,Talbotton city
13,GA,75272,Talking Rock town
13,GA,75300,Tallapoosa city
13,GA,75328,Tallulah Falls town
13,GA,75412,Talmo town
13,GA,75496,Tarrytown town
13,GA,75580,Tate City CDP
13,GA,75664,Taylorsville town
13,GA,75692,Tazewell CDP
13,GA,75832,Temple city
13,GA,75888,Tennille city
13,GA,76112,The Rock CDP
13,GA,76168,Thomaston city
13,GA,76224,Thomasville city
13,GA,76280,Thomson city
13,GA,76364,Thunderbolt town
13,GA,76476,Tifton city
13,GA,76504,Tiger town
13,GA,76532,Tignall town
13,GA,76756,Toccoa city
13,GA,76952,Toomsboro city
13,GA,77372,Trenton city
13,GA,77540,Trion town
13,GA,77652,Tucker city
13,GA,77736,Tunnel Hill city
13,GA,77764,Turin town
13,GA,77988,Twin City city
13,GA,78036,Tybee Island city
13,GA,78044,Tyrone town
13,GA,78100,Ty Ty city
13,GA,78156,Unadilla city
13,GA,78324,Union City city
13,GA,78380,Union Point city
13,GA,78464,Unionville CDP
13,GA,78744,Uvalda city
13,GA,78800,Valdosta city
13,GA,78996,Varnell city
13,GA,79164,Vernonburg town
13,GA,79388,Vidalia city
13,GA,79416,Vidette city
13,GA,79444,Vienna city
13,GA,79528,Villa Rica city
13,GA,79612,Vinings CDP
13,GA,79808,Waco city
13,GA,79864,Wadley city
13,GA,79948,Waleska city
13,GA,80228,Walnut Grove city
13,GA,80256,Walthourville city
13,GA,80368,Waresboro CDP
13,GA,80480,Warm Springs city
13,GA,80508,Warner Robins city
13,GA,80592,Warrenton city
13,GA,80648,Warthen CDP
13,GA,80676,Warwick city
13,GA,80704,Washington city
13,GA,80788,Watkinsville city
13,GA,80816,Waverly CDP
13,GA,80844,Waverly Hall town
13,GA,80956,Waycross city
13,GA,80984,Waynesboro city
13,GA,81012,Waynesville CDP
13,GA,81128,Webster County unified government
13,GA,81208,Wenona CDP
13,GA,81488,West Brow CDP
13,GA,82132,West Point city
13,GA,82412,Whigham city
13,GA,82468,White city
13,GA,82636,Whitemarsh Island CDP
13,GA,82692,White Plains city
13,GA,82720,Whitesburg city
13,GA,82916,Wildwood CDP
13,GA,82972,Willacoochee city
13,GA,83084,Williamson city
13,GA,83168,Wilmington Island CDP
13,GA,83420,Winder city
13,GA,83728,Winterville city
13,GA,83868,Woodbine city
13,GA,83896,Woodbury city
13,GA,83952,Woodland city
13,GA,84176,Woodstock city
13,GA,84260,Woodville city
13,GA,84288,Woolsey town
13,GA,84456,Wrens city
13,GA,84512,Wrightsville city
13,GA,84708,Yatesville town
13,GA,84832,Yonah CDP
13,GA,84960,Young Harris city
13,GA,85128,Zebulon city
15,HI,00400,Ahuimanu CDP
15,HI,00550,Aiea CDP
15,HI,01085,Ainaloa CDP
15,HI,02200,Anahola CDP
15,HI,02832,Black Sands CDP
15,HI,03850,Captain Cook CDP
15,HI,05900,Discovery Harbour CDP
15,HI,06290,East Honolulu CDP
15,HI,06300,East Kapolei CDP
15,HI,06325,Eden Roc CDP
15,HI,07000,Eleele CDP
15,HI,07450,Ewa Beach CDP
15,HI,07470,Ewa Gentry CDP
15,HI,07485,Ewa Villages CDP
15,HI,07542,Fern Acres CDP
15,HI,07675,Fern Forest CDP
15,HI,08950,Haena CDP
15,HI,09260,Haiku-Pauwela CDP
15,HI,09700,Halaula CDP
15,HI,10000,Halawa CDP
15,HI,10750,Haleiwa CDP
15,HI,10900,Haliimaile CDP
15,HI,11350,Hana CDP
15,HI,11500,Hanalei CDP
15,HI,11650,Hanamaulu CDP
15,HI,11800,Hanapepe CDP
15,HI,12400,Hauula CDP
15,HI,12450,Hawaiian Acres CDP
15,HI,12500,Hawaiian Beaches CDP
15,HI,12530,Hawaiian Ocean View CDP
15,HI,12600,Hawaiian Paradise Park CDP
15,HI,13600,Hawi CDP
15,HI,13900,Heeia CDP
15,HI,13970,Helemano CDP
15,HI,14200,Hickam Housing CDP
15,HI,14650,Hilo CDP
15,HI,15700,Holualoa CDP
15,HI,16000,Honalo CDP
15,HI,16160,Honaunau-Napoopoo CDP
15,HI,16450,Honokaa CDP
15,HI,17450,Honomu CDP
15,HI,19100,Iroquois Point CDP
15,HI,19550,Kaaawa CDP
15,HI,20000,Kaanapali CDP
15,HI,21200,Kahaluu CDP
15,HI,21230,Kahaluu-Keauhou CDP
15,HI,22250,Kahuku CDP
15,HI,22700,Kahului CDP
15,HI,23000,Kailua CDP (Hawaii County)
15,HI,23150,Kailua CDP (Honolulu County)
15,HI,23675,Kaiminani CDP
15,HI,24850,Kalaeloa CDP
15,HI,24950,Kalaheo CDP
15,HI,25700,Kalapana CDP
15,HI,26750,Kalihiwai CDP
15,HI,26867,Kaloko CDP
15,HI,27350,Kamaili CDP
15,HI,28250,Kaneohe CDP
15,HI,28287,Kaneohe Base CDP
15,HI,28850,Kapaa CDP
15,HI,29000,Kapaau CDP
15,HI,29725,Kapalua CDP
15,HI,30300,Kapolei CDP
15,HI,30650,Kaumakani CDP
15,HI,31100,Kaunakakai CDP
15,HI,32700,Kawela Bay CDP
15,HI,32900,Keaau CDP
15,HI,33950,Kealakekua CDP
15,HI,35600,Kekaha CDP
15,HI,36050,Keokea CDP
15,HI,36500,Kihei CDP
15,HI,36650,Kilauea CDP
15,HI,39200,Koloa CDP
15,HI,39400,Ko Olina CDP
15,HI,39500,Kualapuu CDP
15,HI,41000,Kukuihaele CDP
15,HI,41600,Kula CDP
15,HI,42800,Kurtistown CDP
15,HI,42950,Lahaina CDP
15,HI,43250,Laie CDP
15,HI,43700,Lanai City CDP
15,HI,44075,Launiupoko CDP
15,HI,44150,Laupahoehoe CDP
15,HI,44450,Lawai CDP
15,HI,44562,Leilani Estates CDP
15,HI,45200,Lihue CDP
15,HI,46400,Maalaea CDP
15,HI,47050,Mahinahina CDP
15,HI,47300,Maili CDP
15,HI,47450,Makaha CDP
15,HI,47560,Makaha Valley CDP
15,HI,47600,Makakilo CDP
15,HI,48050,Makawao CDP
15,HI,48350,Makena CDP
15,HI,49425,Manele CDP
15,HI,50150,Maunaloa CDP
15,HI,50375,Mauna Loa Estates CDP
15,HI,50750,Maunawili CDP
15,HI,51000,Mililani Mauka CDP
15,HI,51050,Mililani Town CDP
15,HI,52550,Mokuleia CDP
15,HI,53300,Mountain View CDP
15,HI,53600,Naalehu CDP
15,HI,53900,Nanakuli CDP
15,HI,53975,Nanawale Estates CDP
15,HI,54100,Napili-Honokowai CDP
15,HI,56685,Ocean Pointe CDP
15,HI,57350,Olinda CDP
15,HI,57650,Olowalu CDP
15,HI,57800,Omao CDP
15,HI,58775,Orchidlands Estates CDP
15,HI,59300,Paauilo CDP
15,HI,59750,Pahala CDP
15,HI,59900,Pahoa CDP
15,HI,60200,Paia CDP
15,HI,60350,Pakala Village CDP
15,HI,61550,Papaikou CDP
15,HI,61700,Paukaa CDP
15,HI,62600,Pearl City CDP
15,HI,63650,Pepeekeo CDP
15,HI,64550,Poipu CDP
15,HI,65075,Princeville CDP
15,HI,65150,Puako CDP
15,HI,65750,Puhi CDP
15,HI,65900,Pukalani CDP
15,HI,66500,Punaluu CDP
15,HI,66800,Pupukea CDP
15,HI,68807,Royal Hawaiian Estates CDP
15,HI,68815,Royal Kunia CDP
15,HI,69050,Schofield Barracks CDP
15,HI,69238,Seaview CDP
15,HI,70280,Tiki Gardens CDP
15,HI,70700,Ualapue CDP
15,HI,71550,Urban Honolulu CDP
15,HI,72350,Volcano CDP
15,HI,72468,Volcano Golf Course CDP
15,HI,72650,Wahiawa CDP
15,HI,72957,Waiahole-Waikane CDP
15,HI,74000,Waialua CDP
15,HI,74450,Waianae CDP
15,HI,75510,Waihee-Waiehu CDP
15,HI,75950,Waikapu CDP
15,HI,76250,Waikele CDP
15,HI,76584,Waikoloa Beach Resort CDP
15,HI,76600,Waikoloa Village CDP
15,HI,76925,Wailea CDP
15,HI,77000,Wailua CDP
15,HI,77225,Wailua Homesteads CDP
15,HI,77450,Wailuku CDP
15,HI,77750,Waimalu CDP
15,HI,78050,Waimanalo CDP
15,HI,78200,Waimanalo Beach CDP
15,HI,78500,Waimea CDP (Hawaii County)
15,HI,78800,Waimea CDP (Kauai County)
15,HI,78950,Wainaku CDP
15,HI,79250,Wainiha CDP
15,HI,79550,Waiohinu CDP
15,HI,79700,Waipahu CDP
15,HI,79860,Waipio CDP
15,HI,80000,Waipio Acres CDP
15,HI,80470,West Loch Estate CDP
15,HI,80600,Wheeler AFB CDP
15,HI,80900,Whitmore Village CDP
16,ID,00100,Aberdeen city
16,ID,00280,Acequia city
16,ID,01000,Albion city
16,ID,01900,American Falls city
16,ID,01990,Ammon city
16,ID,02935,Arbon Valley CDP
16,ID,03160,Arco city
16,ID,03340,Arimo city
16,ID,03610,Ashton city
16,ID,03700,Athol city
16,ID,04105,Avimor CDP
16,ID,04420,Bancroft city
16,ID,04600,Banks CDP
16,ID,05230,Basalt city
16,ID,06220,Bellevue city
16,ID,06670,Bennington CDP
16,ID,07840,Blackfoot city
16,ID,08290,Blanchard CDP
16,ID,08470,Bliss city
16,ID,08560,Bloomington city
16,ID,08830,Boise City city
16,ID,09370,Bonners Ferry city
16,ID,09730,Bovill city
16,ID,10450,Bruneau CDP
16,ID,10810,Buhl city
16,ID,11260,Burley city
16,ID,11710,Butte City city
16,ID,12250,Caldwell city
16,ID,12520,Cambridge city
16,ID,12790,Carey city
16,ID,13150,Cascade city
16,ID,13240,Castleford city
16,ID,13780,Challis city
16,ID,14680,Chubbuck city
16,ID,14950,Clark Fork city
16,ID,15490,Clayton city
16,ID,16120,Clifton city
16,ID,16750,Coeur d'Alene city
16,ID,17830,Conkling Park CDP
16,ID,18010,Coolin CDP
16,ID,18640,Cottonwood city
16,ID,18820,Council city
16,ID,19270,Craigmont city
16,ID,19720,Crouch city
16,ID,19900,Culdesac city
16,ID,20350,Dalton Gardens city
16,ID,20710,Dayton city
16,ID,20890,Deary city
16,ID,20980,Declo city
16,ID,21520,De Smet CDP
16,ID,21790,Dietrich city
16,ID,22330,Donnelly city
16,ID,22510,Dover city
16,ID,22600,Downey city
16,ID,22690,Driggs city
16,ID,22780,Drummond city
16,ID,22960,Dubois city
16,ID,23410,Eagle city
16,ID,23680,East Hope city
16,ID,24310,Eden city
16,ID,25030,Elk City CDP
16,ID,25120,Elk River city
16,ID,25570,Emmett city
16,ID,26290,Fairfield city
16,ID,27460,Ferdinand city
16,ID,27550,Fernan Lake Village city
16,ID,27640,Fernwood CDP
16,ID,27730,Filer city
16,ID,27910,Firth city
16,ID,28360,Fort Hall CDP
16,ID,28810,Franklin city
16,ID,28990,Fruitland city
16,ID,29440,Gannett CDP
16,ID,29620,Garden City city
16,ID,29710,Garden Valley CDP
16,ID,30160,Genesee city
16,ID,30340,Georgetown city
16,ID,31690,Glenns Ferry city
16,ID,32140,Gooding city
16,ID,32500,Grace city
16,ID,32770,Grand View city
16,ID,32950,Grangeville city
16,ID,33490,Greenleaf city
16,ID,34030,Groveland CDP
16,ID,34300,Hagerman city
16,ID,34390,Hailey city
16,ID,34570,Hamer city
16,ID,34750,Hammett CDP
16,ID,34930,Hansen city
16,ID,35200,Harrison city
16,ID,35830,Hauser city
16,ID,36370,Hayden city
16,ID,36460,Hayden Lake city
16,ID,36730,Hazelton city
16,ID,37360,Heyburn city
16,ID,37500,Hidden Springs CDP
16,ID,38080,Hollister city
16,ID,38170,Homedale city
16,ID,38440,Hope city
16,ID,38620,Horseshoe Bend city
16,ID,39070,Huetter city
16,ID,39610,Idaho City city
16,ID,39700,Idaho Falls city
16,ID,40330,Inkom city
16,ID,40420,Iona city
16,ID,40510,Irwin city
16,ID,40600,Island Park city
16,ID,41320,Jerome city
16,ID,42130,Juliaetta city
16,ID,42400,Kamiah city
16,ID,42580,Kellogg city
16,ID,42760,Kendrick city
16,ID,43030,Ketchum city
16,ID,43570,Kimberly city
16,ID,44110,Kooskia city
16,ID,44200,Kootenai city
16,ID,44290,Kuna city
16,ID,44560,Laclede CDP
16,ID,45370,Lapwai city
16,ID,45820,Lava Hot Springs city
16,ID,45910,Leadore city
16,ID,46450,Letha CDP
16,ID,46540,Lewiston city
16,ID,46720,Lewisville city
16,ID,47080,Lincoln CDP
16,ID,47890,Lost River city
16,ID,48250,Lowman CDP
16,ID,48790,McCall city
16,ID,48880,McCammon city
16,ID,49240,Mackay city
16,ID,50140,Malad City city
16,ID,50230,Malta city
16,ID,50950,Marsing city
16,ID,51850,Melba city
16,ID,52030,Menan city
16,ID,52120,Meridian city
16,ID,52660,Middleton city
16,ID,52750,Midvale city
16,ID,53110,Minidoka city
16,ID,53920,Montpelier city
16,ID,54100,Moore city
16,ID,54370,Moreland CDP
16,ID,54550,Moscow city
16,ID,54730,Mountain Home city
16,ID,54820,Mountain Home AFB CDP
16,ID,55270,Moyie Springs city
16,ID,55450,Mud Lake city
16,ID,55630,Mullan city
16,ID,55720,Murphy CDP
16,ID,55900,Murtaugh city
16,ID,56260,Nampa city
16,ID,56800,Newdale city
16,ID,56890,New Meadows city
16,ID,56980,New Plymouth city
16,ID,57250,Nezperce city
16,ID,58060,Notus city
16,ID,58330,Oakley city
16,ID,58600,Oldtown city
16,ID,58870,Onaway city
16,ID,59320,Orofino city
16,ID,59590,Osburn city
16,ID,60040,Oxford city
16,ID,60580,Paris city
16,ID,60760,Parker city
16,ID,60880,Parkline CDP
16,ID,60940,Parma city
16,ID,61210,Paul city
16,ID,61300,Payette city
16,ID,61840,Peck city
16,ID,62740,Pierce city
16,ID,63100,Pinehurst city
16,ID,63550,Placerville city
16,ID,63910,Plummer city
16,ID,64090,Pocatello city
16,ID,64450,Ponderay city
16,ID,64810,Post Falls city
16,ID,64900,Potlatch city
16,ID,65260,Preston city
16,ID,65530,Priest River city
16,ID,65620,Princeton CDP
16,ID,66340,Rathdrum city
16,ID,67150,Reubens city
16,ID,67420,Rexburg city
16,ID,67600,Richfield city
16,ID,67780,Rigby city
16,ID,67870,Riggins city
16,ID,67960,Ririe city
16,ID,68230,Riverside CDP
16,ID,68500,Roberts city
16,ID,68545,Robie Creek CDP
16,ID,68860,Rockford CDP
16,ID,68950,Rockford Bay CDP
16,ID,69130,Rockland city
16,ID,70660,Rupert city
16,ID,71020,St. Anthony city
16,ID,71110,St. Charles city
16,ID,71470,St. Maries city
16,ID,71650,Salmon city
16,ID,72100,Sandpoint city
16,ID,73450,Shelley city
16,ID,73900,Shoshone city
16,ID,74440,Silverton CDP
16,ID,75070,Smelterville city
16,ID,75160,Smiths Ferry CDP
16,ID,75195,Soda Springs city
16,ID,75970,Spencer city
16,ID,76060,Spirit Lake city
16,ID,76780,Stanley city
16,ID,76870,Star city
16,ID,77050,State Line city
16,ID,77500,Stites city
16,ID,78040,Sugar City city
16,ID,78850,Sun Valley city
16,ID,79120,Swan Valley city
16,ID,79300,Sweetwater CDP
16,ID,80200,Tensed city
16,ID,80380,Teton city
16,ID,80470,Tetonia city
16,ID,82360,Troy city
16,ID,82810,Twin Falls city
16,ID,83170,Tyhee CDP
16,ID,83350,Ucon city
16,ID,84250,Victor city
16,ID,84430,Viola CDP
16,ID,84790,Wallace city
16,ID,85240,Wardner city
16,ID,85420,Warm River city
16,ID,86050,Weippe city
16,ID,86140,Weiser city
16,ID,86320,Wendell city
16,ID,87040,Weston city
16,ID,87310,White Bird city
16,ID,87670,Wilder city
16,ID,87850,Winchester city
16,ID,88480,Worley city
16,ID,88660,Yellow Pine CDP
17,IL,00113,Abingdon city
17,IL,00178,Adair CDP
17,IL,00191,Adams CDP
17,IL,00230,Addieville village
17,IL,00243,Addison village
17,IL,00295,Adeline village
17,IL,00516,Albany village
17,IL,00555,Albers village
17,IL,00568,Albion city
17,IL,00594,Alden CDP
17,IL,00646,Aledo city
17,IL,00659,Alexander CDP
17,IL,00672,Alexis village
17,IL,00685,Algonquin village
17,IL,00737,Alhambra village
17,IL,00815,Allendale village
17,IL,00867,Allenville village
17,IL,00880,Allerton village
17,IL,00919,Alma village
17,IL,00971,Alpha village
17,IL,00997,Alsey village
17,IL,01010,Alsip village
17,IL,01049,Altamont city
17,IL,01114,Alton city
17,IL,01140,Altona village
17,IL,01205,Alto Pass village
17,IL,01242,Alvan (Alvin) village
17,IL,01270,Amboy city
17,IL,01361,Anchor village
17,IL,01426,Andalusia village
17,IL,01491,Andover village
17,IL,01517,Andres CDP
17,IL,01543,Anna city
17,IL,01556,Annapolis CDP
17,IL,01569,Annawan town
17,IL,01595,Antioch village
17,IL,01647,Apple Canyon Lake CDP
17,IL,01673,Apple River village
17,IL,01803,Arbury Hills CDP
17,IL,01881,Arcola city
17,IL,01946,Arenzville village
17,IL,01972,Argenta village
17,IL,02050,Argyle CDP
17,IL,02102,Arlington village
17,IL,02154,Arlington Heights village
17,IL,02206,Armington village
17,IL,02258,Aroma Park village
17,IL,02342,Arrowsmith village
17,IL,02414,Arthur village
17,IL,02479,Ashkum village
17,IL,02505,Ashland village
17,IL,02531,Ashley city
17,IL,02557,Ashmore village
17,IL,02583,Ashton village
17,IL,02609,Assumption city
17,IL,02635,Astoria town
17,IL,02674,Athens city
17,IL,02726,Atkinson town
17,IL,02752,Atlanta city
17,IL,02882,Atwood village
17,IL,02921,Auburn city
17,IL,02986,Augusta village
17,IL,03012,Aurora city
17,IL,03103,Ava city
17,IL,03181,Aviston village
17,IL,03207,Avon village
17,IL,03337,Baileyville CDP
17,IL,03454,Baldwin village
17,IL,03571,Banner village
17,IL,03610,Bannockburn village
17,IL,03675,Bardolph village
17,IL,03844,Barrington village
17,IL,03883,Barrington Hills village
17,IL,03948,Barry city
17,IL,03987,Barstow CDP
17,IL,04000,Bartelso village
17,IL,04013,Bartlett village
17,IL,04039,Bartonville village
17,IL,04052,Basco village
17,IL,04078,Batavia city
17,IL,04117,Batchtown village
17,IL,04156,Bath village
17,IL,04247,Baylis village
17,IL,04273,Bay View Gardens village
17,IL,04303,Beach Park village
17,IL,04351,Beardstown city
17,IL,04403,Beason CDP
17,IL,04507,Beaverville village
17,IL,04533,Beckemeyer village
17,IL,04572,Bedford Park village
17,IL,04585,Beecher village
17,IL,04598,Beecher City village
17,IL,04689,Belgium village
17,IL,04715,Belknap village
17,IL,04793,Belle Prairie City town
17,IL,04806,Belle Rive village
17,IL,04845,Belleville city
17,IL,04871,Bellevue village
17,IL,04897,Bellflower village
17,IL,04936,Bellmont village
17,IL,04975,Bellwood village
17,IL,05092,Belvidere city
17,IL,05144,Bement village
17,IL,05209,Benld city
17,IL,05248,Bensenville village
17,IL,05261,Benson village
17,IL,05274,Bentley town
17,IL,05300,Benton city
17,IL,05404,Berkeley village
17,IL,05443,Berlin village
17,IL,05573,Berwyn city
17,IL,05599,Bethalto village
17,IL,05612,Bethany village
17,IL,05729,Beverly CDP
17,IL,05859,Big Foot Prairie CDP
17,IL,05898,Biggsville village
17,IL,05976,Big Rock village
17,IL,06028,Bingham village
17,IL,06171,Bishop Hill village
17,IL,06184,Bismarck village
17,IL,06444,Blairsville CDP
17,IL,06470,Blandinsville village
17,IL,06565,Bloomfield CDP
17,IL,06587,Bloomingdale village
17,IL,06613,Bloomington city
17,IL,06704,Blue Island city
17,IL,06756,Blue Mound village
17,IL,06899,Bluffs village
17,IL,06964,Bluford village
17,IL,07133,Bolingbrook village
17,IL,07211,Bondville village
17,IL,07224,Bone Gap village
17,IL,07237,Bonfield village
17,IL,07263,Bonnie village
17,IL,07276,Bonnie Brae CDP
17,IL,07315,Boody CDP
17,IL,07419,Boulder Hill CDP
17,IL,07471,Bourbonnais village
17,IL,07510,Bowen village
17,IL,07640,Braceville village
17,IL,07692,Bradford village
17,IL,07744,Bradley village
17,IL,07770,Braidwood city
17,IL,07913,Breese city
17,IL,08186,Bridgeport city
17,IL,08225,Bridgeview village
17,IL,08264,Brighton village
17,IL,08303,Brimfield village
17,IL,08420,Broadlands village
17,IL,08446,Broadview village
17,IL,08472,Broadwell village
17,IL,08524,Brocton village
17,IL,08576,Brookfield village
17,IL,08667,Brooklyn village
17,IL,08706,Brookport city
17,IL,08875,Broughton village
17,IL,08953,Browning village
17,IL,08979,Browns village
17,IL,08992,Brownstown village
17,IL,09148,Brussels village
17,IL,09161,Bryant village
17,IL,09304,Buckingham village
17,IL,09317,Buckley village
17,IL,09330,Buckner village
17,IL,09356,Buda village
17,IL,09434,Buffalo village
17,IL,09447,Buffalo Grove village
17,IL,09499,Buffalo Prairie CDP
17,IL,09531,Bull Valley village
17,IL,09538,Bulpitt village
17,IL,09551,Buncombe village
17,IL,09577,Bunker Hill city
17,IL,09642,Burbank city
17,IL,09681,Bureau Junction village
17,IL,09759,Burlington village
17,IL,09798,Burnham village
17,IL,09889,Burnt Prairie village
17,IL,09980,Burr Ridge village
17,IL,10006,Burton CDP
17,IL,10045,Burtons Bridge CDP
17,IL,10084,Bush village
17,IL,10110,Bushnell city
17,IL,10149,Butler village
17,IL,10240,Byron city
17,IL,10292,Cabery village
17,IL,10305,Cable CDP
17,IL,10373,Cahokia Heights city
17,IL,10383,Cairo city
17,IL,10422,Caledonia village
17,IL,10448,Calhoun village
17,IL,10487,Calumet City city
17,IL,10513,Calumet Park village
17,IL,10591,Camargo village
17,IL,10630,Cambria village
17,IL,10643,Cambridge village
17,IL,10695,Camden village
17,IL,10747,Cameron CDP
17,IL,10773,Campbell Hill village
17,IL,10786,Campbell's Island CDP
17,IL,10877,Camp Point village
17,IL,10906,Campton Hills village
17,IL,10916,Campus village
17,IL,10936,Candlewick Lake CDP
17,IL,11007,Canton city
17,IL,11033,Cantrall village
17,IL,11124,Capron village
17,IL,11150,Carbon Cliff village
17,IL,11163,Carbondale city
17,IL,11176,Carbon Hill village
17,IL,11202,Carlinville city
17,IL,11215,Carlock village
17,IL,11228,Carlyle city
17,IL,11267,Carman CDP
17,IL,11293,Carmi city
17,IL,11332,Carol Stream village
17,IL,11358,Carpentersville village
17,IL,11397,Carrier Mills village
17,IL,11462,Carrollton city
17,IL,11514,Carterville city
17,IL,11527,Carthage city
17,IL,11592,Cary village
17,IL,11618,Casey city
17,IL,11644,Caseyville village
17,IL,11774,Catlin village
17,IL,11826,Cave-In-Rock village
17,IL,11982,Cedar Point village
17,IL,12008,Cedarville village
17,IL,12151,Central City village
17,IL,12164,Centralia city
17,IL,12268,Cerro Gordo village
17,IL,12294,Chadwick village
17,IL,12385,Champaign city
17,IL,12450,Chandlerville village
17,IL,12476,Channahon village
17,IL,12489,Channel Lake CDP
17,IL,12528,Chapin village
17,IL,12567,Charleston city
17,IL,12684,Chatham village
17,IL,12710,Chatsworth town
17,IL,12801,Chebanse village
17,IL,12879,Chemung CDP
17,IL,12931,Chenoa city
17,IL,12970,Cherry village
17,IL,13074,Cherry Valley village
17,IL,13139,Chester city
17,IL,13165,Chesterfield village
17,IL,13230,Chestnut CDP
17,IL,14000,Chicago city
17,IL,14026,Chicago Heights city
17,IL,14065,Chicago Ridge village
17,IL,14117,Chillicothe city
17,IL,14273,Chrisman city
17,IL,14286,Christopher city
17,IL,14351,Cicero town
17,IL,14442,Cisco village
17,IL,14455,Cisne village
17,IL,14468,Cissna Park village
17,IL,14533,Claremont village
17,IL,14572,Clarendon Hills village
17,IL,14715,Clay City village
17,IL,14767,Clayton village
17,IL,14923,Cleveland village
17,IL,14936,Clifton village
17,IL,15001,Clinton city
17,IL,15170,Coal City village
17,IL,15209,Coalton village
17,IL,15235,Coal Valley village
17,IL,15261,Coatsburg village
17,IL,15300,Cobden village
17,IL,15352,Coffeen city
17,IL,15378,Colchester city
17,IL,15469,Coleta village
17,IL,15495,Colfax village
17,IL,15599,Collinsville city
17,IL,15664,Colona city
17,IL,15807,Colp village
17,IL,15833,Columbia city
17,IL,15846,Columbus village
17,IL,15950,Como CDP
17,IL,15989,Compton village
17,IL,16054,Concord village
17,IL,16119,Congerville village
17,IL,16210,Cooksville village
17,IL,16301,Coral CDP
17,IL,16366,Cordova village
17,IL,16405,Cornell village
17,IL,16431,Cornland CDP
17,IL,16470,Cortland town
17,IL,16613,Coulterville village
17,IL,16691,Country Club Hills city
17,IL,16873,Countryside city
17,IL,17055,Cowden village
17,IL,17077,Coyne Center CDP
17,IL,17094,Crab Orchard CDP
17,IL,17185,Crainville village
17,IL,17289,Creal Springs city
17,IL,17406,Crescent City village
17,IL,17458,Crest Hill city
17,IL,17471,Creston village
17,IL,17497,Crestwood village
17,IL,17523,Crete village
17,IL,17549,Creve Coeur village
17,IL,17783,Crossville village
17,IL,17887,Crystal Lake city
17,IL,17939,Crystal Lawns CDP
17,IL,17991,Cuba city
17,IL,18030,Cullom village
17,IL,18147,Curran village
17,IL,18212,Custer Park CDP
17,IL,18225,Cutler village
17,IL,18251,Cypress village
17,IL,18303,Dahlgren village
17,IL,18342,Dakota village
17,IL,18420,Dallas City city
17,IL,18446,Dalton City village
17,IL,18459,Dalzell village
17,IL,18472,Damiansville village
17,IL,18485,Dana village
17,IL,18498,Danforth village
17,IL,18537,Danvers village
17,IL,18563,Danville city
17,IL,18628,Darien city
17,IL,18641,Darmstadt CDP
17,IL,18706,Davis village
17,IL,18719,Davis Junction village
17,IL,18745,Dawson village
17,IL,18771,Dayton CDP
17,IL,18823,Decatur city
17,IL,18940,Deer Creek village
17,IL,18992,Deerfield village
17,IL,19031,Deer Grove village
17,IL,19083,Deer Park village
17,IL,19161,DeKalb city
17,IL,19200,De Land village
17,IL,19226,Delavan city
17,IL,19499,De Pue village
17,IL,19616,De Soto village
17,IL,19642,Des Plaines city
17,IL,19681,Detroit village
17,IL,19746,Dewey CDP
17,IL,19798,De Witt village
17,IL,19837,Diamond village
17,IL,19915,Dieterich village
17,IL,20045,Divernon village
17,IL,20123,Dix village
17,IL,20149,Dixmoor village
17,IL,20162,Dixon city
17,IL,20292,Dolton village
17,IL,20305,Dongola village
17,IL,20318,Donnellson village
17,IL,20331,Donovan village
17,IL,20370,Dorchester village
17,IL,20526,Dover village
17,IL,20565,Dowell village
17,IL,20591,Downers Grove village
17,IL,20643,Downs village
17,IL,20890,Du Bois village
17,IL,21020,Dundas CDP
17,IL,21098,Dunfermline village
17,IL,21176,Dunlap village
17,IL,21254,Dupo village
17,IL,21267,Du Quoin city
17,IL,21280,Durand village
17,IL,21358,Dwight village
17,IL,21410,Eagarville village
17,IL,21475,Eagle Lake CDP
17,IL,21540,Earlville city
17,IL,21553,East Alton village
17,IL,21579,East Brooklyn village
17,IL,21605,East Cape Girardeau village
17,IL,21618,East Carondelet village
17,IL,21683,East Dubuque city
17,IL,21696,East Dundee village
17,IL,21826,East Galesburg village
17,IL,21852,East Gillespie village
17,IL,21904,East Hazel Crest village
17,IL,22021,East Lynn CDP
17,IL,22073,East Moline city
17,IL,22151,Easton village
17,IL,22164,East Peoria city
17,IL,22255,East St. Louis city
17,IL,22398,Eddyville village
17,IL,22567,Edgewood village
17,IL,22619,Edgington CDP
17,IL,22645,Edinburg village
17,IL,22697,Edwardsville city
17,IL,22736,Effingham city
17,IL,22931,Elburn village
17,IL,22957,El Dara village
17,IL,23009,Eldorado city
17,IL,23022,Eldred village
17,IL,23074,Elgin city
17,IL,23139,Eliza CDP
17,IL,23165,Elizabeth village
17,IL,23191,Elizabethtown village
17,IL,23256,Elk Grove Village village
17,IL,23269,Elkhart village
17,IL,23373,Elkville village
17,IL,23425,Elliott village
17,IL,23503,Ellis Grove village
17,IL,23529,Ellisville village
17,IL,23555,Ellsworth village
17,IL,23620,Elmhurst city
17,IL,23698,Elmwood city
17,IL,23724,Elmwood Park village
17,IL,23737,El Paso city
17,IL,23776,Elsah village
17,IL,23841,Elvaston village
17,IL,23919,Elwin CDP
17,IL,23945,Elwood village
17,IL,23971,Emden village
17,IL,24062,Emington village
17,IL,24166,Energy village
17,IL,24179,Enfield village
17,IL,24348,Equality village
17,IL,24374,Erie village
17,IL,24452,Essex village
17,IL,24543,Eureka city
17,IL,24582,Evanston city
17,IL,24608,Evansville village
17,IL,24634,Evergreen Park village
17,IL,24673,Ewing village
17,IL,24699,Exeter village
17,IL,24764,Fairbury city
17,IL,24816,Fairfield city
17,IL,24920,Fairmont CDP
17,IL,24933,Fairmont City village
17,IL,24985,Fairmount village
17,IL,25063,Fairview village
17,IL,25141,Fairview Heights city
17,IL,25245,Fall Creek CDP
17,IL,25375,Farina village
17,IL,25414,Farmer City city
17,IL,25440,Farmersville village
17,IL,25531,Farmington city
17,IL,25713,Fayetteville village
17,IL,25895,Ferris village
17,IL,25960,Fidelity village
17,IL,26012,Fieldon village
17,IL,26077,Fillmore village
17,IL,26116,Findlay village
17,IL,26194,Fisher village
17,IL,26233,Fithian village
17,IL,26311,Flanagan village
17,IL,26350,Flat Rock village
17,IL,26454,Flora city
17,IL,26467,Floraville CDP
17,IL,26480,Florence village
17,IL,26571,Flossmoor village
17,IL,26662,Foosland village
17,IL,26710,Ford Heights village
17,IL,26753,Forest City village
17,IL,26896,Forest Lake CDP
17,IL,26935,Forest Park village
17,IL,26987,Forest View village
17,IL,27026,Forrest village
17,IL,27065,Forreston village
17,IL,27091,Forsyth village
17,IL,27377,Fowler CDP
17,IL,27442,Fox Lake village
17,IL,27455,Fox Lake Hills CDP
17,IL,27533,Fox River Grove village
17,IL,27624,Frankfort village
17,IL,27644,Frankfort Square CDP
17,IL,27663,Franklin village
17,IL,27689,Franklin Grove village
17,IL,27702,Franklin Park village
17,IL,27728,Franklinville CDP
17,IL,27806,Freeburg village
17,IL,27858,Freeman Spur village
17,IL,27884,Freeport city
17,IL,28144,Fulton city
17,IL,28170,Fults village
17,IL,28248,Gages Lake CDP
17,IL,28261,Galatia village
17,IL,28300,Galena city
17,IL,28326,Galesburg city
17,IL,28404,Galt CDP
17,IL,28430,Galva city
17,IL,28612,Garden Prairie CDP
17,IL,28638,Gardner village
17,IL,28742,Garrett village
17,IL,28807,Gays village
17,IL,28846,Geneseo city
17,IL,28872,Geneva city
17,IL,28898,Genoa city
17,IL,28950,Georgetown CDP
17,IL,28963,Georgetown city
17,IL,29041,Germantown village
17,IL,29080,Germantown Hills village
17,IL,29093,German Valley village
17,IL,29125,Gibson City city
17,IL,29145,Gifford village
17,IL,29171,Gilberts village
17,IL,29236,Gillespie city
17,IL,29275,Gilman city
17,IL,29340,Gilson CDP
17,IL,29392,Girard city
17,IL,29431,Gladstone village
17,IL,29483,Glasford village
17,IL,29496,Glasgow village
17,IL,29639,Glen Carbon village
17,IL,29652,Glencoe village
17,IL,29730,Glendale Heights village
17,IL,29756,Glen Ellyn village
17,IL,29938,Glenview village
17,IL,30029,Glenwood village
17,IL,30094,Godfrey village
17,IL,30120,Godley village
17,IL,30133,Golconda city
17,IL,30159,Golden village
17,IL,30250,Golden Gate village
17,IL,30328,Golf village
17,IL,30419,Goodenow CDP
17,IL,30445,Goodfield village
17,IL,30458,Good Hope village
17,IL,30510,Goofy Ridge CDP
17,IL,30575,Goreville village
17,IL,30588,Gorham village
17,IL,30653,Grafton city
17,IL,30705,Grand Detour CDP
17,IL,30757,Grand Ridge village
17,IL,30770,Grand Tower city
17,IL,30835,Grandview village
17,IL,30900,Grandwood Park CDP
17,IL,30926,Granite City city
17,IL,30978,Grantfork village
17,IL,30991,Grant Park village
17,IL,31017,Granville village
17,IL,31121,Grayslake village
17,IL,31165,Grayville city
17,IL,31368,Greenfield city
17,IL,31446,Green Oaks village
17,IL,31524,Greenup village
17,IL,31563,Green Valley village
17,IL,31576,Greenview village
17,IL,31589,Greenville city
17,IL,31667,Greenwood village
17,IL,31732,Gridley village
17,IL,31771,Griggsville city
17,IL,31991,Gulfport village
17,IL,32018,Gurnee village
17,IL,32200,Hainesville village
17,IL,32395,Hamburg village
17,IL,32408,Hamel village
17,IL,32434,Hamilton city
17,IL,32473,Hamlet CDP
17,IL,32499,Hammond village
17,IL,32525,Hampshire village
17,IL,32564,Hampton village
17,IL,32616,Hanaford village
17,IL,32668,Hanna City village
17,IL,32707,Hanover village
17,IL,32746,Hanover Park village
17,IL,32850,Hardin village
17,IL,32876,Harding CDP
17,IL,32967,Harmon village
17,IL,33019,Harmony CDP
17,IL,33136,Harrisburg city
17,IL,33162,Harrison CDP
17,IL,33227,Harristown village
17,IL,33279,Hartford village
17,IL,33292,Hartland CDP
17,IL,33318,Hartsburg village
17,IL,33331,Harvard city
17,IL,33357,Harvel village
17,IL,33383,Harvey city
17,IL,33435,Harwood Heights village
17,IL,33513,Havana city
17,IL,33630,Hawthorn Woods village
17,IL,33695,Hazel Crest village
17,IL,33851,Hebron village
17,IL,33877,Hecker village
17,IL,34007,Henderson village
17,IL,34098,Hennepin village
17,IL,34137,Henning village
17,IL,34163,Henry city
17,IL,34272,Heritage Lake CDP
17,IL,34332,Herrick village
17,IL,34358,Herrin city
17,IL,34384,Herscher village
17,IL,34423,Hettick village
17,IL,34449,Heyworth village
17,IL,34514,Hickory Hills city
17,IL,34553,Hidalgo village
17,IL,34670,Highland city
17,IL,34722,Highland Park city
17,IL,34865,Highwood city
17,IL,34982,Hillcrest village
17,IL,35047,Hillsboro city
17,IL,35073,Hillsdale village
17,IL,35086,Hillside village
17,IL,35203,Hillview village
17,IL,35268,Hinckley village
17,IL,35281,Hindsboro village
17,IL,35307,Hinsdale village
17,IL,35385,Hodgkins village
17,IL,35398,Hoffman village
17,IL,35411,Hoffman Estates village
17,IL,35463,Holcomb CDP
17,IL,35515,Holiday Hills village
17,IL,35541,Holiday Shores CDP
17,IL,35671,Hollowayville village
17,IL,35814,Homer village
17,IL,35835,Homer Glen village
17,IL,35866,Hometown city
17,IL,35879,Homewood village
17,IL,36061,Hoopeston city
17,IL,36074,Hooppole village
17,IL,36126,Hopedale village
17,IL,36150,Hopewell village
17,IL,36190,Hopkins Park village
17,IL,36347,Hoyleton village
17,IL,36438,Hudson village
17,IL,36477,Huey village
17,IL,36516,Hull village
17,IL,36542,Humboldt village
17,IL,36568,Hume village
17,IL,36750,Huntley village
17,IL,36815,Hurst city
17,IL,36841,Hutsonville village
17,IL,37062,Illinois City CDP
17,IL,37127,Illiopolis village
17,IL,37179,Ina village
17,IL,37218,Indian Creek village
17,IL,37257,Indian Head Park village
17,IL,37348,Indianola village
17,IL,37439,Industry village
17,IL,37465,Ingalls Park CDP
17,IL,37608,Inverness village
17,IL,37621,Iola village
17,IL,37647,Ipava village
17,IL,37712,Iroquois village
17,IL,37738,Irving village
17,IL,37777,Irvington village
17,IL,37803,Irwin village
17,IL,37894,Island Lake village
17,IL,37907,Itasca village
17,IL,37933,Iuka village
17,IL,37998,Ivesdale village
17,IL,38115,Jacksonville city
17,IL,38232,Janesville CDP
17,IL,38323,Jeffersonville village
17,IL,38349,Jeisyville village
17,IL,38375,Jerome village
17,IL,38414,Jerseyville city
17,IL,38427,Jewett village
17,IL,38479,Johnsburg village
17,IL,38531,Johnsonville village
17,IL,38544,Johnston City city
17,IL,38570,Joliet city
17,IL,38635,Jonesboro city
17,IL,38674,Joppa village
17,IL,38726,Joslin CDP
17,IL,38739,Joy village
17,IL,38778,Junction village
17,IL,38791,Junction City village
17,IL,38830,Justice village
17,IL,38856,Kampsville village
17,IL,38869,Kane village
17,IL,38895,Kaneville village
17,IL,38921,Kangley village
17,IL,38934,Kankakee city
17,IL,38986,Kansas village
17,IL,39038,Kappa village
17,IL,39077,Karnak village
17,IL,39129,Kaskaskia village
17,IL,39233,Keenes village
17,IL,39259,Keensburg village
17,IL,39298,Keithsburg city
17,IL,39324,Kell village
17,IL,39441,Kempton village
17,IL,39519,Kenilworth village
17,IL,39532,Kenney village
17,IL,39727,Kewanee city
17,IL,39753,Keyesport village
17,IL,39857,Kilbourne village
17,IL,39883,Kildeer village
17,IL,39909,Kincaid village
17,IL,39922,Kinderhook village
17,IL,39987,Kings CDP
17,IL,40052,Kingston CDP
17,IL,40065,Kingston village
17,IL,40091,Kingston Mines village
17,IL,40117,Kinmundy city
17,IL,40143,Kinsman village
17,IL,40156,Kirkland village
17,IL,40182,Kirkwood village
17,IL,40364,Knollwood CDP
17,IL,40416,Knoxville city
17,IL,40520,La Clede CDP
17,IL,40559,Lacon city
17,IL,40598,Ladd village
17,IL,40676,La Fayette village
17,IL,40767,La Grange village
17,IL,40793,La Grange Park village
17,IL,40832,La Harpe city
17,IL,40884,Lake Barrington village
17,IL,40910,Lake Bluff village
17,IL,40962,Lake Camelot CDP
17,IL,40980,Lake Carroll CDP
17,IL,40988,Lake Catherine CDP
17,IL,41040,Lake City CDP
17,IL,41105,Lake Forest city
17,IL,41157,Lake Holiday CDP
17,IL,41183,Lake in the Hills village
17,IL,41214,Lake Ka-Ho village
17,IL,41326,Lakemoor village
17,IL,41346,Lake of the Woods CDP
17,IL,41404,Lake Petersburg CDP
17,IL,41456,Lake Summerset CDP
17,IL,41586,Lake Villa village
17,IL,41651,Lakewood village
17,IL,41677,Lakewood CDP
17,IL,41716,Lakewood Shores CDP
17,IL,41742,Lake Zurich village
17,IL,41794,La Moille village
17,IL,41859,Lanark city
17,IL,41950,Lane CDP
17,IL,42002,Langleyville CDP
17,IL,42028,Lansing village
17,IL,42067,LaPlace CDP
17,IL,42080,La Prairie village
17,IL,42171,La Rose village
17,IL,42184,LaSalle city
17,IL,42249,Latham village
17,IL,42392,Lawrence CDP
17,IL,42405,Lawrenceville city
17,IL,42457,Leaf River village
17,IL,42496,Lebanon city
17,IL,42587,Lee village
17,IL,42600,Lee Center CDP
17,IL,42756,Leland village
17,IL,42769,Leland Grove city
17,IL,42795,Lemont village
17,IL,42834,Lena village
17,IL,42860,Lenzburg village
17,IL,42912,Leonore village
17,IL,42938,Lerna village
17,IL,42971,Le Roy city
17,IL,43055,Lewistown city
17,IL,43094,Lexington city
17,IL,43133,Liberty village
17,IL,43250,Libertyville village
17,IL,43406,Lily Lake village
17,IL,43445,Lima village
17,IL,43510,Limestone village
17,IL,43536,Lincoln city
17,IL,43666,Lincolnshire village
17,IL,43744,Lincolnwood village
17,IL,43770,Lindenhurst village
17,IL,43900,Lisbon village
17,IL,43939,Lisle village
17,IL,43965,Litchfield city
17,IL,43978,Literberry CDP
17,IL,44056,Littleton village
17,IL,44082,Little York village
17,IL,44121,Liverpool village
17,IL,44160,Livingston village
17,IL,44173,Loami village
17,IL,44225,Lockport city
17,IL,44244,Lockport Heights CDP
17,IL,44264,Loda village
17,IL,44381,Lomax village
17,IL,44407,Lombard village
17,IL,44446,London Mills village
17,IL,44498,Long Creek village
17,IL,44524,Long Grove village
17,IL,44550,Long Lake CDP
17,IL,44576,Long Point village
17,IL,44602,Longview village
17,IL,44719,Loraine village
17,IL,44784,Lorenzo CDP
17,IL,44823,Lostant village
17,IL,44836,Lost Nation CDP
17,IL,44927,Louisville village
17,IL,45031,Loves Park city
17,IL,45044,Lovington village
17,IL,45109,Lowpoint CDP
17,IL,45174,Ludlow village
17,IL,45278,Lyndon village
17,IL,45343,Lynn Center CDP
17,IL,45369,Lynnville village
17,IL,45421,Lynwood village
17,IL,45434,Lyons village
17,IL,45525,McClure village
17,IL,45564,McCook village
17,IL,45616,McCullom Lake village
17,IL,45642,Macedonia village
17,IL,45694,McHenry city
17,IL,45726,Machesney Park village
17,IL,45785,Mackinaw village
17,IL,45811,McLean village
17,IL,45824,McLeansboro city
17,IL,45850,McNabb village
17,IL,45889,Macomb city
17,IL,45941,Macon city
17,IL,45993,Madison city
17,IL,46058,Maeystown village
17,IL,46110,Magnolia village
17,IL,46136,Mahomet village
17,IL,46214,Makanda village
17,IL,46240,Malden village
17,IL,46279,Malta village
17,IL,46331,Manchester village
17,IL,46357,Manhattan village
17,IL,46383,Manito village
17,IL,46422,Manlius village
17,IL,46487,Mansfield village
17,IL,46500,Manteno village
17,IL,46604,Maple Park village
17,IL,46643,Mapleton village
17,IL,46695,Maquon village
17,IL,46734,Marcelline CDP
17,IL,46786,Marengo city
17,IL,46825,Marietta village
17,IL,46864,Marine village
17,IL,46916,Marion city
17,IL,46955,Marissa village
17,IL,46981,Mark village
17,IL,47007,Markham city
17,IL,47046,Marley CDP
17,IL,47072,Maroa city
17,IL,47111,Marquette Heights city
17,IL,47150,Marseilles city
17,IL,47163,Marshall city
17,IL,47254,Martinsville city
17,IL,47280,Martinton village
17,IL,47397,Maryville village
17,IL,47423,Mascoutah city
17,IL,47449,Mason town
17,IL,47475,Mason City city
17,IL,47527,Matherville village
17,IL,47540,Matteson village
17,IL,47553,Mattoon city
17,IL,47592,Maunie village
17,IL,47774,Maywood village
17,IL,47787,Mazon village
17,IL,48021,Mechanicsburg village
17,IL,48073,Media village
17,IL,48138,Medora village
17,IL,48242,Melrose Park village
17,IL,48268,Melvin village
17,IL,48307,Mendon village
17,IL,48333,Mendota city
17,IL,48359,Menominee village
17,IL,48424,Meredosia village
17,IL,48554,Merrionette Park village
17,IL,48567,Merritt CDP
17,IL,48606,Metamora village
17,IL,48632,Metcalf village
17,IL,48645,Metropolis city
17,IL,48671,Mettawa village
17,IL,48684,Meyer CDP
17,IL,48853,Middletown village
17,IL,48892,Midlothian village
17,IL,49009,Milan village
17,IL,49048,Milford village
17,IL,49100,Millbrook village
17,IL,49178,Mill Creek village
17,IL,49191,Milledgeville village
17,IL,49243,Millersburg CDP
17,IL,49308,Millington village
17,IL,49347,Mill Shoals village
17,IL,49386,Millstadt village
17,IL,49477,Milton village
17,IL,49516,Mineral village
17,IL,49555,Minier village
17,IL,49568,Minonk city
17,IL,49607,Minooka village
17,IL,49698,Mitchell CDP
17,IL,49802,Modesto village
17,IL,49854,Mokena village
17,IL,49867,Moline city
17,IL,49893,Momence city
17,IL,49945,Monee village
17,IL,50010,Monmouth city
17,IL,50062,Monroe Center village
17,IL,50218,Montgomery village
17,IL,50244,Monticello city
17,IL,50283,Montrose village
17,IL,50452,Moro CDP
17,IL,50491,Morris city
17,IL,50530,Morrison city
17,IL,50543,Morrisonville village
17,IL,50621,Morton village
17,IL,50647,Morton Grove village
17,IL,50699,Mossville CDP
17,IL,50751,Mound City city
17,IL,50777,Mounds city
17,IL,50790,Mound Station village
17,IL,50829,Mount Auburn village
17,IL,50868,Mount Carmel city
17,IL,50881,Mount Carroll city
17,IL,50920,Mount Clare village
17,IL,50933,Mount Erie village
17,IL,50998,Mount Morris village
17,IL,51024,Mount Olive city
17,IL,51089,Mount Prospect village
17,IL,51128,Mount Pulaski city
17,IL,51154,Mount Sterling city
17,IL,51180,Mount Vernon city
17,IL,51206,Mount Zion village
17,IL,51232,Moweaqua village
17,IL,51271,Muddy village
17,IL,51284,Mulberry Grove village
17,IL,51310,Mulkeytown CDP
17,IL,51336,Muncie village
17,IL,51349,Mundelein village
17,IL,51453,Murphysboro city
17,IL,51479,Murrayville village
17,IL,51544,Nachusa CDP
17,IL,51622,Naperville city
17,IL,51648,Naplate village
17,IL,51661,Naples town
17,IL,51700,Nashville city
17,IL,51726,Nason city
17,IL,51791,Nauvoo city
17,IL,51882,Nebo village
17,IL,51934,Nekoma CDP
17,IL,51947,Nelson village
17,IL,51986,Neoga city
17,IL,51999,Neponset village
17,IL,52103,Newark village
17,IL,52116,New Athens village
17,IL,52142,New Baden village
17,IL,52155,New Bedford village
17,IL,52168,New Berlin village
17,IL,52220,New Boston city
17,IL,52285,New Burnside village
17,IL,52311,New Canton town
17,IL,52415,New Douglas village
17,IL,52467,New Grand Chain village
17,IL,52506,New Haven village
17,IL,52545,New Holland village
17,IL,52584,New Lenox village
17,IL,52623,Newman city
17,IL,52701,New Milford village
17,IL,52714,New Minden village
17,IL,52805,New Salem village
17,IL,52844,Newton city
17,IL,52961,Niantic village
17,IL,53000,Niles village
17,IL,53039,Nilwood town
17,IL,53078,Niota CDP
17,IL,53143,Noble village
17,IL,53169,Nokomis city
17,IL,53195,Nora village
17,IL,53234,Normal town
17,IL,53377,Norridge village
17,IL,53390,Norris village
17,IL,53403,Norris City village
17,IL,53442,North Aurora village
17,IL,53455,North Barrington village
17,IL,53481,Northbrook village
17,IL,53559,North Chicago city
17,IL,53585,North City village
17,IL,53663,Northfield village
17,IL,53793,North Henderson village
17,IL,53871,Northlake city
17,IL,54092,North Pekin village
17,IL,54144,North Riverside village
17,IL,54222,North Utica village
17,IL,54404,Norwood village
17,IL,54534,Oak Brook village
17,IL,54560,Oakbrook Terrace city
17,IL,54586,Oakdale village
17,IL,54625,Oakford village
17,IL,54638,Oak Forest city
17,IL,54703,Oak Grove village
17,IL,54781,Oakland city
17,IL,54820,Oak Lawn village
17,IL,54885,Oak Park village
17,IL,54924,Oak Run CDP
17,IL,55002,Oakwood village
17,IL,55041,Oakwood Hills village
17,IL,55106,Oblong village
17,IL,55132,Oconee village
17,IL,55171,Odell village
17,IL,55210,Odin village
17,IL,55249,O'Fallon city
17,IL,55275,Ogden village
17,IL,55353,Oglesby city
17,IL,55379,Ohio village
17,IL,55418,Ohlman village
17,IL,55470,Okawville village
17,IL,55639,Old Mill Creek village
17,IL,55717,Old Ripley village
17,IL,55756,Old Shawneetown village
17,IL,55847,Olive Branch CDP
17,IL,55886,Olivet CDP
17,IL,55899,Olmsted village
17,IL,55912,Olney city
17,IL,55938,Olympia Fields village
17,IL,56003,Omaha village
17,IL,56081,Onarga village
17,IL,56159,Oneida city
17,IL,56198,Opdyke CDP
17,IL,56211,Ophiem CDP
17,IL,56237,Oquawka village
17,IL,56341,Orangeville village
17,IL,56471,Oreana village
17,IL,56484,Oregon city
17,IL,56536,Orient city
17,IL,56601,Orion village
17,IL,56627,Orland Hills village
17,IL,56640,Orland Park village
17,IL,56796,Osco CDP
17,IL,56887,Oswego village
17,IL,56926,Ottawa city
17,IL,56978,Otterville town
17,IL,57043,Owaneco village
17,IL,57121,Oxville CDP
17,IL,57160,Paderborn CDP
17,IL,57225,Palatine village
17,IL,57277,Palestine village
17,IL,57303,Palmer village
17,IL,57329,Palmyra village
17,IL,57342,Paloma CDP
17,IL,57381,Palos Heights city
17,IL,57394,Palos Hills city
17,IL,57407,Palos Park village
17,IL,57472,Pana city
17,IL,57498,Panama village
17,IL,57524,Panola village
17,IL,57576,Papineau village
17,IL,57628,Paris city
17,IL,57654,Park City city
17,IL,57693,Parkersburg village
17,IL,57732,Park Forest village
17,IL,57875,Park Ridge city
17,IL,58057,Patoka village
17,IL,58174,Pawnee village
17,IL,58226,Paw Paw village
17,IL,58239,Paxton city
17,IL,58265,Payson village
17,IL,58343,Pearl village
17,IL,58369,Pearl City village
17,IL,58408,Pecatonica village
17,IL,58447,Pekin city
17,IL,58577,Penfield CDP
17,IL,59000,Peoria city
17,IL,59026,Peoria Heights village
17,IL,59052,Peotone village
17,IL,59104,Percy village
17,IL,59156,Perry village
17,IL,59234,Peru city
17,IL,59273,Pesotum village
17,IL,59312,Petersburg city
17,IL,59520,Phillipstown village
17,IL,59533,Philo village
17,IL,59572,Phoenix village
17,IL,59709,Pierron village
17,IL,59884,Pinckneyville city
17,IL,59988,Pingree Grove village
17,IL,60079,Piper City village
17,IL,60144,Pistakee Highlands CDP
17,IL,60209,Pittsburg village
17,IL,60222,Pittsfield city
17,IL,60287,Plainfield village
17,IL,60339,Plainville village
17,IL,60352,Plano city
17,IL,60391,Plattville village
17,IL,60534,Pleasant Hill village
17,IL,60599,Pleasant Plains village
17,IL,60826,Plum Valley CDP
17,IL,60833,Plymouth village
17,IL,60872,Pocahontas village
17,IL,60937,Polo city
17,IL,61015,Pontiac city
17,IL,61067,Pontoon Beach village
17,IL,61080,Pontoosuc village
17,IL,61145,Poplar Grove village
17,IL,61216,Port Barrington village
17,IL,61223,Port Byron village
17,IL,61314,Posen village
17,IL,61366,Potomac village
17,IL,61548,Prairie City village
17,IL,61639,Prairie du Rocher village
17,IL,61678,Prairie Grove village
17,IL,61743,Prairietown CDP
17,IL,61782,Preemption CDP
17,IL,61821,Prestbury CDP
17,IL,61860,Preston Heights CDP
17,IL,61899,Princeton city
17,IL,61925,Princeville village
17,IL,61977,Prophetstown city
17,IL,62016,Prospect Heights city
17,IL,62211,Pulaski village
17,IL,62367,Quincy city
17,IL,62523,Radom village
17,IL,62588,Raleigh village
17,IL,62627,Ramsey village
17,IL,62744,Rankin village
17,IL,62757,Ransom village
17,IL,62783,Rantoul village
17,IL,62822,Rapids City village
17,IL,62848,Raritan village
17,IL,62965,Raymond village
17,IL,63043,Red Bud city
17,IL,63056,Reddick village
17,IL,63069,Redmon village
17,IL,63355,Rentchler CDP
17,IL,63382,Rest Haven CDP
17,IL,63420,Reynolds village
17,IL,63537,Richfield CDP
17,IL,63641,Richmond village
17,IL,63706,Richton Park village
17,IL,63719,Richview village
17,IL,63862,Ridge Farm village
17,IL,63875,Ridgefield CDP
17,IL,64005,Ridgewood CDP
17,IL,64018,Ridgway village
17,IL,64044,Ridott village
17,IL,64083,Riggston CDP
17,IL,64094,Riley CDP
17,IL,64135,Ringwood village
17,IL,64148,Rio village
17,IL,64174,Ripley village
17,IL,64239,Ritchie CDP
17,IL,64278,Riverdale village
17,IL,64304,River Forest village
17,IL,64343,River Grove village
17,IL,64421,Riverside village
17,IL,64486,Riverton village
17,IL,64538,Riverwoods village
17,IL,64590,Roanoke village
17,IL,64616,Robbins village
17,IL,64655,Roberts village
17,IL,64707,Robinson city
17,IL,64746,Rochelle city
17,IL,64759,Rochester village
17,IL,64811,Rockbridge village
17,IL,64837,Rock City village
17,IL,64902,Rockdale village
17,IL,64928,Rock Falls city
17,IL,65000,Rockford city
17,IL,65078,Rock Island city
17,IL,65104,Rock Island Arsenal CDP
17,IL,65130,Rockport CDP
17,IL,65156,Rockton village
17,IL,65221,Rockwood village
17,IL,65338,Rolling Meadows city
17,IL,65403,Rome CDP
17,IL,65442,Romeoville village
17,IL,65481,Roodhouse city
17,IL,65611,Roscoe village
17,IL,65754,Rose Hill village
17,IL,65806,Roselle village
17,IL,65819,Rosemont village
17,IL,65845,Roseville village
17,IL,65884,Rosewood Heights CDP
17,IL,65897,Rosiclare city
17,IL,65962,Rossville village
17,IL,66027,Round Lake village
17,IL,66040,Round Lake Beach village
17,IL,66053,Round Lake Heights village
17,IL,66066,Round Lake Park village
17,IL,66131,Roxana village
17,IL,66157,Royal village
17,IL,66196,Royal Lakes village
17,IL,66209,Royalton village
17,IL,66287,Ruma village
17,IL,66339,Rushville city
17,IL,66404,Russellville village
17,IL,66443,Rutland village
17,IL,66534,Sadorus village
17,IL,66599,Sailor Springs village
17,IL,66638,St. Anne village
17,IL,66677,St. Augustine village
17,IL,66703,St. Charles city
17,IL,66768,St. David village
17,IL,66794,St. Elmo city
17,IL,66800,Ste. Marie village
17,IL,66833,St. Francisville city
17,IL,66859,St. Jacob village
17,IL,66924,St. Johns village
17,IL,66950,St. Joseph village
17,IL,66989,St. Libory village
17,IL,67132,St. Peter village
17,IL,67158,St. Rose village
17,IL,67236,Salem city
17,IL,67372,Sammons Point village
17,IL,67444,Sandoval village
17,IL,67548,Sandwich city
17,IL,67613,San Jose village
17,IL,67756,Sauget village
17,IL,67769,Sauk Village village
17,IL,67795,Saunemin village
17,IL,67821,Savanna city
17,IL,67860,Savoy village
17,IL,67873,Sawyerville village
17,IL,67912,Saybrook village
17,IL,67925,Scales Mound village
17,IL,68003,Schaumburg village
17,IL,68081,Schiller Park village
17,IL,68120,Schram City village
17,IL,68198,Sciota village
17,IL,68328,Scott AFB CDP
17,IL,68406,Scottville village
17,IL,68458,Seaton village
17,IL,68471,Seatonville village
17,IL,68510,Secor village
17,IL,68640,Seneca village
17,IL,68679,Serena CDP
17,IL,68705,Sesser city
17,IL,68809,Seymour CDP
17,IL,68822,Shabbona village
17,IL,68991,Shannon village
17,IL,69082,Shawneetown city
17,IL,69147,Sheffield village
17,IL,69186,Shelbyville city
17,IL,69212,Sheldon village
17,IL,69277,Sheridan village
17,IL,69342,Sherman village
17,IL,69368,Sherrard village
17,IL,69524,Shiloh village
17,IL,69563,Shipman town
17,IL,69628,Shirley CDP
17,IL,69758,Shorewood village
17,IL,69797,Shumway village
17,IL,69810,Sibley village
17,IL,69836,Sidell village
17,IL,69875,Sidney village
17,IL,69914,Sigel town
17,IL,69979,Silvis city
17,IL,70005,Simpson village
17,IL,70031,Sims village
17,IL,70122,Skokie village
17,IL,70161,Sleepy Hollow village
17,IL,70213,Smithboro village
17,IL,70226,Smithfield village
17,IL,70252,Smithton village
17,IL,70278,Smithville CDP
17,IL,70356,Solon Mills CDP
17,IL,70460,Somonauk village
17,IL,70525,Sorento village
17,IL,70564,South Barrington village
17,IL,70590,South Beloit city
17,IL,70629,South Chicago Heights village
17,IL,70720,South Elgin village
17,IL,70759,Southern View village
17,IL,70850,South Holland village
17,IL,70889,South Jacksonville village
17,IL,71175,South Pekin village
17,IL,71240,South Roxana village
17,IL,71370,South Wilmington village
17,IL,71422,Sparland village
17,IL,71448,Sparta city
17,IL,71474,Spaulding village
17,IL,71526,Spillertown village
17,IL,71604,Spring Bay village
17,IL,71643,Springerton village
17,IL,72000,Springfield city
17,IL,72052,Spring Grove village
17,IL,72156,Spring Valley city
17,IL,72221,Standard village
17,IL,72234,Standard City village
17,IL,72260,Stanford village
17,IL,72403,Staunton city
17,IL,72468,Steeleville village
17,IL,72520,Steger village
17,IL,72546,Sterling city
17,IL,72624,Steward village
17,IL,72650,Stewardson village
17,IL,72676,Stickney village
17,IL,72702,Stillman Valley village
17,IL,72780,Stockton village
17,IL,72884,Stonefort village
17,IL,72923,Stone Park village
17,IL,72949,Stonington village
17,IL,73027,Stoy village
17,IL,73040,Strasburg village
17,IL,73131,Strawn village
17,IL,73157,Streamwood village
17,IL,73170,Streator city
17,IL,73261,Stronghurst village
17,IL,73287,Sublette village
17,IL,73391,Sugar Grove village
17,IL,73495,Sullivan city
17,IL,73547,Summerfield village
17,IL,73638,Summit village
17,IL,73703,Sumner city
17,IL,73872,Sunnyland CDP
17,IL,73943,Sun River Terrace village
17,IL,74119,Swansea village
17,IL,74145,Swedona CDP
17,IL,74223,Sycamore city
17,IL,74275,Symerton village
17,IL,74301,Table Grove village
17,IL,74379,Tallula village
17,IL,74444,Tamaroa village
17,IL,74457,Tamms village
17,IL,74470,Tampico village
17,IL,74548,Taylor Ridge CDP
17,IL,74561,Taylor Springs village
17,IL,74574,Taylorville city
17,IL,74665,Tennessee village
17,IL,74743,Teutopolis village
17,IL,74847,Thawville village
17,IL,74860,Thayer village
17,IL,74873,Thebes village
17,IL,74970,The Galena Territory CDP
17,IL,75081,Third Lake village
17,IL,75107,Thomasboro village
17,IL,75159,Thompsonville village
17,IL,75172,Thomson village
17,IL,75185,Thornton village
17,IL,75263,Tilden village
17,IL,75276,Tilton village
17,IL,75360,Timberlane village
17,IL,75484,Tinley Park village
17,IL,75549,Tiskilwa village
17,IL,75601,Toledo village
17,IL,75614,Tolono village
17,IL,75653,Toluca city
17,IL,75718,Tonica village
17,IL,75757,Topeka village
17,IL,75783,Toulon city
17,IL,75809,Tovey village
17,IL,75822,Towanda village
17,IL,75848,Tower Hill village
17,IL,75874,Tower Lakes village
17,IL,75965,Tremont village
17,IL,75991,Trenton city
17,IL,76017,Trilla CDP
17,IL,76082,Triumph CDP
17,IL,76108,Trivoli CDP
17,IL,76160,Trout Valley village
17,IL,76199,Troy city
17,IL,76225,Troy Grove village
17,IL,76407,Tuscola city
17,IL,76511,Twin Grove CDP
17,IL,76615,Ullin village
17,IL,76706,Union village
17,IL,76771,Union Hill village
17,IL,76875,Unity CDP
17,IL,76935,University Park village
17,IL,77005,Urbana city
17,IL,77044,Ursa village
17,IL,77148,Valier village
17,IL,77187,Valley City village
17,IL,77265,Valmeyer village
17,IL,77317,Vandalia city
17,IL,77395,Varna village
17,IL,77408,Venedy village
17,IL,77460,Venetian Village CDP
17,IL,77473,Venice city
17,IL,77525,Vergennes village
17,IL,77551,Vermilion village
17,IL,77642,Vermont village
17,IL,77681,Vernon village
17,IL,77694,Vernon Hills village
17,IL,77707,Verona village
17,IL,77720,Versailles village
17,IL,77811,Victoria village
17,IL,77863,Vienna city
17,IL,77941,Villa Grove city
17,IL,77993,Villa Park village
17,IL,78123,Viola village
17,IL,78149,Virden city
17,IL,78175,Virgil village
17,IL,78201,Virginia city
17,IL,78227,Volo village
17,IL,78370,Wadsworth village
17,IL,78383,Waggoner village
17,IL,78526,Walnut village
17,IL,78604,Walnut Hill village
17,IL,78656,Walshville village
17,IL,78708,Waltonville village
17,IL,78721,Wamac city
17,IL,78773,Wapella village
17,IL,78851,Warren village
17,IL,78916,Warrensburg village
17,IL,78929,Warrenville city
17,IL,78942,Warsaw city
17,IL,79007,Washburn village
17,IL,79033,Washington city
17,IL,79085,Washington Park village
17,IL,79124,Wataga village
17,IL,79150,Waterloo city
17,IL,79163,Waterman village
17,IL,79228,Watseka city
17,IL,79241,Watson village
17,IL,79267,Wauconda village
17,IL,79293,Waukegan city
17,IL,79358,Waverly city
17,IL,79397,Wayne village
17,IL,79436,Wayne City village
17,IL,79449,Waynesville village
17,IL,79618,Wedron CDP
17,IL,79683,Weldon village
17,IL,79735,Wellington village
17,IL,79813,Wenona city
17,IL,79826,Wenonah village
17,IL,80008,West Brooklyn village
17,IL,80047,Westchester village
17,IL,80060,West Chicago city
17,IL,80073,West City village
17,IL,80125,West Dundee village
17,IL,80242,Western Springs village
17,IL,80255,Westervelt CDP
17,IL,80281,Westfield village
17,IL,80333,West Frankfort city
17,IL,80570,Westlake Village CDP
17,IL,80580,West Liberty CDP
17,IL,80645,Westmont village
17,IL,80736,West Peoria city
17,IL,80762,West Point village
17,IL,80853,West Salem village
17,IL,80879,West Union CDP
17,IL,80931,Westville village
17,IL,80957,West York CDP
17,IL,81048,Wheaton city
17,IL,81074,Wheeler village
17,IL,81087,Wheeling village
17,IL,81165,Whiteash CDP
17,IL,81191,White City village
17,IL,81256,White Hall city
17,IL,81295,White Heath CDP
17,IL,81802,Williamsfield village
17,IL,81815,Williamson village
17,IL,81854,Williamsville village
17,IL,81867,Willisville village
17,IL,81919,Willowbrook village
17,IL,81938,Willowbrook CDP
17,IL,82010,Willow Hill village
17,IL,82029,Willow Lake CDP
17,IL,82049,Willow Springs village
17,IL,82075,Wilmette village
17,IL,82088,Wilmington village
17,IL,82101,Wilmington city
17,IL,82218,Wilsonville village
17,IL,82257,Wilton Center CDP
17,IL,82270,Winchester city
17,IL,82309,Windsor village
17,IL,82322,Windsor city
17,IL,82400,Winfield village
17,IL,82491,Winnebago village
17,IL,82530,Winnetka village
17,IL,82543,Winslow village
17,IL,82686,Winthrop Harbor village
17,IL,82725,Witt city
17,IL,82855,Wonder Lake village
17,IL,82985,Wood Dale city
17,IL,83063,Woodhull village
17,IL,83102,Woodland village
17,IL,83206,Woodlawn village
17,IL,83245,Woodridge village
17,IL,83271,Wood River city
17,IL,83336,Woodson village
17,IL,83349,Woodstock city
17,IL,83505,Worden village
17,IL,83518,Worth village
17,IL,83622,Wyanet village
17,IL,83687,Wyoming city
17,IL,83739,Xenia village
17,IL,83765,Yale village
17,IL,83817,Yates City village
17,IL,84038,Yorkville city
17,IL,84155,Zeigler city
17,IL,84220,Zion city
18,IN,00140,Aberdeen CDP
18,IN,00154,Abington CDP
18,IN,00352,Adams CDP
18,IN,00532,Adams Lake CDP
18,IN,00640,Advance town
18,IN,00748,Akron town
18,IN,00784,Alamo town
18,IN,00802,Albany town
18,IN,00820,Albion town
18,IN,00910,Alexandria city
18,IN,00946,Alford CDP
18,IN,00964,Alfordsville town
18,IN,01270,Alton town
18,IN,01288,Altona town
18,IN,01342,Ambia town
18,IN,01360,Amboy town
18,IN,01396,Americus CDP
18,IN,01432,Amity CDP
18,IN,01450,Amo town
18,IN,01468,Anderson city
18,IN,01594,Andersonville CDP
18,IN,01612,Andrews town
18,IN,01666,Angola city
18,IN,01738,Anoka CDP
18,IN,01810,Antioch CDP
18,IN,01954,Arcadia town
18,IN,01990,Arcola CDP
18,IN,02026,Ardmore CDP
18,IN,02044,Argos town
18,IN,02116,Arlington CDP
18,IN,02296,Arthur CDP
18,IN,02458,Ashley town
18,IN,02602,Atlanta town
18,IN,02620,Attica city
18,IN,02674,Auburn city
18,IN,02782,Aurora city
18,IN,02800,Austin city
18,IN,02872,Avilla town
18,IN,02890,Avoca CDP
18,IN,02908,Avon town
18,IN,03052,Azalia CDP
18,IN,03142,Bainbridge town
18,IN,03358,Barbee CDP
18,IN,03394,Bargersville town
18,IN,03610,Bass Lake CDP
18,IN,03664,Batesville city
18,IN,03718,Battle Ground town
18,IN,03898,Bear Lake CDP
18,IN,04032,Beaver Dam CDP
18,IN,04114,Bedford city
18,IN,04204,Beech Grove city
18,IN,04456,Belleville CDP
18,IN,04726,Bennetts Switch CDP
18,IN,04780,Benton CDP
18,IN,04888,Berne city
18,IN,04978,Bethany town
18,IN,05050,Bethel Village CDP
18,IN,05158,Beverly Shores town
18,IN,05176,Bicknell city
18,IN,05230,Big Lake CDP
18,IN,05284,Billtown CDP
18,IN,05338,Bippus CDP
18,IN,05374,Birdseye town
18,IN,05644,Blairsville CDP
18,IN,05662,Blanford CDP
18,IN,05680,Blocher CDP
18,IN,05716,Bloomfield town
18,IN,05788,Bloomingdale town
18,IN,05806,Blooming Grove CDP
18,IN,05860,Bloomington city
18,IN,05896,Blountsville town
18,IN,06022,Blue Ridge CDP
18,IN,06220,Bluffton city
18,IN,06292,Boggstown CDP
18,IN,06598,Boone Grove CDP
18,IN,06616,Boonville city
18,IN,06634,Borden town
18,IN,06652,Boston town
18,IN,06706,Boswell town
18,IN,06760,Bourbon town
18,IN,06832,Bowling Green CDP
18,IN,06904,Boxley CDP
18,IN,07174,Brazil city
18,IN,07318,Bremen town
18,IN,07426,Bretzville CDP
18,IN,07570,Bridgeton CDP
18,IN,07624,Bright CDP
18,IN,07678,Brimfield CDP
18,IN,07714,Bringhurst CDP
18,IN,07750,Bristol town
18,IN,07966,Brook town
18,IN,08038,Brooklyn town
18,IN,08092,Brooksburg town
18,IN,08146,Brookston town
18,IN,08182,Brookville town
18,IN,08416,Brownsburg town
18,IN,08434,Browns Crossing CDP
18,IN,08470,Brownstown town
18,IN,08524,Brownsville CDP
18,IN,08578,Bruceville town
18,IN,08704,Bryant town
18,IN,08812,Buck Creek CDP
18,IN,08848,Buckskin CDP
18,IN,08992,Buffalo CDP
18,IN,09136,Bunker Hill town
18,IN,09226,Burket town
18,IN,09244,Burlington town
18,IN,09298,Burnett CDP
18,IN,09316,Burnettsville town
18,IN,09334,Burney CDP
18,IN,09352,Burns City CDP
18,IN,09370,Burns Harbor town
18,IN,09460,Burrows CDP
18,IN,09532,Butler city
18,IN,09622,Butlerville CDP
18,IN,09712,Cadiz town
18,IN,09874,Cambridge City town
18,IN,09910,Camden town
18,IN,10000,Campbellsburg town
18,IN,10036,Canaan CDP
18,IN,10090,Cannelburg town
18,IN,10108,Cannelton city
18,IN,10144,Canton CDP
18,IN,10198,Carbon town
18,IN,10270,Carlisle town
18,IN,10342,Carmel city
18,IN,10558,Carrollton CDP
18,IN,10594,Cartersburg CDP
18,IN,10612,Carthage town
18,IN,10774,Cass CDP
18,IN,10828,Cassville CDP
18,IN,10900,Cates CDP
18,IN,10954,Cayuga town
18,IN,11044,Cedar Grove town
18,IN,11062,Cedar Lake town
18,IN,11134,Celestine CDP
18,IN,11188,Centenary CDP
18,IN,11404,Center CDP
18,IN,11746,Center Point town
18,IN,11782,Centerton CDP
18,IN,11836,Centerville town
18,IN,11926,Chain-O-Lakes CDP
18,IN,11944,Chalmers town
18,IN,12034,Chandler town
18,IN,12124,Charlestown city
18,IN,12196,Charlottesville CDP
18,IN,12376,Chesterfield town
18,IN,12412,Chesterton town
18,IN,12502,Chili CDP
18,IN,12574,Chrisney town
18,IN,12610,Churubusco town
18,IN,12628,Cicero town
18,IN,12880,Clarksburg CDP
18,IN,12898,Clarks Hill town
18,IN,12934,Clarksville town
18,IN,13276,Clay City town
18,IN,13312,Claypool town
18,IN,13366,Clayton town
18,IN,13438,Clear Lake town
18,IN,13492,Clermont town
18,IN,13582,Clifford town
18,IN,13780,Clinton city
18,IN,13852,Cloverdale town
18,IN,13888,Cloverland CDP
18,IN,13978,Coal City CDP
18,IN,14032,Coalmont CDP
18,IN,14050,Coatesville town
18,IN,14104,Coesse CDP
18,IN,14176,Colburn CDP
18,IN,14284,Colfax town
18,IN,14716,Columbia City city
18,IN,14734,Columbus city
18,IN,14788,Commiskey CDP
18,IN,14932,Connersville city
18,IN,14986,Converse town
18,IN,15115,Cordry Sweetwater Lakes CDP
18,IN,15202,Cortland CDP
18,IN,15220,Corunna town
18,IN,15238,Cory CDP
18,IN,15256,Corydon town
18,IN,15364,Country Club Heights town
18,IN,15409,Country Squire Lakes CDP
18,IN,15490,Covington city
18,IN,15526,Cowan CDP
18,IN,15616,Craigville CDP
18,IN,15634,Crandall town
18,IN,15652,Crane town
18,IN,15742,Crawfordsville city
18,IN,15778,Cree Lake CDP
18,IN,15994,Cromwell town
18,IN,16030,Cross Plains CDP
18,IN,16084,Crothersville town
18,IN,16138,Crown Point city
18,IN,16156,Crows Nest town
18,IN,16300,Culver town
18,IN,16336,Cumberland town
18,IN,16480,Cutler CDP
18,IN,16534,Cynthiana town
18,IN,16624,Dale town
18,IN,16642,Daleville town
18,IN,16732,Dana town
18,IN,16804,Danville town
18,IN,16840,Darlington town
18,IN,16858,Darmstadt town
18,IN,17002,Dayton town
18,IN,17074,Decatur city
18,IN,17110,Decker town
18,IN,17245,Deer Creek CDP
18,IN,17506,Delaware CDP
18,IN,17614,Delphi city
18,IN,17704,DeMotte town
18,IN,17776,Denver town
18,IN,17794,Depauw CDP
18,IN,17812,Deputy CDP
18,IN,18190,Dillsboro town
18,IN,18388,Donaldson CDP
18,IN,18550,Dover Hill CDP
18,IN,18658,Dresser CDP
18,IN,18766,Dublin town
18,IN,18784,Dubois CDP
18,IN,18892,Dugger town
18,IN,18982,Dune Acres town
18,IN,19000,Duneland Beach CDP
18,IN,19054,Dunkirk city
18,IN,19072,Dunlap CDP
18,IN,19162,Dunreith town
18,IN,19180,Dupont town
18,IN,19270,Dyer town
18,IN,19450,Earl Park town
18,IN,19486,East Chicago city
18,IN,19576,East Enterprise CDP
18,IN,19756,East Germantown town
18,IN,19936,East Oolitic CDP
18,IN,20080,Eaton town
18,IN,20134,Eckerty CDP
18,IN,20152,Economy town
18,IN,20188,Eden CDP
18,IN,20332,Edgewood town
18,IN,20404,Edinburgh town
18,IN,20458,Edwardsport town
18,IN,20638,Elberfeld town
18,IN,20674,Elizabeth town
18,IN,20692,Elizabethtown town
18,IN,20710,Elizaville CDP
18,IN,20728,Elkhart city
18,IN,20800,Ellettsville town
18,IN,20998,Elnora town
18,IN,21034,Elrod CDP
18,IN,21070,Elwood city
18,IN,21106,Eminence CDP
18,IN,21124,Emison CDP
18,IN,21178,Enchanted Hills CDP
18,IN,21214,English town
18,IN,21502,Etna Green town
18,IN,21538,Eugene CDP
18,IN,22000,Evansville city
18,IN,22072,Everton CDP
18,IN,22180,Fairbanks CDP
18,IN,22396,Fairland town
18,IN,22432,Fairmount town
18,IN,22468,Fair Oaks CDP
18,IN,22540,Fairview CDP
18,IN,22576,Fairview Park town
18,IN,22738,Farmersburg town
18,IN,22792,Farmland town
18,IN,22990,Ferdinand town
18,IN,23188,Fillmore town
18,IN,23278,Fishers city
18,IN,23296,Fishersburg CDP
18,IN,23386,Fish Lake CDP
18,IN,23566,Flat Rock CDP
18,IN,23692,Flora town
18,IN,23728,Florence CDP
18,IN,23800,Floyds Knobs CDP
18,IN,23836,Folsomville CDP
18,IN,23854,Fontanet CDP
18,IN,23926,Forest CDP
18,IN,24250,Fort Branch town
18,IN,24286,Fortville town
18,IN,25000,Fort Wayne city
18,IN,25054,Foster CDP
18,IN,25090,Fountain City town
18,IN,25162,Fountaintown CDP
18,IN,25180,Fowler town
18,IN,25198,Fowlerton town
18,IN,25212,Foxcliff Estates CDP
18,IN,25288,Francesville town
18,IN,25306,Francisco town
18,IN,25324,Frankfort city
18,IN,25450,Franklin city
18,IN,25702,Frankton town
18,IN,25720,Fredericksburg CDP
18,IN,25810,Freelandville CDP
18,IN,25864,Freetown CDP
18,IN,25882,Fremont town
18,IN,25972,French Lick town
18,IN,26152,Fulton town
18,IN,26206,Galena CDP
18,IN,26242,Galveston town
18,IN,26386,Garrett city
18,IN,27000,Gary city
18,IN,27054,Gas City city
18,IN,27072,Gaston town
18,IN,27216,Geneva town
18,IN,27252,Geneva CDP
18,IN,27270,Gentryville town
18,IN,27324,Georgetown town
18,IN,27720,Gilmer Park CDP
18,IN,28062,Glenwood town
18,IN,28116,Glezen CDP
18,IN,28296,Goldsmith CDP
18,IN,28332,Goodland town
18,IN,28386,Goshen city
18,IN,28440,Gosport town
18,IN,28494,Grabill town
18,IN,28620,Grammer CDP
18,IN,28692,Grandview town
18,IN,28728,Grandview Lake CDP
18,IN,28800,Granger CDP
18,IN,28908,Grantsburg CDP
18,IN,29070,Grayford CDP
18,IN,29106,Graysville CDP
18,IN,29358,Greencastle city
18,IN,29448,Greendale city
18,IN,29520,Greenfield city
18,IN,29592,Green Hill CDP
18,IN,29682,Greensboro town
18,IN,29718,Greensburg city
18,IN,29754,Greens Fork town
18,IN,29772,Greentown town
18,IN,29844,Greenville town
18,IN,29898,Greenwood city
18,IN,30024,Griffin town
18,IN,30042,Griffith town
18,IN,30060,Grissom AFB CDP
18,IN,30114,Groveland CDP
18,IN,30150,Groverton CDP
18,IN,30294,Gwynneville CDP
18,IN,30402,Hagerstown town
18,IN,30564,Hamburg CDP
18,IN,30594,Hamilton town
18,IN,30708,Hamlet town
18,IN,31000,Hammond city
18,IN,31180,Hanna CDP
18,IN,31216,Hanover town
18,IN,31396,Hardinsburg CDP
18,IN,31432,Harlan CDP
18,IN,31486,Harmony town
18,IN,32098,Harrison Lake CDP
18,IN,32170,Harrodsburg CDP
18,IN,32242,Hartford City city
18,IN,32332,Hartsville town
18,IN,32422,Hashtown CDP
18,IN,32494,Hatfield CDP
18,IN,32512,Haubstadt town
18,IN,32584,Hayden CDP
18,IN,32638,Haysville CDP
18,IN,32728,Hazleton town
18,IN,32768,Hartz Lake CDP
18,IN,32818,Hebron town
18,IN,32854,Hedrick CDP
18,IN,32926,Helmer CDP
18,IN,32944,Helmsburg CDP
18,IN,32980,Heltonville CDP
18,IN,32998,Hemlock CDP
18,IN,33142,Henryville CDP
18,IN,33178,Herbst CDP
18,IN,33187,Heritage Lake CDP
18,IN,33214,Hessen Cassel CDP
18,IN,33392,Hidden Valley CDP
18,IN,33466,Highland town
18,IN,33484,Highland CDP
18,IN,33826,Hillisburg CDP
18,IN,33862,Hillsboro town
18,IN,33952,Hillsdale CDP
18,IN,34096,Hoagland CDP
18,IN,34114,Hobart city
18,IN,34168,Hobbs CDP
18,IN,34186,Hoffman Lake CDP
18,IN,34284,Holiday Woods CDP
18,IN,34294,Holland town
18,IN,34366,Holton town
18,IN,34420,Homecroft town
18,IN,34456,Homer CDP
18,IN,34744,Hope town
18,IN,34816,Hortonville CDP
18,IN,34978,Howe CDP
18,IN,35086,Hudson town
18,IN,35104,Hudson Lake CDP
18,IN,35266,Huntertown town
18,IN,35284,Huntingburg city
18,IN,35302,Huntington city
18,IN,35392,Huron CDP
18,IN,35500,Hymera town
18,IN,35536,Idaville CDP
18,IN,35626,Independence CDP
18,IN,36003,Indianapolis city (balance)
18,IN,36306,Indian Village town
18,IN,36342,Ingalls town
18,IN,36468,Ireland CDP
18,IN,37674,Jalapa CDP
18,IN,37692,Jamestown town
18,IN,37764,Jasonville city
18,IN,37782,Jasper city
18,IN,37908,Jefferson CDP
18,IN,38358,Jeffersonville city
18,IN,38484,Jerome CDP
18,IN,38547,Jimmerson Lake CDP
18,IN,38664,Johnson CDP
18,IN,38862,Jonesboro city
18,IN,38916,Jonesville town
18,IN,39042,Judah CDP
18,IN,39078,Judson CDP
18,IN,39096,Judyville CDP
18,IN,39366,Kempton town
18,IN,39402,Kendallville city
18,IN,39438,Kennard town
18,IN,39510,Kent CDP
18,IN,39546,Kentland town
18,IN,39618,Kewanna town
18,IN,39654,Keystone CDP
18,IN,39744,Kimmell CDP
18,IN,39798,Kingman town
18,IN,39816,Kingsbury town
18,IN,39852,Kingsford Heights town
18,IN,39942,Kirklin town
18,IN,40266,Knightstown town
18,IN,40302,Knightsville town
18,IN,40374,Knox city
18,IN,40392,Kokomo city
18,IN,40464,Koontz Lake CDP
18,IN,40518,Kouts town
18,IN,40536,Kramer CDP
18,IN,40644,Laconia town
18,IN,40662,La Crosse town
18,IN,40698,Ladoga town
18,IN,40788,Lafayette city
18,IN,40842,La Fontaine town
18,IN,40860,Lagrange town
18,IN,40896,Lagro town
18,IN,41004,Lake Bruce CDP
18,IN,41022,Lake Cicott CDP
18,IN,41058,Lake Dalecarlia CDP
18,IN,41112,Lake Eliza CDP
18,IN,41130,Lake Everett CDP
18,IN,41211,Lake Holiday CDP
18,IN,41215,Lake Holiday Hideaway CDP
18,IN,41400,Lake of the Woods CDP
18,IN,41444,Lake Santee CDP
18,IN,41463,Lakeshore Resort CDP
18,IN,41530,Lakes of the Four Seasons CDP
18,IN,41535,Lake Station city
18,IN,41562,Laketon CDP
18,IN,41580,Lake View CDP
18,IN,41652,Lake Village CDP
18,IN,41670,Lakeville town
18,IN,41706,Lakewood CDP
18,IN,41796,Lamb CDP
18,IN,41994,Landess CDP
18,IN,42048,Lanesville town
18,IN,42138,Laotto CDP
18,IN,42192,La Paz town
18,IN,42228,Lapel town
18,IN,42246,La Porte city
18,IN,42282,Larwill town
18,IN,42318,Laud CDP
18,IN,42372,Laurel town
18,IN,42426,Lawrence city
18,IN,42462,Lawrenceburg city
18,IN,42516,Lawrenceport CDP
18,IN,42606,Leavenworth town
18,IN,42624,Lebanon city
18,IN,42678,Leesburg town
18,IN,42822,Leiters Ford CDP
18,IN,42861,Leo-Cedarville town
18,IN,42876,Leopold CDP
18,IN,42930,Leroy CDP
18,IN,42984,Letts CDP
18,IN,43020,Lewis CDP
18,IN,43074,Lewisville town
18,IN,43434,Liberty town
18,IN,43542,Liberty Center CDP
18,IN,43596,Liberty Mills CDP
18,IN,43632,Libertyville CDP
18,IN,43686,Ligonier city
18,IN,43776,Lincoln CDP
18,IN,44082,Linden town
18,IN,44154,Linn Grove CDP
18,IN,44172,Linnsburg CDP
18,IN,44190,Linton city
18,IN,44370,Little York town
18,IN,44424,Livonia town
18,IN,44442,Lizton town
18,IN,44658,Logansport city
18,IN,44712,London CDP
18,IN,44784,Long Beach town
18,IN,44910,Loogootee city
18,IN,45000,Losantville town
18,IN,45144,Lowell town
18,IN,45234,Lucerne CDP
18,IN,45396,Lyford CDP
18,IN,45468,Lynn town
18,IN,45486,Lynnville town
18,IN,45504,Lyons town
18,IN,45648,McCordsville town
18,IN,45720,Mace CDP
18,IN,45774,Mackey town
18,IN,45864,Macy town
18,IN,45990,Madison city
18,IN,46296,Malden CDP
18,IN,46350,Manchester CDP
18,IN,46422,Manilla CDP
18,IN,46566,Maples CDP
18,IN,46746,Marengo town
18,IN,46764,Mariah Hill CDP
18,IN,46782,Marietta CDP
18,IN,46908,Marion city
18,IN,47045,Marion CDP
18,IN,47160,Markle town
18,IN,47178,Markleville town
18,IN,47322,Marshall town
18,IN,47340,Marshfield CDP
18,IN,47430,Martinsburg CDP
18,IN,47448,Martinsville city
18,IN,47592,Matthews town
18,IN,47628,Mauckport town
18,IN,47736,Maxwell CDP
18,IN,47826,Mays CDP
18,IN,48132,Mecca town
18,IN,48186,Medaryville town
18,IN,48240,Medora town
18,IN,48294,Mellott town
18,IN,48330,Melody Hill CDP
18,IN,48384,Memphis CDP
18,IN,48402,Mentone town
18,IN,48456,Meridian Hills town
18,IN,48474,Merom town
18,IN,48510,Merriam CDP
18,IN,48528,Merrillville town
18,IN,48563,Metamora CDP
18,IN,48618,Metz CDP
18,IN,48636,Mexico CDP
18,IN,48672,Miami CDP
18,IN,48744,Michiana Shores town
18,IN,48798,Michigan City city
18,IN,48816,Michigantown town
18,IN,48906,Middlebury CDP
18,IN,48924,Middlebury town
18,IN,49014,Middletown town
18,IN,49086,Midland CDP
18,IN,49212,Mier CDP
18,IN,49266,Milan town
18,IN,49302,Milford CDP
18,IN,49320,Milford town
18,IN,49536,Millersburg town
18,IN,49626,Millgrove CDP
18,IN,49662,Millhousen town
18,IN,49716,Milltown town
18,IN,49734,Millville CDP
18,IN,49806,Milroy CDP
18,IN,49860,Milton town
18,IN,49892,Mineral Springs CDP
18,IN,49932,Mishawaka city
18,IN,49950,Mitchell city
18,IN,50058,Modoc town
18,IN,50094,Mongo CDP
18,IN,50148,Monon town
18,IN,50202,Monroe town
18,IN,50526,Monroe City town
18,IN,50562,Monroeville town
18,IN,50580,Monrovia town
18,IN,50616,Monterey town
18,IN,50652,Montezuma town
18,IN,50688,Montgomery town
18,IN,50760,Monticello city
18,IN,50778,Montmorenci CDP
18,IN,50796,Montpelier city
18,IN,50940,Mooreland town
18,IN,50958,Moores Hill town
18,IN,50976,Mooresville town
18,IN,51102,Morgantown town
18,IN,51138,Morocco town
18,IN,51174,Morris CDP
18,IN,51192,Morristown town
18,IN,51318,Mount Auburn town
18,IN,51336,Mount Ayr town
18,IN,51354,Mount Carmel town
18,IN,51408,Mount Etna town
18,IN,51714,Mount Summit town
18,IN,51732,Mount Vernon city
18,IN,51840,Mulberry town
18,IN,51876,Muncie city
18,IN,51912,Munster town
18,IN,52002,Napoleon town
18,IN,52020,Nappanee city
18,IN,52038,Nashville town
18,IN,52146,Needham CDP
18,IN,52200,Needmore CDP
18,IN,52326,New Albany city
18,IN,52398,New Amsterdam town
18,IN,52506,Newbern CDP
18,IN,52524,Newberry town
18,IN,52650,Newburgh town
18,IN,52704,New Carlisle town
18,IN,52740,New Castle city
18,IN,52776,New Chicago town
18,IN,52956,New Goshen CDP
18,IN,52974,New Harmony town
18,IN,52992,New Haven city
18,IN,53118,New Lebanon CDP
18,IN,53154,New Lisbon CDP
18,IN,53190,New London CDP
18,IN,53226,New Marion CDP
18,IN,53262,New Market town
18,IN,53298,New Middletown town
18,IN,53352,New Palestine town
18,IN,53370,New Paris CDP
18,IN,53388,New Pekin town
18,IN,53478,New Point town
18,IN,53496,Newport town
18,IN,53532,New Richmond town
18,IN,53550,New Ross town
18,IN,53586,New Salisbury CDP
18,IN,53676,Newtonville CDP
18,IN,53694,Newtown town
18,IN,53712,New Trenton CDP
18,IN,53820,New Washington CDP
18,IN,53874,New Whiteland town
18,IN,53982,Nineveh CDP
18,IN,54180,Noblesville city
18,IN,54612,North Crows Nest town
18,IN,54792,North Grove CDP
18,IN,54900,North Judson town
18,IN,54918,North Liberty town
18,IN,54954,North Manchester town
18,IN,55080,North Salem town
18,IN,55098,North Terre Haute CDP
18,IN,55116,North Vernon city
18,IN,55134,North Webster town
18,IN,55350,Norway CDP
18,IN,55386,Notre Dame CDP
18,IN,55512,Nyona Lake CDP
18,IN,55710,Oakland City city
18,IN,55800,Oaktown town
18,IN,55818,Oakville CDP
18,IN,56052,Odon town
18,IN,56088,Ogden Dunes town
18,IN,56286,Oldenburg town
18,IN,56646,Ontario CDP
18,IN,56664,Onward town
18,IN,56682,Oolitic town
18,IN,56700,Ora CDP
18,IN,56952,Orestes town
18,IN,57006,Orland town
18,IN,57024,Orleans town
18,IN,57114,Osceola town
18,IN,57132,Osgood town
18,IN,57168,Ossian town
18,IN,57186,Oswego CDP
18,IN,57222,Otisco CDP
18,IN,57258,Otterbein town
18,IN,57330,Otter Lake CDP
18,IN,57384,Otwell CDP
18,IN,57510,Owensburg CDP
18,IN,57528,Owensville town
18,IN,57546,Oxford town
18,IN,57632,Painted Hills CDP
18,IN,57672,Palestine CDP
18,IN,57726,Palmyra town
18,IN,57780,Paoli town
18,IN,57870,Paragon town
18,IN,57924,Paris Crossing CDP
18,IN,57978,Parker City town
18,IN,58050,Parkers Settlement CDP
18,IN,58320,Patoka town
18,IN,58374,Patricksburg CDP
18,IN,58392,Patriot town
18,IN,58500,Paxton CDP
18,IN,58644,Pence CDP
18,IN,58662,Pendleton town
18,IN,58770,Penntown CDP
18,IN,58788,Pennville town
18,IN,58878,Peppertown CDP
18,IN,58932,Perkinsville CDP
18,IN,59238,Perrysville town
18,IN,59328,Peru city
18,IN,59364,Petersburg city
18,IN,59400,Petersville CDP
18,IN,59418,Petroleum CDP
18,IN,59490,Philadelphia CDP
18,IN,59598,Pierceton town
18,IN,59616,Pierceville CDP
18,IN,60084,Pine Village town
18,IN,60192,Pittsboro town
18,IN,60210,Pittsburg CDP
18,IN,60246,Plainfield town
18,IN,60264,Plainville town
18,IN,60534,Pleasant Lake CDP
18,IN,60552,Pleasant Mills CDP
18,IN,60678,Pleasant View CDP
18,IN,60696,Pleasant View Village CDP
18,IN,60732,Pleasantville CDP
18,IN,60822,Plymouth city
18,IN,60894,Point Isabel CDP
18,IN,60912,Poland CDP
18,IN,61020,Poneto town
18,IN,61092,Portage city
18,IN,61164,Porter town
18,IN,61236,Portland city
18,IN,61416,Poseyville town
18,IN,61470,Pottawattamie Park town
18,IN,61686,Prairie Creek CDP
18,IN,61758,Prairieton CDP
18,IN,61866,Preble CDP
18,IN,62028,Prince's Lakes town
18,IN,62046,Princeton city
18,IN,62154,Prospect CDP
18,IN,62280,Pulaski CDP
18,IN,62406,Putnamville CDP
18,IN,62712,Raglesville CDP
18,IN,62730,Ragsdale CDP
18,IN,62856,Rainsville CDP
18,IN,62892,Ramsey CDP
18,IN,63072,Raub CDP
18,IN,63432,Reddington CDP
18,IN,63450,Redkey town
18,IN,63756,Remington town
18,IN,63792,Rensselaer city
18,IN,63810,Reo CDP
18,IN,63918,Reynolds town
18,IN,64206,Richland town
18,IN,64260,Richmond city
18,IN,64422,Ridgeville town
18,IN,64512,Riley town
18,IN,64674,Rising Sun city
18,IN,64728,River Forest town
18,IN,64944,Riverwood CDP
18,IN,64980,Roachdale town
18,IN,64998,Roann town
18,IN,65016,Roanoke town
18,IN,65178,Rob Roy CDP
18,IN,65214,Rochester city
18,IN,65358,Rockfield CDP
18,IN,65376,Rockford CDP
18,IN,65484,Rockport city
18,IN,65520,Rockville town
18,IN,65556,Rocky Ripple town
18,IN,65592,Roll CDP
18,IN,65736,Rolling Prairie CDP
18,IN,65808,Rome City town
18,IN,65826,Romney CDP
18,IN,65934,Rosedale town
18,IN,65988,Roseland town
18,IN,66006,Roselawn CDP
18,IN,66085,Ross CDP
18,IN,66150,Rossville town
18,IN,66222,Royal Center town
18,IN,66312,Royerton CDP
18,IN,66438,Rushville city
18,IN,66510,Russellville town
18,IN,66546,Russiaville town
18,IN,66744,St. Anthony CDP
18,IN,66762,St. Bernice CDP
18,IN,66834,St. Joe town
18,IN,66852,St. John town
18,IN,66978,St. Leon town
18,IN,67050,St. Mary of the Woods CDP
18,IN,67176,St. Meinrad CDP
18,IN,67194,St. Omer CDP
18,IN,67212,St. Paul town
18,IN,67284,St. Wendel CDP
18,IN,67302,Salamonia town
18,IN,67464,Salem city
18,IN,67518,Saline City CDP
18,IN,67608,Salt Creek Commons CDP
18,IN,67626,Saltillo town
18,IN,67698,Sandborn town
18,IN,67896,Sandusky CDP
18,IN,68004,San Pierre CDP
18,IN,68022,Santa Claus town
18,IN,68058,Saratoga town
18,IN,68076,Sardinia CDP
18,IN,68103,Saugany Lake CDP
18,IN,68202,Schaefer Lake CDP
18,IN,68220,Schererville town
18,IN,68238,Schneider town
18,IN,68256,Schnellville CDP
18,IN,68328,Scipio CDP
18,IN,68364,Scircleville CDP
18,IN,68382,Scotland CDP
18,IN,68418,Scott CDP
18,IN,68526,Scottsburg city
18,IN,68652,Seelyville town
18,IN,68670,Sellersburg town
18,IN,68706,Selma town
18,IN,68742,Servia CDP
18,IN,68832,Seymour city
18,IN,68868,Shadeland town
18,IN,68976,Shamrock Lakes town
18,IN,69048,Sharpsville town
18,IN,69192,Shelburn town
18,IN,69246,Shelby CDP
18,IN,69318,Shelbyville city
18,IN,69336,Shepardsville CDP
18,IN,69354,Sheridan town
18,IN,69480,Shipshewana town
18,IN,69489,Shipshewana Lake CDP
18,IN,69516,Shirley town
18,IN,69552,Shoals town
18,IN,69642,Shorewood Forest CDP
18,IN,69678,Sidney town
18,IN,69768,Silver Lake town
18,IN,69840,Simonton Lake CDP
18,IN,69894,Sims CDP
18,IN,70330,Smithville-Sanders CDP
18,IN,70470,Snow Lake CDP
18,IN,70506,Solsberry CDP
18,IN,70524,Somerset CDP
18,IN,70542,Somerville town
18,IN,71000,South Bend city
18,IN,71072,South Center CDP
18,IN,71288,South Haven CDP
18,IN,71396,South Milford CDP
18,IN,71486,Southport city
18,IN,71612,South Whitley town
18,IN,71774,Spartanburg CDP
18,IN,71828,Speedway town
18,IN,71972,Spencer town
18,IN,71990,Spencerville CDP
18,IN,72008,Spiceland town
18,IN,72206,Spring Grove town
18,IN,72232,Spring Hill town
18,IN,72296,Spring Lake town
18,IN,72332,Springport town
18,IN,72440,Spurgeon town
18,IN,72584,Stanford CDP
18,IN,72638,Star City CDP
18,IN,72764,State Line City town
18,IN,72782,Staunton town
18,IN,72980,Stendal CDP
18,IN,73160,Stewartsville CDP
18,IN,73178,Stilesville town
18,IN,73214,Stillwell CDP
18,IN,73232,Stinesville town
18,IN,73340,Stockwell CDP
18,IN,73376,Stone Bluff CDP
18,IN,73664,Straughn town
18,IN,73790,Stroh CDP
18,IN,74006,Sullivan city
18,IN,74060,Sulphur Springs town
18,IN,74078,Sumava Resorts CDP
18,IN,74132,Summitville town
18,IN,74168,Sunman town
18,IN,74510,Swayzee town
18,IN,74546,Sweetser town
18,IN,74582,Switz City town
18,IN,74744,Syracuse town
18,IN,74780,Tab CDP
18,IN,74870,Talma CDP
18,IN,74978,Taswell CDP
18,IN,75104,Taylorsville CDP
18,IN,75176,Tecumseh CDP
18,IN,75194,Teegarden CDP
18,IN,75248,Tell City city
18,IN,75284,Templeton CDP
18,IN,75302,Tennyson town
18,IN,75428,Terre Haute city
18,IN,75518,Thayer CDP
18,IN,75626,Thorntown town
18,IN,75860,Tippecanoe CDP
18,IN,75986,Tipton city
18,IN,76022,Toad Hop CDP
18,IN,76076,Tocsin CDP
18,IN,76184,Topeka town
18,IN,76256,Town of Pines town
18,IN,76310,Trafalgar town
18,IN,76328,Trail Creek town
18,IN,76526,Tri-Lakes CDP
18,IN,76634,Troy town
18,IN,76742,Tunnelton CDP
18,IN,76886,Twelve Mile CDP
18,IN,77030,Tyner CDP
18,IN,77066,Ulen town
18,IN,77084,Underwood CDP
18,IN,77768,Union City city
18,IN,77786,Uniondale town
18,IN,77804,Union Mills CDP
18,IN,77912,Universal town
18,IN,77966,Upland town
18,IN,78056,Urbana CDP
18,IN,78110,Utica town
18,IN,78290,Vallonia CDP
18,IN,78326,Valparaiso city
18,IN,78380,Van Bibber Lake CDP
18,IN,78470,Van Buren town
18,IN,78740,Veedersburg town
18,IN,78758,Velpen CDP
18,IN,78776,Vera Cruz town
18,IN,78902,Vernon town
18,IN,78974,Versailles town
18,IN,79010,Vevay town
18,IN,79028,Vicksburg CDP
18,IN,79208,Vincennes city
18,IN,79226,Vistula CDP
18,IN,79370,Wabash city
18,IN,79442,Wadesville CDP
18,IN,79478,Wakarusa town
18,IN,79568,Waldron CDP
18,IN,79604,Walesboro CDP
18,IN,79694,Walkerton town
18,IN,79730,Wallace town
18,IN,79784,Wall Lake CDP
18,IN,79964,Walton town
18,IN,80018,Wanatah town
18,IN,80108,Warren town
18,IN,80234,Warren Park town
18,IN,80288,Warrington CDP
18,IN,80306,Warsaw city
18,IN,80504,Washington city
18,IN,81278,Waterloo town
18,IN,81458,Waveland town
18,IN,81494,Waverly CDP
18,IN,81530,Wawaka CDP
18,IN,82034,Waynesville CDP
18,IN,82052,Waynetown town
18,IN,82142,Webster CDP
18,IN,82250,Wellsboro CDP
18,IN,82376,West Baden Springs town
18,IN,82556,West College Corner town
18,IN,82700,Westfield city
18,IN,82790,West Harrison town
18,IN,82862,West Lafayette city
18,IN,82934,West Lebanon town
18,IN,83042,West Middleton CDP
18,IN,83204,Westphalia CDP
18,IN,83222,West Point CDP
18,IN,83276,Westport town
18,IN,83384,West Terre Haute town
18,IN,83420,Westville town
18,IN,83456,Westwood CDP
18,IN,83528,Wheatfield town
18,IN,83564,Wheatland town
18,IN,83600,Wheeler CDP
18,IN,83816,Whiteland town
18,IN,84014,Whitestown town
18,IN,84086,Whitewater town
18,IN,84122,Whiting city
18,IN,84234,Wildwood CDP
18,IN,84302,Wilkinson town
18,IN,84338,Williams CDP
18,IN,84356,Williamsburg CDP
18,IN,84374,Williams Creek town
18,IN,84410,Williamsport town
18,IN,84482,Willow Branch CDP
18,IN,84734,Winamac town
18,IN,84752,Winchester city
18,IN,84806,Windfall City town
18,IN,84842,Windsor CDP
18,IN,84878,Winfield town
18,IN,84914,Wingate town
18,IN,84950,Winona Lake town
18,IN,84968,Winslow town
18,IN,85058,Wolcott town
18,IN,85076,Wolcottville town
18,IN,85130,Wolflake CDP
18,IN,85184,Woodburn city
18,IN,85400,Woodlawn Heights town
18,IN,85562,Wooster CDP
18,IN,85598,Worthington town
18,IN,85724,Wyatt CDP
18,IN,85742,Wynnedale town
18,IN,85886,Yeoman town
18,IN,86084,Yorktown town
18,IN,86156,Young America CDP
18,IN,86318,Zanesville town
18,IN,86372,Zionsville town
19,IA,00190,Ackley city
19,IA,00235,Ackworth city
19,IA,00370,Adair city
19,IA,00505,Adel city
19,IA,00595,Afton city
19,IA,00640,Agency city
19,IA,00730,Ainsworth city
19,IA,00775,Akron city
19,IA,00865,Albert City city
19,IA,00910,Albia city
19,IA,00955,Albion city
19,IA,01000,Alburnett city
19,IA,01045,Alden city
19,IA,01090,Alexander city
19,IA,01135,Algona city
19,IA,01180,Alleman city
19,IA,01270,Allerton city
19,IA,01315,Allison city
19,IA,01495,Alta city
19,IA,01540,Alta Vista city
19,IA,01585,Alton city
19,IA,01630,Altoona city
19,IA,01675,Alvord city
19,IA,01720,Amana CDP
19,IA,01855,Ames city
19,IA,01990,Anamosa city
19,IA,02035,Anderson CDP
19,IA,02080,Andover city
19,IA,02125,Andrew city
19,IA,02260,Anita city
19,IA,02305,Ankeny city
19,IA,02350,Anthon city
19,IA,02395,Aplington city
19,IA,02485,Arcadia city
19,IA,02530,Archer city
19,IA,02620,Aredale city
19,IA,02665,Argo CDP
19,IA,02710,Argyle CDP
19,IA,02755,Arion city
19,IA,02800,Arispe city
19,IA,02845,Arlington city
19,IA,02935,Armstrong city
19,IA,03025,Arnolds Park city
19,IA,03115,Arthur city
19,IA,03160,Asbury city
19,IA,03295,Ashton city
19,IA,03340,Aspinwall city
19,IA,03385,Atalissa city
19,IA,03430,Athelstan CDP
19,IA,03475,Atkins city
19,IA,03520,Atlantic city
19,IA,03610,Auburn city
19,IA,03655,Audubon city
19,IA,03700,Augusta CDP
19,IA,03745,Aurelia city
19,IA,03835,Aurora city
19,IA,03970,Avoca city
19,IA,04105,Ayrshire city
19,IA,04195,Badger city
19,IA,04240,Bagley city
19,IA,04330,Baldwin city
19,IA,04375,Balltown city
19,IA,04420,Bancroft city
19,IA,04510,Bankston city
19,IA,04555,Barnes City city
19,IA,04645,Barnum city
19,IA,04735,Bartlett CDP
19,IA,04780,Bassett city
19,IA,04825,Batavia city
19,IA,04870,Battle Creek city
19,IA,04915,Baxter city
19,IA,04960,Bayard city
19,IA,05050,Beacon city
19,IA,05095,Beaconsfield city
19,IA,05140,Beaman city
19,IA,05185,Beaver city
19,IA,05200,Beaverdale CDP
19,IA,05365,Bedford city
19,IA,05590,Belle Plaine city
19,IA,05635,Bellevue city
19,IA,05680,Belmond city
19,IA,05770,Bennett city
19,IA,05870,Bentley CDP
19,IA,05905,Benton city
19,IA,06040,Berkley city
19,IA,06085,Bernard city
19,IA,06175,Bertram city
19,IA,06355,Bettendorf city
19,IA,06490,Bevington city
19,IA,06535,Big Rock CDP
19,IA,06625,Birmingham city
19,IA,06760,Blairsburg city
19,IA,06805,Blairstown city
19,IA,06850,Blakesburg city
19,IA,06895,Blanchard city
19,IA,06940,Blencoe city
19,IA,06985,Blockton city
19,IA,07030,Bloomfield city
19,IA,07075,Blue Grass city
19,IA,07210,Bode city
19,IA,07255,Bolan CDP
19,IA,07345,Bonaparte city
19,IA,07390,Bondurant city
19,IA,07480,Boone city
19,IA,07660,Bouton city
19,IA,07750,Boxholm city
19,IA,07840,Boyden city
19,IA,07930,Braddyville city
19,IA,08020,Bradford CDP
19,IA,08065,Bradgate city
19,IA,08155,Brandon city
19,IA,08200,Brayton city
19,IA,08290,Breda city
19,IA,08425,Bridgewater city
19,IA,08470,Brighton city
19,IA,08560,Bristow city
19,IA,08605,Britt city
19,IA,08650,Bronson city
19,IA,08695,Brooklyn city
19,IA,08875,Brunsville city
19,IA,09100,Buckeye city
19,IA,09145,Buck Grove city
19,IA,09235,Buffalo city
19,IA,09280,Buffalo Center city
19,IA,09415,Burchinal CDP
19,IA,09550,Burlington city
19,IA,09640,Burr Oak CDP
19,IA,09685,Burt city
19,IA,09730,Bussey city
19,IA,09820,Calamus city
19,IA,09910,California Junction CDP
19,IA,09955,Callender city
19,IA,10045,Calmar city
19,IA,10090,Calumet city
19,IA,10135,Camanche city
19,IA,10225,Cambridge city
19,IA,10450,Cantril city
19,IA,10585,Carbon city
19,IA,10765,Carlisle city
19,IA,11035,Carpenter city
19,IA,11080,Carroll city
19,IA,11170,Carson city
19,IA,11215,Carter Lake city
19,IA,11305,Cascade city
19,IA,11395,Casey city
19,IA,11485,Castalia city
19,IA,11530,Castana city
19,IA,11755,Cedar Falls city
19,IA,12000,Cedar Rapids city
19,IA,12225,Center Junction CDP
19,IA,12270,Center Point city
19,IA,12315,Centerville city
19,IA,12495,Central City city
19,IA,12630,Centralia city
19,IA,12675,Chapin CDP
19,IA,12720,Chariton city
19,IA,12765,Charles City city
19,IA,12855,Charlotte city
19,IA,12900,Charter Oak city
19,IA,12945,Chatsworth city
19,IA,12990,Chelsea city
19,IA,13080,Cherokee city
19,IA,13125,Chester city
19,IA,13215,Chillicothe city
19,IA,13350,Churdan city
19,IA,13395,Cincinnati city
19,IA,13485,Clare city
19,IA,13530,Clarence city
19,IA,13575,Clarinda city
19,IA,13620,Clarion city
19,IA,13755,Clarksville city
19,IA,13845,Clayton city
19,IA,13980,Clearfield city
19,IA,14025,Clear Lake city
19,IA,14115,Cleghorn city
19,IA,14160,Clemons city
19,IA,14250,Clermont city
19,IA,14385,Climbing Hill CDP
19,IA,14430,Clinton city
19,IA,14475,Clio city
19,IA,14520,Clive city
19,IA,14655,Clutier city
19,IA,14835,Coalville CDP
19,IA,14880,Coburg city
19,IA,14925,Coggon city
19,IA,14970,Coin city
19,IA,15015,Colesburg city
19,IA,15060,Colfax city
19,IA,15105,College Springs city
19,IA,15195,Collins city
19,IA,15240,Colo city
19,IA,15375,Columbus City city
19,IA,15420,Columbus Junction city
19,IA,15465,Colwell city
19,IA,15645,Conesville city
19,IA,15825,Conrad city
19,IA,15870,Conroy CDP
19,IA,15960,Conway city
19,IA,16050,Coon Rapids city
19,IA,16140,Coppock city
19,IA,16230,Coralville city
19,IA,16320,Corley CDP
19,IA,16500,Corning city
19,IA,16545,Correctionville city
19,IA,16590,Corwith city
19,IA,16635,Corydon city
19,IA,16725,Cotter city
19,IA,16815,Coulter city
19,IA,16860,Council Bluffs city
19,IA,16950,Craig city
19,IA,17130,Crawfordsville city
19,IA,17175,Crescent city
19,IA,17220,Cresco city
19,IA,17265,Creston city
19,IA,17490,Cromwell city
19,IA,17670,Crystal Lake city
19,IA,17760,Cumberland city
19,IA,17850,Cumming city
19,IA,17895,Curlew city
19,IA,17940,Cushing city
19,IA,17985,Cylinder city
19,IA,18075,Dakota City city
19,IA,18255,Dallas Center city
19,IA,18345,Dana city
19,IA,18390,Danbury city
19,IA,18435,Danville city
19,IA,19000,Davenport city
19,IA,19090,Davis City city
19,IA,19135,Dawson city
19,IA,19180,Dayton city
19,IA,19315,Decatur city
19,IA,19405,Decorah city
19,IA,19450,Dedham city
19,IA,19495,Deep River city
19,IA,19585,Defiance city
19,IA,19630,Delaware city
19,IA,19675,Delhi city
19,IA,19720,Delmar city
19,IA,19765,Deloit city
19,IA,19810,Delphos CDP
19,IA,19855,Delta city
19,IA,19945,Denison city
19,IA,19990,Denmark CDP
19,IA,20035,Denver city
19,IA,20125,Derby city
19,IA,21000,Des Moines city
19,IA,21045,De Soto city
19,IA,21180,DeWitt city
19,IA,21225,Dexter city
19,IA,21270,Diagonal city
19,IA,21320,Diamondhead Lake CDP
19,IA,21360,Dickens city
19,IA,21405,Dike city
19,IA,21540,Dixon city
19,IA,21675,Dolliver city
19,IA,21720,Donahue city
19,IA,21810,Donnellson city
19,IA,21900,Doon city
19,IA,22035,Douds CDP
19,IA,22080,Dougherty city
19,IA,22215,Dow City city
19,IA,22260,Downey CDP
19,IA,22305,Dows city
19,IA,22350,Drakesville city
19,IA,22395,Dubuque city
19,IA,22620,Dumont city
19,IA,22710,Duncan CDP
19,IA,22755,Duncombe city
19,IA,22800,Dundee city
19,IA,22845,Dunkerton city
19,IA,22890,Dunlap city
19,IA,22935,Durango city
19,IA,22980,Durant city
19,IA,23115,Dyersville city
19,IA,23160,Dysart city
19,IA,23250,Eagle Grove city
19,IA,23340,Earlham city
19,IA,23385,Earling city
19,IA,23430,Earlville city
19,IA,23475,Early city
19,IA,23520,East Amana CDP
19,IA,23790,East Peru city
19,IA,23970,Eddyville city
19,IA,24060,Edgewood city
19,IA,24375,Elberon city
19,IA,24420,Eldon city
19,IA,24465,Eldora city
19,IA,24600,Eldridge city
19,IA,24645,Elgin city
19,IA,24690,Elkader city
19,IA,24735,Elkhart city
19,IA,24780,Elk Horn city
19,IA,24825,Elkport city
19,IA,24870,Elk Run Heights city
19,IA,24915,Elliott city
19,IA,25005,Ellston city
19,IA,25050,Ellsworth city
19,IA,25095,Elma city
19,IA,25365,Ely city
19,IA,25500,Emerson city
19,IA,25590,Emmetsburg city
19,IA,25725,Epworth city
19,IA,25815,Essex city
19,IA,25860,Estherville city
19,IA,25995,Evansdale city
19,IA,26175,Everly city
19,IA,26265,Exira city
19,IA,26310,Exline city
19,IA,26355,Fairbank city
19,IA,26400,Fairfax city
19,IA,26445,Fairfield city
19,IA,26580,Fairport CDP
19,IA,26760,Farley city
19,IA,26850,Farmersburg city
19,IA,26895,Farmington city
19,IA,26940,Farnhamville city
19,IA,26985,Farragut city
19,IA,27165,Fayette city
19,IA,27210,Fenton city
19,IA,27255,Ferguson city
19,IA,27390,Fertile city
19,IA,27975,Floris city
19,IA,28020,Floyd city
19,IA,28245,Fonda city
19,IA,28290,Fontanelle city
19,IA,28380,Forest City city
19,IA,28425,Fort Atkinson city
19,IA,28515,Fort Dodge city
19,IA,28605,Fort Madison city
19,IA,28650,Fostoria city
19,IA,28740,Franklin city
19,IA,28920,Fraser city
19,IA,28965,Fredericksburg city
19,IA,29010,Frederika city
19,IA,29055,Fredonia city
19,IA,29190,Fremont city
19,IA,29280,Fruitland city
19,IA,29325,Frytown CDP
19,IA,29550,Galt city
19,IA,29595,Galva city
19,IA,29685,Garber city
19,IA,29730,Garden City CDP
19,IA,29775,Garden Grove city
19,IA,29910,Garnavillo city
19,IA,29955,Garner city
19,IA,30000,Garrison city
19,IA,30045,Garwin city
19,IA,30135,Geneva city
19,IA,30225,George city
19,IA,30540,Gibson city
19,IA,30630,Gilbert city
19,IA,30675,Gilbertville city
19,IA,30810,Gillett Grove city
19,IA,30900,Gilman city
19,IA,30945,Gilmore City city
19,IA,31035,Gladbrook city
19,IA,31350,Glenwood city
19,IA,31395,Glidden city
19,IA,31530,Goldfield city
19,IA,31575,Goodell city
19,IA,31665,Goose Lake city
19,IA,31710,Gowrie city
19,IA,31800,Graettinger city
19,IA,31845,Graf city
19,IA,31890,Grafton city
19,IA,31980,Grand Junction city
19,IA,32025,Grand Mound city
19,IA,32070,Grand River city
19,IA,32115,Grandview city
19,IA,32160,Granger city
19,IA,32295,Grant city
19,IA,32475,Granville city
19,IA,32520,Gravity city
19,IA,32565,Gray city
19,IA,32610,Greeley city
19,IA,32745,Greene city
19,IA,32790,Greenfield city
19,IA,32925,Green Mountain CDP
19,IA,32970,Greenville city
19,IA,33060,Grimes city
19,IA,33105,Grinnell city
19,IA,33150,Griswold city
19,IA,33195,Grundy Center city
19,IA,33240,Gruver city
19,IA,33285,Guernsey city
19,IA,33420,Guthrie Center city
19,IA,33465,Guttenberg city
19,IA,33645,Halbur city
19,IA,33780,Hamburg city
19,IA,33870,Hamilton city
19,IA,33960,Hampton city
19,IA,34005,Hancock city
19,IA,34185,Hanlontown city
19,IA,34365,Hansell city
19,IA,34410,Harcourt city
19,IA,34455,Hardy city
19,IA,34500,Harlan city
19,IA,34545,Harper city
19,IA,34590,Harpers Ferry city
19,IA,34635,Harris city
19,IA,34680,Hartford city
19,IA,34725,Hartley city
19,IA,34770,Hartwick city
19,IA,34860,Harvey city
19,IA,34995,Hastings city
19,IA,35130,Havelock city
19,IA,35220,Haverhill city
19,IA,35265,Hawarden city
19,IA,35310,Hawkeye city
19,IA,35445,Hayesville city
19,IA,35490,Hayfield CDP
19,IA,35580,Hazleton city
19,IA,35670,Hedrick city
19,IA,35715,Henderson city
19,IA,35940,Hiawatha city
19,IA,36030,High Amana CDP
19,IA,36345,Hills city
19,IA,36390,Hillsboro city
19,IA,36480,Hinton city
19,IA,36660,Holiday Lake CDP
19,IA,36705,Holland city
19,IA,36840,Holstein city
19,IA,36885,Holy Cross city
19,IA,36975,Homestead CDP
19,IA,37155,Hopkinton city
19,IA,37200,Hornick city
19,IA,37290,Hospers city
19,IA,37335,Houghton city
19,IA,37425,Hubbard city
19,IA,37470,Hudson city
19,IA,37515,Hull city
19,IA,37560,Humboldt city
19,IA,37605,Humeston city
19,IA,37875,Hutchins CDP
19,IA,37920,Huxley city
19,IA,38010,Ida Grove city
19,IA,38055,Imogene city
19,IA,38100,Independence city
19,IA,38280,Indianola city
19,IA,38415,Inwood city
19,IA,38460,Ionia city
19,IA,38595,Iowa City city
19,IA,38640,Iowa Falls city
19,IA,38820,Ireton city
19,IA,38955,Irvington CDP
19,IA,39000,Irwin city
19,IA,39135,Jackson Junction city
19,IA,39180,Jacksonville CDP
19,IA,39225,Jamaica city
19,IA,39405,Janesville city
19,IA,39450,Jefferson city
19,IA,39585,Jesup city
19,IA,39675,Jewell Junction city
19,IA,39765,Johnston city
19,IA,39855,Joice city
19,IA,39900,Jolley city
19,IA,40170,Kalona city
19,IA,40215,Kamrar city
19,IA,40260,Kanawha city
19,IA,40350,Kellerton city
19,IA,40395,Kelley city
19,IA,40440,Kellogg city
19,IA,40665,Kensett city
19,IA,40710,Kent CDP
19,IA,40733,Kent Estates CDP
19,IA,40845,Keokuk city
19,IA,40890,Keomah Village city
19,IA,40935,Keosauqua city
19,IA,40980,Keota city
19,IA,41070,Keswick city
19,IA,41115,Keystone city
19,IA,41295,Kimballton city
19,IA,41385,Kingsley city
19,IA,41430,Kingston CDP
19,IA,41475,Kinross city
19,IA,41520,Kirkman city
19,IA,41565,Kirkville city
19,IA,41610,Kiron city
19,IA,41655,Klemme city
19,IA,41790,Knierim city
19,IA,42015,Knoxville city
19,IA,42285,Lacona city
19,IA,42330,Ladora city
19,IA,42465,Lake City city
19,IA,42555,Lake Mills city
19,IA,42575,Lake Panorama CDP
19,IA,42600,Lake Park city
19,IA,42645,Lakeside city
19,IA,42690,Lake View city
19,IA,42825,Lakota city
19,IA,42870,Lambs Grove city
19,IA,42960,Lamoni city
19,IA,43005,Lamont city
19,IA,43050,La Motte city
19,IA,43140,Lanesboro city
19,IA,43275,Lansing city
19,IA,43365,La Porte City city
19,IA,43410,Larchwood city
19,IA,43500,Larrabee city
19,IA,43590,Latimer city
19,IA,43680,Laurel city
19,IA,43725,Laurens city
19,IA,43815,Lawler city
19,IA,43905,Lawton city
19,IA,43950,Leando CDP
19,IA,44085,Le Claire city
19,IA,44130,Ledyard city
19,IA,44220,Le Grand city
19,IA,44265,Lehigh city
19,IA,44310,Leighton city
19,IA,44355,Leland city
19,IA,44400,Le Mars city
19,IA,44490,Lenox city
19,IA,44535,Leon city
19,IA,44580,Le Roy city
19,IA,44670,Lester city
19,IA,44715,Letts city
19,IA,44805,Lewis city
19,IA,44985,Libertyville city
19,IA,45030,Lidderdale city
19,IA,45165,Lime Springs city
19,IA,45255,Lincoln city
19,IA,45390,Linden city
19,IA,45435,Lineville city
19,IA,45480,Linn Grove city
19,IA,45615,Lisbon city
19,IA,45660,Liscomb city
19,IA,45705,Little Cedar CDP
19,IA,45795,Little Rock city
19,IA,45840,Little Sioux city
19,IA,45975,Livermore city
19,IA,46065,Lockridge city
19,IA,46155,Logan city
19,IA,46245,Lohrville city
19,IA,46290,Lone Rock city
19,IA,46335,Lone Tree city
19,IA,46425,Long Grove city
19,IA,46515,Lorimor city
19,IA,46605,Lost Nation city
19,IA,46785,Loveland CDP
19,IA,46830,Lovilia city
19,IA,46920,Lowden city
19,IA,46965,Lowell CDP
19,IA,47010,Low Moor city
19,IA,47055,Luana city
19,IA,47100,Lucas city
19,IA,47280,Luther city
19,IA,47370,Lu Verne city
19,IA,47460,Luxemburg city
19,IA,47505,Luzerne city
19,IA,47595,Lynnville city
19,IA,47730,Lytton city
19,IA,47775,McCallsburg city
19,IA,47820,McCausland city
19,IA,47865,McClelland city
19,IA,47955,Macedonia city
19,IA,48000,McGregor city
19,IA,48045,McIntire city
19,IA,48180,Macksburg city
19,IA,48450,Madrid city
19,IA,48495,Magnolia city
19,IA,48500,Maharishi Vedic City city
19,IA,48540,Malcom city
19,IA,48585,Mallard city
19,IA,48675,Maloy city
19,IA,48720,Malvern city
19,IA,48810,Manchester city
19,IA,48855,Manilla city
19,IA,48900,Manly city
19,IA,48945,Manning city
19,IA,48990,Manson city
19,IA,49170,Mapleton city
19,IA,49215,Maquoketa city
19,IA,49260,Marathon city
19,IA,49305,Marble Rock city
19,IA,49350,Marcus city
19,IA,49395,Marengo city
19,IA,49485,Marion city
19,IA,49575,Marne city
19,IA,49620,Marquette city
19,IA,49755,Marshalltown city
19,IA,49845,Martelle city
19,IA,49890,Martensdale city
19,IA,49935,Martinsburg city
19,IA,50070,Marysville city
19,IA,50160,Mason City city
19,IA,50205,Masonville city
19,IA,50250,Massena city
19,IA,50385,Matlock city
19,IA,50430,Maurice city
19,IA,50520,Maxwell city
19,IA,50610,Maynard city
19,IA,50655,Maysville city
19,IA,50700,Mechanicsville city
19,IA,50790,Mediapolis city
19,IA,50880,Melbourne city
19,IA,50935,Melcher-Dallas city
19,IA,50970,Melrose city
19,IA,51060,Melvin city
19,IA,51105,Menlo city
19,IA,51150,Meriden city
19,IA,51375,Merrill city
19,IA,51420,Meservey city
19,IA,51510,Meyer CDP
19,IA,51600,Middle Amana CDP
19,IA,51735,Middletown city
19,IA,52050,Miles city
19,IA,52095,Milford city
19,IA,52140,Miller CDP
19,IA,52230,Millersburg city
19,IA,52275,Millerton city
19,IA,52455,Milo city
19,IA,52500,Milton city
19,IA,52545,Minburn city
19,IA,52590,Minden city
19,IA,52635,Mineola CDP
19,IA,52815,Mingo city
19,IA,52860,Missouri Valley city
19,IA,52905,Mitchell city
19,IA,52950,Mitchellville city
19,IA,52995,Modale city
19,IA,53085,Mona CDP
19,IA,53175,Mondamin city
19,IA,53265,Monmouth city
19,IA,53310,Monona city
19,IA,53355,Monroe city
19,IA,53490,Montezuma city
19,IA,53625,Monticello city
19,IA,53670,Montour city
19,IA,53715,Montpelier CDP
19,IA,53760,Montrose city
19,IA,53805,Mooar CDP
19,IA,53850,Moorhead city
19,IA,53895,Moorland city
19,IA,53985,Moravia city
19,IA,54030,Morley city
19,IA,54120,Morning Sun city
19,IA,54165,Morrison city
19,IA,54345,Moscow CDP
19,IA,54390,Moulton city
19,IA,54435,Mount Auburn city
19,IA,54480,Mount Ayr city
19,IA,54705,Mount Pleasant city
19,IA,54750,Mount Sterling CDP
19,IA,54795,Mount Union CDP
19,IA,54840,Mount Vernon city
19,IA,54930,Moville city
19,IA,55065,Murray city
19,IA,55110,Muscatine city
19,IA,55200,Mystic city
19,IA,55335,Nashua city
19,IA,55515,Nemaha city
19,IA,55560,Neola city
19,IA,55695,Nevada city
19,IA,55785,New Albin city
19,IA,55965,Newell city
19,IA,56055,Newhall city
19,IA,56100,New Hampton city
19,IA,56145,New Hartford city
19,IA,56190,New Haven CDP
19,IA,56280,New Liberty city
19,IA,56325,New London city
19,IA,56370,New Market city
19,IA,56415,New Providence city
19,IA,56460,New Sharon city
19,IA,56505,Newton city
19,IA,56550,New Vienna city
19,IA,56595,New Virginia city
19,IA,56685,Nichols city
19,IA,56865,Nodaway city
19,IA,56910,Nora Springs city
19,IA,57045,Northboro city
19,IA,57135,North Buena Vista city
19,IA,57225,North English city
19,IA,57360,North Liberty city
19,IA,57495,North Washington city
19,IA,57630,Northwood city
19,IA,57675,Norwalk city
19,IA,57720,Norway city
19,IA,57945,Numa city
19,IA,58048,Oak Hills CDP
19,IA,58080,Oakland city
19,IA,58170,Oakland Acres city
19,IA,58395,Oakville city
19,IA,58530,Ocheyedan city
19,IA,58575,Odebolt city
19,IA,58620,Oelwein city
19,IA,58665,Ogden city
19,IA,58710,Okoboji city
19,IA,58890,Olds city
19,IA,58980,Olin city
19,IA,59070,Ollie city
19,IA,59115,Onawa city
19,IA,59250,Onslow city
19,IA,59475,Orange City city
19,IA,59520,Orchard city
19,IA,59565,Orient city
19,IA,59655,Orleans city
19,IA,59745,Osage city
19,IA,59835,Osceola city
19,IA,59925,Oskaloosa city
19,IA,59970,Ossian city
19,IA,60015,Osterdock city
19,IA,60105,Otho city
19,IA,60240,Oto city
19,IA,60285,Otranto CDP
19,IA,60420,Ottosen city
19,IA,60465,Ottumwa city
19,IA,60555,Owasa city
19,IA,60645,Oxford city
19,IA,60690,Oxford Junction city
19,IA,60780,Oyens city
19,IA,60825,Pacific Junction city
19,IA,60915,Packwood city
19,IA,61050,Palmer city
19,IA,61230,Palo city
19,IA,61275,Panama city
19,IA,61320,Panora city
19,IA,61365,Panorama Park city
19,IA,61590,Parkersburg city
19,IA,61725,Park View CDP
19,IA,61770,Parnell city
19,IA,61815,Paton city
19,IA,61860,Patterson city
19,IA,61905,Paullina city
19,IA,62040,Pella city
19,IA,62130,Peosta city
19,IA,62175,Percival CDP
19,IA,62355,Perry city
19,IA,62445,Persia city
19,IA,62625,Peterson city
19,IA,62760,Pierson city
19,IA,62850,Pilot Mound city
19,IA,63075,Pisgah city
19,IA,63210,Plainfield city
19,IA,63300,Plainview CDP
19,IA,63345,Plano city
19,IA,63525,Pleasant Hill city
19,IA,63570,Pleasanton city
19,IA,63615,Pleasant Plain city
19,IA,63750,Pleasantville city
19,IA,63840,Plover city
19,IA,63885,Plymouth city
19,IA,63975,Pocahontas city
19,IA,64020,Polk City city
19,IA,64065,Pomeroy city
19,IA,64110,Popejoy city
19,IA,64155,Portland CDP
19,IA,64200,Portsmouth city
19,IA,64290,Postville city
19,IA,64425,Prairieburg city
19,IA,64470,Prairie City city
19,IA,64560,Prescott city
19,IA,64605,Preston city
19,IA,64650,Primghar city
19,IA,64740,Princeton city
19,IA,64875,Promise City city
19,IA,65010,Protivin city
19,IA,65055,Pulaski city
19,IA,65235,Quasqueton city
19,IA,65280,Quimby city
19,IA,65370,Radcliffe city
19,IA,65415,Rake city
19,IA,65505,Ralston city
19,IA,65550,Randalia city
19,IA,65595,Randall city
19,IA,65640,Randolph city
19,IA,65730,Rathbun city
19,IA,65820,Raymond city
19,IA,65910,Readlyn city
19,IA,65955,Reasnor city
19,IA,66000,Redding city
19,IA,66045,Redfield city
19,IA,66135,Red Oak city
19,IA,66315,Reinbeck city
19,IA,66360,Rembrandt city
19,IA,66405,Remsen city
19,IA,66450,Renwick city
19,IA,66540,Rhodes city
19,IA,66585,Riceville city
19,IA,66720,Richland city
19,IA,66810,Rickardsville city
19,IA,66855,Ricketts city
19,IA,67035,Ridgeway city
19,IA,67125,Rinard city
19,IA,67170,Ringsted city
19,IA,67215,Rippey city
19,IA,67350,Riverdale city
19,IA,67440,Riverside city
19,IA,67530,River Sioux CDP
19,IA,67575,Riverton city
19,IA,67800,Robins city
19,IA,67890,Rochester CDP
19,IA,68025,Rock Falls city
19,IA,68070,Rockford city
19,IA,68160,Rock Rapids city
19,IA,68205,Rock Valley city
19,IA,68250,Rockwell city
19,IA,68295,Rockwell City city
19,IA,68340,Rodman city
19,IA,68385,Rodney city
19,IA,68475,Roland city
19,IA,68520,Rolfe city
19,IA,68565,Rome city
19,IA,68700,Rose Hill city
19,IA,68800,Roseville CDP
19,IA,68925,Rossie city
19,IA,69015,Rowan city
19,IA,69060,Rowley city
19,IA,69105,Royal city
19,IA,69195,Rudd city
19,IA,69240,Runnells city
19,IA,69285,Russell city
19,IA,69330,Ruthven city
19,IA,69375,Rutland city
19,IA,69465,Ryan city
19,IA,69510,Sabula city
19,IA,69645,Sac City city
19,IA,69690,Sageville city
19,IA,69735,St. Ansgar city
19,IA,69780,St. Anthony city
19,IA,69825,St. Benedict CDP
19,IA,69915,St. Charles city
19,IA,69960,St. Donatus city
19,IA,70005,St. Joseph CDP
19,IA,70050,St. Lucas city
19,IA,70095,St. Marys city
19,IA,70140,St. Olaf city
19,IA,70185,St. Paul city
19,IA,70230,Salem city
19,IA,70320,Salix city
19,IA,70410,Sanborn city
19,IA,70545,Sandusky CDP
19,IA,70590,Sandyville city
19,IA,70995,Saylorville CDP
19,IA,71040,Scarville city
19,IA,71085,Schaller city
19,IA,71130,Schleswig city
19,IA,71310,Scranton city
19,IA,71355,Searsboro city
19,IA,71625,Sergeant Bluff city
19,IA,71715,Sexton CDP
19,IA,71760,Seymour city
19,IA,71895,Shambaugh city
19,IA,71940,Shannon City city
19,IA,72075,Sharpsburg city
19,IA,72210,Sheffield city
19,IA,72300,Shelby city
19,IA,72345,Sheldahl city
19,IA,72390,Sheldon city
19,IA,72435,Shell Rock city
19,IA,72480,Shellsburg city
19,IA,72525,Shenandoah city
19,IA,72660,Sherrill city
19,IA,72840,Shueyville city
19,IA,72975,Sibley city
19,IA,73065,Sidney city
19,IA,73110,Sigourney city
19,IA,73155,Silver City city
19,IA,73290,Sioux Center city
19,IA,73335,Sioux City city
19,IA,73425,Sioux Rapids city
19,IA,73515,Slater city
19,IA,73605,Sloan city
19,IA,73650,Smithland city
19,IA,73785,Soldier city
19,IA,73875,Solon city
19,IA,73920,Somers city
19,IA,73965,South Amana CDP
19,IA,74055,South English city
19,IA,74280,Spencer city
19,IA,74325,Sperry CDP
19,IA,74370,Spillville city
19,IA,74415,Spirit Lake city
19,IA,74460,Spragueville city
19,IA,74505,Springbrook city
19,IA,74685,Spring Hill city
19,IA,74775,Springville city
19,IA,74820,Stacyville city
19,IA,74910,Stanhope city
19,IA,74955,Stanley city
19,IA,75000,Stanton city
19,IA,75045,Stanwood city
19,IA,75135,State Center city
19,IA,75180,Steamboat Rock city
19,IA,75405,Stockport city
19,IA,75450,Stockton city
19,IA,75540,Stone City CDP
19,IA,75630,Storm Lake city
19,IA,75675,Story City city
19,IA,75720,Stout city
19,IA,75810,Stratford city
19,IA,75855,Strawberry Point city
19,IA,75945,Struble city
19,IA,75990,Stuart city
19,IA,76035,Sully city
19,IA,76260,Sumner city
19,IA,76415,Sun Valley Lake CDP
19,IA,76440,Superior city
19,IA,76485,Sutherland city
19,IA,76620,Swaledale city
19,IA,76665,Swan city
19,IA,76755,Swea City city
19,IA,76800,Swedesburg CDP
19,IA,76890,Swisher city
19,IA,76935,Tabor city
19,IA,77115,Tama city
19,IA,77340,Templeton city
19,IA,77430,Tennant city
19,IA,77520,Terril city
19,IA,77565,Thayer city
19,IA,77745,Thompson city
19,IA,77790,Thor city
19,IA,77835,Thornburg city
19,IA,77880,Thornton city
19,IA,77970,Thurman city
19,IA,78060,Tiffin city
19,IA,78195,Tingley city
19,IA,78285,Tipton city
19,IA,78330,Titonka city
19,IA,78465,Toeterville CDP
19,IA,78510,Toledo city
19,IA,78600,Toronto city
19,IA,78735,Traer city
19,IA,78780,Trenton CDP
19,IA,78825,Treynor city
19,IA,78915,Tripoli city
19,IA,79095,Truesdale city
19,IA,79140,Truro city
19,IA,79185,Turin city
19,IA,79335,Twin Lakes CDP
19,IA,79410,Udell city
19,IA,79500,Underwood city
19,IA,79545,Union city
19,IA,79680,Unionville city
19,IA,79770,University Heights city
19,IA,79815,University Park city
19,IA,79905,Urbana city
19,IA,79950,Urbandale city
19,IA,79995,Ute city
19,IA,80130,Vail city
19,IA,80175,Valeria city
19,IA,80400,Van Horne city
19,IA,80445,Van Meter city
19,IA,80490,Van Wert city
19,IA,80535,Varina city
19,IA,80580,Ventura city
19,IA,80805,Victor city
19,IA,80985,Villisca city
19,IA,81075,Vincent city
19,IA,81120,Vining city
19,IA,81210,Vinton city
19,IA,81345,Volga city
19,IA,81570,Wadena city
19,IA,81615,Wahpeton city
19,IA,81705,Walcott city
19,IA,81840,Walford city
19,IA,81885,Walker city
19,IA,81975,Wallingford city
19,IA,82020,Wall Lake city
19,IA,82065,Walnut city
19,IA,82200,Wapello city
19,IA,82290,Washburn CDP
19,IA,82335,Washington city
19,IA,82380,Washta city
19,IA,82425,Waterloo city
19,IA,82470,Waterville city
19,IA,82515,Watkins CDP
19,IA,82650,Waucoma city
19,IA,82695,Waukee city
19,IA,82740,Waukon city
19,IA,82875,Waverly city
19,IA,82965,Wayland city
19,IA,83010,Webb city
19,IA,83055,Webster city
19,IA,83145,Webster City city
19,IA,83190,Weldon city
19,IA,83280,Wellman city
19,IA,83325,Wellsburg city
19,IA,83370,Welton city
19,IA,83415,Wesley city
19,IA,83505,West Amana CDP
19,IA,83550,West Bend city
19,IA,83595,West Branch city
19,IA,83685,West Burlington city
19,IA,83775,West Chester city
19,IA,83910,West Des Moines city
19,IA,84090,Westfield city
19,IA,84180,Westgate city
19,IA,84315,West Liberty city
19,IA,84450,West Okoboji city
19,IA,84495,Weston CDP
19,IA,84540,Westphalia city
19,IA,84585,West Point city
19,IA,84630,Westside city
19,IA,84765,West Union city
19,IA,84835,Westwood city
19,IA,84855,Wever CDP
19,IA,84900,What Cheer city
19,IA,84945,Wheatland city
19,IA,85215,Whiting city
19,IA,85260,Whittemore city
19,IA,85305,Whitten city
19,IA,85710,Willey city
19,IA,85800,Williams city
19,IA,85845,Williamsburg city
19,IA,85935,Williamson city
19,IA,86070,Wilton city
19,IA,86250,Windsor Heights city
19,IA,86385,Winfield city
19,IA,86520,Winterset city
19,IA,86565,Winthrop city
19,IA,86610,Wiota city
19,IA,86700,Woden city
19,IA,86835,Woodbine city
19,IA,86880,Woodburn city
19,IA,86970,Woodward city
19,IA,87015,Woolstock city
19,IA,87060,Worthington city
19,IA,87240,Wyoming city
19,IA,87285,Yale city
19,IA,87330,Yarmouth CDP
19,IA,87375,Yetter city
19,IA,87420,Yorktown city
19,IA,87555,Zearing city
19,IA,87690,Zwingle city
20,KS,00100,Abbyville city
20,KS,00125,Abilene city
20,KS,00225,Ada CDP
20,KS,00325,Admire city
20,KS,00475,Agenda city
20,KS,00550,Agra city
20,KS,00825,Albert city
20,KS,00950,Alden city
20,KS,01050,Alexander city
20,KS,01275,Allen city
20,KS,01350,Alma city
20,KS,01425,Almena city
20,KS,01550,Altamont city
20,KS,01575,Alta Vista city
20,KS,01600,Alton city
20,KS,01625,Altoona city
20,KS,01675,Americus city
20,KS,01725,Ames CDP
20,KS,01775,Andale city
20,KS,01800,Andover city
20,KS,01975,Anthony city
20,KS,02175,Arcadia city
20,KS,02250,Argonia city
20,KS,02300,Arkansas City city
20,KS,02325,Arlington city
20,KS,02375,Arma city
20,KS,02600,Asherville CDP
20,KS,02675,Ashland city
20,KS,02850,Assaria city
20,KS,02900,Atchison city
20,KS,03025,Athol city
20,KS,03050,Atlanta city
20,KS,03100,Attica city
20,KS,03150,Atwood city
20,KS,03250,Auburn city
20,KS,03300,Augusta city
20,KS,03425,Aurora city
20,KS,03600,Axtell city
20,KS,03675,Baileyville CDP
20,KS,03800,Bala CDP
20,KS,03900,Baldwin City city
20,KS,04225,Barnard city
20,KS,04250,Barnes city
20,KS,04350,Bartlett city
20,KS,04400,Basehor city
20,KS,04450,Bassett city
20,KS,04575,Bavaria CDP
20,KS,04625,Baxter Springs city
20,KS,04775,Bazine city
20,KS,04900,Beattie city
20,KS,04925,Beaumont CDP
20,KS,04950,Beaver CDP
20,KS,05337,Bel Aire city
20,KS,05500,Belle Plaine city
20,KS,05600,Belleville city
20,KS,05775,Beloit city
20,KS,05825,Belpre city
20,KS,05925,Belvue city
20,KS,05975,Bendena CDP
20,KS,06000,Benedict city
20,KS,06075,Bennington city
20,KS,06125,Bentley city
20,KS,06175,Benton city
20,KS,06275,Bern city
20,KS,06500,Beverly city
20,KS,06575,Big Bow CDP
20,KS,06825,Bird City city
20,KS,06950,Bison city
20,KS,07600,Blue Mound city
20,KS,07650,Blue Rapids city
20,KS,07775,Bluff City city
20,KS,07825,Bogue city
20,KS,07975,Bonner Springs city
20,KS,08300,Bremen CDP
20,KS,08425,Brewster city
20,KS,08450,Bridgeport CDP
20,KS,08475,Bronson city
20,KS,08575,Brookville city
20,KS,08675,Brownell city
20,KS,09000,Bucklin city
20,KS,09050,Bucyrus CDP
20,KS,09150,Buffalo city
20,KS,09200,Buhler city
20,KS,09225,Bunker Hill city
20,KS,09250,Burden city
20,KS,09275,Burdett city
20,KS,09300,Burdick CDP
20,KS,09350,Burlingame city
20,KS,09400,Burlington city
20,KS,09450,Burns city
20,KS,09525,Burr Oak city
20,KS,09575,Burrton city
20,KS,09675,Bushong city
20,KS,09700,Bushton city
20,KS,09800,Byers city
20,KS,09900,Caldwell city
20,KS,10125,Cambridge city
20,KS,10375,Caney city
20,KS,10475,Canton city
20,KS,10600,Carbondale city
20,KS,10675,Carlton city
20,KS,10925,Cassoday city
20,KS,11025,Catharine CDP
20,KS,11175,Cawker City city
20,KS,11325,Cedar city
20,KS,11425,Cedar Point city
20,KS,11450,Cedar Vale city
20,KS,12325,Centerville CDP
20,KS,12425,Centralia city
20,KS,12450,Centropolis CDP
20,KS,12500,Chanute city
20,KS,12550,Chapman city
20,KS,12650,Chase city
20,KS,12675,Chautauqua city
20,KS,12775,Cheney city
20,KS,12825,Cherokee city
20,KS,12925,Cherryvale city
20,KS,12950,Chetopa city
20,KS,13100,Chicopee CDP
20,KS,13275,Cimarron city
20,KS,13375,Circleville city
20,KS,13425,Claflin city
20,KS,13625,Clay Center city
20,KS,13675,Clayton city
20,KS,13925,Clearwater city
20,KS,14200,Clifton city
20,KS,14275,Climax city
20,KS,14475,Clyde city
20,KS,14525,Coats city
20,KS,14575,Codell CDP
20,KS,14600,Coffeyville city
20,KS,14650,Colby city
20,KS,14700,Coldwater city
20,KS,14900,Collyer city
20,KS,14950,Colony city
20,KS,15075,Columbus city
20,KS,15100,Colwich city
20,KS,15200,Concordia city
20,KS,15325,Conway Springs city
20,KS,15400,Coolidge city
20,KS,15475,Copeland city
20,KS,15725,Corning city
20,KS,15900,Cottonwood Falls city
20,KS,15925,Council Grove city
20,KS,16025,Courtland city
20,KS,16150,Coyville city
20,KS,16325,Crestline CDP
20,KS,16475,Croweburg CDP
20,KS,16625,Cuba city
20,KS,16675,Cullison city
20,KS,16700,Culver city
20,KS,16775,Cunningham city
20,KS,16975,Damar city
20,KS,17000,Danville city
20,KS,17150,Dearing city
20,KS,17225,Deerfield city
20,KS,17525,Delia city
20,KS,17600,Delphos city
20,KS,17625,Denison city
20,KS,17675,Dennis CDP
20,KS,17750,Denton city
20,KS,17800,Derby city
20,KS,17850,De Soto city
20,KS,17875,Detroit CDP
20,KS,17900,Devon CDP
20,KS,17925,Dexter city
20,KS,18050,Dighton city
20,KS,18250,Dodge City city
20,KS,18325,Dorrance city
20,KS,18400,Douglass city
20,KS,18500,Downs city
20,KS,18600,Dresden city
20,KS,18950,Dunlap city
20,KS,19050,Durham city
20,KS,19125,Dwight city
20,KS,19275,Earlton city
20,KS,19300,Eastborough city
20,KS,19600,Easton city
20,KS,19700,Eastshore CDP
20,KS,19825,Edgerton city
20,KS,19875,Edmond city
20,KS,19900,Edna city
20,KS,19925,Edson CDP
20,KS,20000,Edwardsville city
20,KS,20025,Effingham city
20,KS,20050,Elbing city
20,KS,20075,El Dorado city
20,KS,20125,Elgin city
20,KS,20250,Elk City city
20,KS,20300,Elk Falls city
20,KS,20350,Elkhart city
20,KS,20425,Ellinwood city
20,KS,20450,Ellis city
20,KS,20500,Ellsworth city
20,KS,20675,Elmdale city
20,KS,20875,Elsmore city
20,KS,20950,Elwood city
20,KS,20975,Elyria CDP
20,KS,21100,Emmett city
20,KS,21275,Emporia city
20,KS,21350,Englewood city
20,KS,21400,Ensign city
20,KS,21425,Enterprise city
20,KS,21500,Erie city
20,KS,21600,Esbon city
20,KS,21650,Eskridge city
20,KS,21675,Eudora city
20,KS,21800,Eureka city
20,KS,22025,Everest city
20,KS,22425,Fairview city
20,KS,22700,Fairway city
20,KS,22775,Fall River city
20,KS,22900,Falun CDP
20,KS,23050,Farlington CDP
20,KS,23600,Florence city
20,KS,23650,Fontana city
20,KS,23725,Ford city
20,KS,23825,Formoso city
20,KS,23890,Fort Dodge CDP
20,KS,23975,Fort Riley CDP
20,KS,24000,Fort Scott city
20,KS,24175,Fowler city
20,KS,24275,Frankfort city
20,KS,24325,Franklin CDP
20,KS,24550,Frederick city
20,KS,24575,Fredonia city
20,KS,24850,Frontenac city
20,KS,24925,Fulton city
20,KS,24975,Furley CDP
20,KS,25050,Galatia city
20,KS,25100,Galena city
20,KS,25150,Galesburg city
20,KS,25200,Galva city
20,KS,25325,Garden City city
20,KS,25375,Garden Plain city
20,KS,25425,Gardner city
20,KS,25750,Garfield city
20,KS,25900,Garland CDP
20,KS,25925,Garnett city
20,KS,25975,Gas city
20,KS,26000,Gaylord city
20,KS,26050,Gem city
20,KS,26075,Geneseo city
20,KS,26200,Geuda Springs city
20,KS,26300,Girard city
20,KS,26325,Glade city
20,KS,26375,Glasco city
20,KS,26500,Glen Elder city
20,KS,26725,Goddard city
20,KS,26750,Goessel city
20,KS,26775,Goff city
20,KS,26875,Goodland city
20,KS,27000,Gorham city
20,KS,27125,Gove City city
20,KS,27200,Grainfield city
20,KS,27425,Grandview Plaza city
20,KS,28200,Grantville CDP
20,KS,28300,Great Bend city
20,KS,28350,Greeley city
20,KS,28412,Greeley County unified government (balance)
20,KS,28425,Green city
20,KS,28625,Greenleaf city
20,KS,28675,Greensburg city
20,KS,28700,Greenwich CDP
20,KS,28800,Grenola city
20,KS,28850,Gridley city
20,KS,28900,Grinnell city
20,KS,29250,Gypsum city
20,KS,29400,Haddam city
20,KS,29550,Hallowell CDP
20,KS,29600,Halstead city
20,KS,29675,Hamilton city
20,KS,29700,Hamlin city
20,KS,29875,Hanover city
20,KS,29925,Hanston city
20,KS,30000,Hardtner city
20,KS,30175,Harper city
20,KS,30250,Harris CDP
20,KS,30475,Hartford city
20,KS,30575,Harveyville city
20,KS,30700,Havana city
20,KS,30725,Haven city
20,KS,30775,Havensville city
20,KS,30825,Haviland city
20,KS,31100,Hays city
20,KS,31125,Haysville city
20,KS,31150,Hazelton city
20,KS,31200,Healy CDP
20,KS,31375,Hepler city
20,KS,31400,Herington city
20,KS,31425,Herkimer CDP
20,KS,31475,Herndon city
20,KS,31600,Hesston city
20,KS,31675,Hiawatha city
20,KS,31850,Highland city
20,KS,32175,Hill City city
20,KS,32275,Hillsboro city
20,KS,32300,Hillsdale CDP
20,KS,32550,Hoisington city
20,KS,32575,Holcomb city
20,KS,32650,Hollenberg city
20,KS,32825,Holton city
20,KS,32850,Holyrood city
20,KS,32875,Home CDP
20,KS,33075,Hope city
20,KS,33150,Horace city
20,KS,33200,Horton city
20,KS,33250,Howard city
20,KS,33350,Hoxie city
20,KS,33375,Hoyt city
20,KS,33400,Hudson city
20,KS,33425,Hugoton city
20,KS,33450,Humboldt city
20,KS,33500,Hunnewell city
20,KS,33525,Hunter city
20,KS,33575,Huron city
20,KS,33625,Hutchinson city
20,KS,33700,Idana CDP
20,KS,33875,Independence city
20,KS,34225,Ingalls city
20,KS,34275,Inman city
20,KS,34300,Iola city
20,KS,34350,Ionia CDP
20,KS,34550,Isabel city
20,KS,34625,Iuka city
20,KS,34975,Jamestown city
20,KS,35375,Jennings city
20,KS,35450,Jetmore city
20,KS,35475,Jewell city
20,KS,35600,Johnson City city
20,KS,35750,Junction City city
20,KS,35950,Kanopolis city
20,KS,35975,Kanorado city
20,KS,36000,Kansas City city
20,KS,36200,Keats CDP
20,KS,36225,Kechi city
20,KS,36375,Kelly CDP
20,KS,36550,Kensington city
20,KS,36735,Kickapoo Site 1 CDP
20,KS,36736,Kickapoo Site 2 CDP
20,KS,36739,Kickapoo Site 5 CDP
20,KS,36740,Kickapoo Site 6 CDP
20,KS,36741,Kickapoo Site 7 CDP
20,KS,36744,Kickapoo Tribal Center CDP
20,KS,36875,Kincaid city
20,KS,36950,Kingman city
20,KS,37075,Kinsley city
20,KS,37125,Kiowa city
20,KS,37200,Kipp CDP
20,KS,37275,Kirwin city
20,KS,37325,Kismet city
20,KS,37375,Labette city
20,KS,37500,La Crosse city
20,KS,37575,La Cygne city
20,KS,37675,Lafontaine CDP
20,KS,37725,La Harpe city
20,KS,37875,Lake City CDP
20,KS,37975,Lake Quivira city
20,KS,38175,Lakin city
20,KS,38325,Lancaster city
20,KS,38400,Lane city
20,KS,38500,Langdon city
20,KS,38650,Lansing city
20,KS,38700,Larned city
20,KS,38775,Latham city
20,KS,38800,Latimer city
20,KS,38900,Lawrence city
20,KS,39000,Leavenworth city
20,KS,39075,Leawood city
20,KS,39100,Lebanon city
20,KS,39125,Lebo city
20,KS,39150,Lecompton city
20,KS,39225,Lehigh city
20,KS,39350,Lenexa city
20,KS,39400,Lenora city
20,KS,39450,Leon city
20,KS,39475,Leona city
20,KS,39500,Leonardville city
20,KS,39550,Leoti city
20,KS,39650,LeRoy city
20,KS,39700,Levant CDP
20,KS,39725,Lewis city
20,KS,39825,Liberal city
20,KS,40250,Liberty city
20,KS,40400,Liebenthal city
20,KS,41300,Lincoln Center city
20,KS,41325,Lincolnville city
20,KS,41375,Lindsborg city
20,KS,41425,Linn city
20,KS,41465,Linn Valley city
20,KS,41475,Linwood city
20,KS,41575,Little River city
20,KS,42100,Logan city
20,KS,42425,Lone Elm city
20,KS,42575,Longford city
20,KS,42600,Long Island city
20,KS,42650,Longton city
20,KS,42800,Lorraine city
20,KS,42825,Lost Springs city
20,KS,42875,Louisburg city
20,KS,42925,Louisville city
20,KS,43050,Lowell CDP
20,KS,43150,Lucas city
20,KS,43175,Ludell CDP
20,KS,43250,Luray city
20,KS,43350,Lyndon city
20,KS,43525,Lyons city
20,KS,43675,McConnell AFB CDP
20,KS,43700,McCracken city
20,KS,43725,McCune city
20,KS,43750,McDonald city
20,KS,43775,McFarland city
20,KS,43850,Macksville city
20,KS,43900,McLouth city
20,KS,43950,McPherson city
20,KS,44050,Madison city
20,KS,44150,Mahaska city
20,KS,44200,Maize city
20,KS,44225,Manchester city
20,KS,44250,Manhattan city
20,KS,44300,Mankato city
20,KS,44375,Manter city
20,KS,44500,Maple Hill city
20,KS,44550,Mapleton city
20,KS,44600,Marienthal CDP
20,KS,44750,Marion city
20,KS,44925,Marquette city
20,KS,45050,Marysville city
20,KS,45150,Matfield Green city
20,KS,45250,Mayetta city
20,KS,45275,Mayfield city
20,KS,45325,Meade city
20,KS,45500,Medicine Lodge city
20,KS,45700,Melvern city
20,KS,45750,Menlo city
20,KS,45875,Mentor CDP
20,KS,45950,Meriden city
20,KS,46000,Merriam city
20,KS,46450,Milan city
20,KS,46500,Mildred CDP
20,KS,46525,Milford city
20,KS,46925,Milton CDP
20,KS,46950,Miltonvale city
20,KS,47075,Minneapolis city
20,KS,47150,Minneola city
20,KS,47225,Mission city
20,KS,47350,Mission Hills city
20,KS,47425,Mission Woods city
20,KS,47600,Moline city
20,KS,47875,Montezuma city
20,KS,47975,Mont Ida CDP
20,KS,48025,Monument CDP
20,KS,48125,Moran city
20,KS,48225,Morganville city
20,KS,48275,Morland city
20,KS,48300,Morrill city
20,KS,48450,Morrowville city
20,KS,48600,Moscow city
20,KS,48750,Mound City city
20,KS,48800,Moundridge city
20,KS,48825,Mound Valley city
20,KS,48900,Mount Hope city
20,KS,49025,Mulberry city
20,KS,49075,Mullinville city
20,KS,49100,Mulvane city
20,KS,49150,Munden city
20,KS,49200,Munjor CDP
20,KS,49250,Murdock CDP
20,KS,49325,Muscotah city
20,KS,49350,Narka city
20,KS,49400,Nashville city
20,KS,49425,Natoma city
20,KS,49525,Navarre CDP
20,KS,49550,Neal CDP
20,KS,49650,Neodesha city
20,KS,49825,Neosho Falls city
20,KS,49875,Neosho Rapids city
20,KS,49925,Ness City city
20,KS,49950,Netawaka city
20,KS,50150,New Albany city
20,KS,50250,Newbury CDP
20,KS,50300,New Cambria city
20,KS,50425,New Salem CDP
20,KS,50450,New Strawn city
20,KS,50475,Newton city
20,KS,50525,Nickerson city
20,KS,50550,Nicodemus CDP
20,KS,50600,Niles CDP
20,KS,50750,Niotaze city
20,KS,50925,Norcatur city
20,KS,51225,North Newton city
20,KS,51500,Norton city
20,KS,51525,Nortonville city
20,KS,51550,Norway CDP
20,KS,51600,Norwich city
20,KS,51700,Oak Hill city
20,KS,51810,Oaklawn-Sunview CDP
20,KS,51825,Oakley city
20,KS,52000,Oberlin city
20,KS,52175,Odin CDP
20,KS,52200,Offerle city
20,KS,52225,Ogallah CDP
20,KS,52275,Ogden city
20,KS,52525,Oketo city
20,KS,52575,Olathe city
20,KS,52700,Olivet city
20,KS,52750,Olmitz city
20,KS,52800,Olpe city
20,KS,52825,Olsburg city
20,KS,52875,Onaga city
20,KS,52900,Oneida city
20,KS,52925,Opolis CDP
20,KS,53200,Osage City city
20,KS,53225,Osawatomie city
20,KS,53325,Osborne city
20,KS,53375,Oskaloosa city
20,KS,53450,Oswego city
20,KS,53525,Otis city
20,KS,53550,Ottawa city
20,KS,53725,Overbrook city
20,KS,53775,Overland Park city
20,KS,53850,Oxford city
20,KS,53925,Ozawkie city
20,KS,54125,Palco city
20,KS,54200,Palmer city
20,KS,54250,Paola city
20,KS,54325,Paradise city
20,KS,54400,Park city
20,KS,54450,Park City city
20,KS,54500,Parker city
20,KS,54560,Parkerfield city
20,KS,54575,Parkerville city
20,KS,54675,Parsons city
20,KS,54700,Partridge city
20,KS,54875,Pawnee Rock city
20,KS,54950,Paxico city
20,KS,55100,Peabody city
20,KS,55175,Peck CDP
20,KS,55225,Penalosa city
20,KS,55450,Perry city
20,KS,55525,Peru city
20,KS,55675,Phillipsburg city
20,KS,55750,Piedmont CDP
20,KS,55775,Pierceville CDP
20,KS,55875,Pilsen CDP
20,KS,56000,Piqua CDP
20,KS,56025,Pittsburg city
20,KS,56100,Plains city
20,KS,56150,Plainville city
20,KS,56450,Pleasanton city
20,KS,56725,Plevna city
20,KS,57000,Pomona city
20,KS,57100,Portis city
20,KS,57300,Potwin city
20,KS,57350,Powhattan city
20,KS,57525,Prairie View city
20,KS,57575,Prairie Village city
20,KS,57625,Pratt city
20,KS,57650,Prescott city
20,KS,57675,Preston city
20,KS,57700,Pretty Prairie city
20,KS,57725,Princeton city
20,KS,57850,Protection city
20,KS,58100,Quenemo city
20,KS,58250,Quinter city
20,KS,58300,Radium city
20,KS,58325,Radley CDP
20,KS,58375,Ramona city
20,KS,58450,Randall city
20,KS,58475,Randolph city
20,KS,58500,Ransom city
20,KS,58525,Rantoul city
20,KS,58550,Raymond city
20,KS,58600,Reading city
20,KS,58725,Redfield city
20,KS,59000,Republic city
20,KS,59050,Reserve city
20,KS,59125,Rexford city
20,KS,59200,Richfield city
20,KS,59675,Richmond city
20,KS,59875,Riley city
20,KS,59975,Ringo CDP
20,KS,60200,Riverton CDP
20,KS,60325,Robinson city
20,KS,60400,Rock CDP
20,KS,60825,Roeland Park city
20,KS,60900,Rolla city
20,KS,61100,Rosalia CDP
20,KS,61250,Rose Hill city
20,KS,61275,Roseland city
20,KS,61400,Rossville city
20,KS,61550,Roxbury CDP
20,KS,61600,Rozel city
20,KS,61775,Rush Center city
20,KS,61825,Russell city
20,KS,61875,Russell Springs city
20,KS,62025,Sabetha city
20,KS,62075,St. Benedict CDP
20,KS,62175,St. Francis city
20,KS,62200,St. George city
20,KS,62275,St. John city
20,KS,62375,St. Marks CDP
20,KS,62400,St. Marys city
20,KS,62500,St. Paul city
20,KS,62700,Salina city
20,KS,63150,Satanta city
20,KS,63200,Savonburg city
20,KS,63275,Sawyer city
20,KS,63325,Scammon city
20,KS,63350,Scandia city
20,KS,63425,Schoenchen city
20,KS,63600,Scott City city
20,KS,63650,Scottsville city
20,KS,63675,Scranton city
20,KS,63750,Sedan city
20,KS,63800,Sedgwick city
20,KS,63875,Selden city
20,KS,63950,Seneca city
20,KS,64025,Severance city
20,KS,64050,Severy city
20,KS,64100,Seward city
20,KS,64200,Shallow Water CDP
20,KS,64325,Sharon city
20,KS,64375,Sharon Springs city
20,KS,64500,Shawnee city
20,KS,65550,Silverdale CDP
20,KS,65600,Silver Lake city
20,KS,65650,Simpson city
20,KS,65925,Smith Center city
20,KS,66100,Smolan city
20,KS,66175,Soldier city
20,KS,66275,Solomon city
20,KS,66475,Somerset CDP
20,KS,66650,South Haven city
20,KS,66750,South Hutchinson city
20,KS,66800,South Mound CDP
20,KS,67125,Spearville city
20,KS,67175,Speed city
20,KS,67250,Spivey city
20,KS,67625,Spring Hill city
20,KS,67775,Stafford city
20,KS,68025,Stark city
20,KS,68200,Sterling city
20,KS,68350,Stockton city
20,KS,68650,Strong City city
20,KS,68750,Stuttgart CDP
20,KS,68775,Sublette city
20,KS,68950,Summerfield city
20,KS,69275,Sun City city
20,KS,69525,Susank city
20,KS,69725,Sycamore CDP
20,KS,69775,Sylvan Grove city
20,KS,69800,Sylvia city
20,KS,69850,Syracuse city
20,KS,69925,Talmage CDP
20,KS,70000,Tampa city
20,KS,70075,Tecumseh CDP
20,KS,70250,Tescott city
20,KS,70300,Thayer city
20,KS,70357,The Highlands city
20,KS,70625,Timken city
20,KS,70675,Tipton city
20,KS,70800,Tonganoxie city
20,KS,71000,Topeka city
20,KS,71050,Toronto city
20,KS,71125,Towanda city
20,KS,71450,Tribune city
20,KS,71575,Troy city
20,KS,71800,Turon city
20,KS,71925,Tyro city
20,KS,71950,Udall city
20,KS,71975,Ulysses city
20,KS,72525,Uniontown city
20,KS,72600,Urbana CDP
20,KS,72650,Utica city
20,KS,73250,Valley Center city
20,KS,73300,Valley Falls city
20,KS,73450,Vassar CDP
20,KS,73525,Vermillion city
20,KS,73775,Victoria city
20,KS,73950,Vining city
20,KS,74025,Viola city
20,KS,74075,Virgil city
20,KS,74225,Wabaunsee CDP
20,KS,74425,Wakarusa CDP
20,KS,74450,WaKeeney city
20,KS,74525,Wakefield city
20,KS,74575,Waldo city
20,KS,74625,Waldron city
20,KS,74750,Wallace city
20,KS,74950,Walnut city
20,KS,75200,Walton city
20,KS,75325,Wamego city
20,KS,75825,Washington city
20,KS,75950,Waterville city
20,KS,76000,Wathena city
20,KS,76050,Waverly city
20,KS,76175,Wayside CDP
20,KS,76250,Webber city
20,KS,76350,Weir city
20,KS,76425,Welda CDP
20,KS,76475,Wellington city
20,KS,76550,Wells CDP
20,KS,76625,Wellsville city
20,KS,76675,Weskan CDP
20,KS,77150,West Mineral city
20,KS,77200,Westmoreland city
20,KS,77250,Westphalia city
20,KS,77500,Westwood city
20,KS,77525,Westwood Hills city
20,KS,77550,Wetmore city
20,KS,77700,Wheaton city
20,KS,77825,White City city
20,KS,77850,White Cloud city
20,KS,78050,Whitewater city
20,KS,78100,Whiting city
20,KS,79000,Wichita city
20,KS,79250,Willard city
20,KS,79300,Williamsburg city
20,KS,79375,Williamstown CDP
20,KS,79400,Willis city
20,KS,79425,Willowbrook city
20,KS,79550,Wilmore city
20,KS,79625,Wilroads Gardens CDP
20,KS,79650,Wilsey city
20,KS,79675,Wilson city
20,KS,79800,Winchester city
20,KS,79850,Windom city
20,KS,79950,Winfield city
20,KS,80075,Winona city
20,KS,80350,Woodbine city
20,KS,80400,Woodruff CDP
20,KS,80450,Woodston city
20,KS,80500,Wright CDP
20,KS,80650,Yale CDP
20,KS,80700,Yates Center city
20,KS,80750,Yoder CDP
20,KS,80875,Zeandale CDP
20,KS,80925,Zenda city
20,KS,81025,Zurich city
21,KY,00298,Adairville city
21,KY,00514,Ages CDP
21,KY,00694,Albany city
21,KY,00802,Alexandria city
21,KY,00946,Allen city
21,KY,01000,Allensville CDP
21,KY,01504,Anchorage city
21,KY,01648,Annville CDP
21,KY,01720,Anthoston CDP
21,KY,01972,Arjay CDP
21,KY,02044,Arlington city
21,KY,02188,Artemus CDP
21,KY,02368,Ashland city
21,KY,02638,Auburn city
21,KY,02656,Audubon Park city
21,KY,02674,Augusta city
21,KY,02764,Auxier CDP
21,KY,03376,Bancroft city
21,KY,03412,Bandana CDP
21,KY,03556,Barbourmeade city
21,KY,03574,Barbourville city
21,KY,03628,Bardstown city
21,KY,03664,Bardwell city
21,KY,03718,Barlow city
21,KY,04546,Beattyville city
21,KY,04654,Beaver Dam city
21,KY,04816,Bedford city
21,KY,04978,Beech Grove CDP
21,KY,05014,Beechmont CDP
21,KY,05068,Beechwood Village city
21,KY,05266,Belfry CDP
21,KY,05374,Bellefonte city
21,KY,05392,Bellemeade city
21,KY,05428,Belleview CDP
21,KY,05446,Bellevue city
21,KY,05464,Bellewood city
21,KY,05662,Benham city
21,KY,05824,Benton city
21,KY,05842,Berea city
21,KY,05968,Berry city
21,KY,06220,Betsy Layne CDP
21,KY,06508,Big Clifty CDP
21,KY,07012,Blackey CDP
21,KY,07264,Blaine city
21,KY,07390,Blandville city
21,KY,07516,Bloomfield city
21,KY,07858,Blue Ridge Manor city
21,KY,08488,Bonnieville city
21,KY,08614,Booneville city
21,KY,08722,Boston CDP
21,KY,08902,Bowling Green city
21,KY,09100,Bradfordsville city
21,KY,09226,Brandenburg city
21,KY,09379,Breckinridge Center CDP
21,KY,09406,Bremen city
21,KY,09532,Briarwood city
21,KY,09838,Brodhead city
21,KY,09847,Broeck Pointe city
21,KY,09856,Bromley city
21,KY,09964,Brooks CDP
21,KY,10000,Brooksville city
21,KY,10162,Brownsboro Farm city
21,KY,10198,Brownsboro Village city
21,KY,10324,Brownsville city
21,KY,10612,Buckhorn city
21,KY,10648,Buckner CDP
21,KY,10774,Buffalo CDP
21,KY,11044,Burgin city
21,KY,11098,Burkesville city
21,KY,11170,Burlington CDP
21,KY,11188,Burna CDP
21,KY,11278,Burnside city
21,KY,11530,Butler city
21,KY,11692,Cadiz city
21,KY,11854,Calhoun city
21,KY,11872,California city
21,KY,12016,Calvert City city
21,KY,12052,Camargo city
21,KY,12066,Cambridge city
21,KY,12142,Campbellsburg city
21,KY,12160,Campbellsville city
21,KY,12358,Campton city
21,KY,12538,Caneyville city
21,KY,12610,Cannonsburg CDP
21,KY,12898,Carlisle city
21,KY,13024,Carrollton city
21,KY,13060,Carrsville city
21,KY,13420,Catlettsburg city
21,KY,13492,Cave City city
21,KY,13582,Cawood CDP
21,KY,13600,Cayce CDP
21,KY,13636,Cecilia CDP
21,KY,13870,Centertown city
21,KY,13978,Central City city
21,KY,14068,Cerulean CDP
21,KY,14266,Chaplin CDP
21,KY,15148,Clarkson city
21,KY,15166,Claryville CDP
21,KY,15202,Clay city
21,KY,15238,Clay City city
21,KY,15490,Cleaton CDP
21,KY,15742,Clinton city
21,KY,15904,Cloverport city
21,KY,16110,Coal Run Village city
21,KY,16354,Coldiron CDP
21,KY,16372,Cold Spring city
21,KY,16395,Coldstream city
21,KY,16750,Columbia city
21,KY,16768,Columbus city
21,KY,16822,Combs CDP
21,KY,16894,Concord city
21,KY,17362,Corbin city
21,KY,17434,Corinth city
21,KY,17686,Corydon city
21,KY,17848,Covington city
21,KY,17938,Coxton CDP
21,KY,17956,Crab Orchard city
21,KY,18190,Crayne CDP
21,KY,18270,Creekside city
21,KY,18352,Crescent Springs city
21,KY,18424,Crestview city
21,KY,18442,Crestview Hills city
21,KY,18496,Crestwood city
21,KY,18568,Crittenden city
21,KY,18658,Crofton city
21,KY,18766,Crossgate city
21,KY,19108,Cumberland city
21,KY,19234,Cunningham CDP
21,KY,19288,Curdsville CDP
21,KY,19432,Cynthiana city
21,KY,19882,Danville city
21,KY,20224,Dawson Springs city
21,KY,20350,Dayton city
21,KY,21322,Dexter CDP
21,KY,21358,Diablock CDP
21,KY,21682,Dixon city
21,KY,21844,Doe Valley CDP
21,KY,22204,Douglass Hills city
21,KY,22222,Dover city
21,KY,22348,Drakesboro city
21,KY,22474,Druid Hills city
21,KY,22582,Dry Ridge city
21,KY,23014,Dunmor CDP
21,KY,23104,Dwale CDP
21,KY,23230,Earlington city
21,KY,23284,East Bernstadt CDP
21,KY,23824,Eddyville city
21,KY,23932,Edgewood city
21,KY,23968,Edmonton city
21,KY,24094,Ekron city
21,KY,24274,Elizabethtown city
21,KY,24292,Elizaville CDP
21,KY,24328,Elk Creek CDP
21,KY,24382,Elkhorn City city
21,KY,24400,Elkton city
21,KY,24778,Elsmere city
21,KY,24904,Eminence city
21,KY,24922,Emlyn CDP
21,KY,25300,Erlanger city
21,KY,25552,Eubank city
21,KY,25606,Evarts city
21,KY,25786,Ewing city
21,KY,25876,Ezel CDP
21,KY,26020,Fairfield city
21,KY,26182,Fairview CDP
21,KY,26236,Fairview city
21,KY,26434,Falmouth city
21,KY,26452,Fancy Farm CDP
21,KY,26528,Farley CDP
21,KY,26560,Farmers CDP
21,KY,26614,Farmington CDP
21,KY,27010,Ferguson city
21,KY,27262,Fincastle city
21,KY,27730,Flat Lick CDP
21,KY,27802,Flatwoods city
21,KY,27846,Fleming-Neon city
21,KY,27856,Flemingsburg city
21,KY,27982,Florence city
21,KY,28270,Fordsville city
21,KY,28342,Forest Hills city
21,KY,28486,Fort Campbell North CDP
21,KY,28540,Fort Knox CDP
21,KY,28558,Fort Mitchell city
21,KY,28594,Fort Thomas city
21,KY,28612,Fort Wright city
21,KY,28666,Fountain Run city
21,KY,28785,Fox Chase city
21,KY,28882,Francisville CDP
21,KY,28900,Frankfort city
21,KY,28918,Franklin city
21,KY,29080,Fredonia city
21,KY,29134,Freeburn CDP
21,KY,29260,Frenchburg city
21,KY,29566,Fulton city
21,KY,29872,Gamaliel city
21,KY,30232,Garrison CDP
21,KY,30700,Georgetown city
21,KY,30718,Germantown city
21,KY,30808,Ghent city
21,KY,30880,Gilbertsville CDP
21,KY,31114,Glasgow city
21,KY,31204,Glencoe city
21,KY,31348,Glenview city
21,KY,31402,Glenview Hills city
21,KY,31420,Glenview Manor city
21,KY,31870,Goose Creek city
21,KY,31960,Goshen city
21,KY,32032,Gracey CDP
21,KY,32212,Grand Rivers city
21,KY,32428,Gratz city
21,KY,32523,Graymoor-Devondale city
21,KY,32572,Grayson city
21,KY,32968,Greensburg city
21,KY,32986,Green Spring city
21,KY,33004,Greenup city
21,KY,33022,Greenville city
21,KY,33562,Guthrie city
21,KY,34390,Hanson city
21,KY,34534,Hardin city
21,KY,34552,Hardinsburg city
21,KY,34660,Hardyville CDP
21,KY,34732,Harlan city
21,KY,34966,Harrodsburg city
21,KY,35020,Hartford city
21,KY,35200,Hawesville city
21,KY,35362,Hazard city
21,KY,35380,Hazel city
21,KY,35398,Hazel Green CDP
21,KY,35542,Hebron CDP
21,KY,35545,Hebron Estates city
21,KY,35866,Henderson city
21,KY,35902,Hendron CDP
21,KY,36102,Heritage Creek city
21,KY,36298,Hickman city
21,KY,36316,Hickory CDP
21,KY,36374,Hickory Hill city
21,KY,36460,High Bridge CDP
21,KY,36604,Highland Heights city
21,KY,36865,Hills and Dales city
21,KY,36982,Hillview city
21,KY,37108,Hindman city
21,KY,37234,Hiseville CDP
21,KY,37396,Hodgenville city
21,KY,37576,Hollow Creek city
21,KY,37630,Hollyvilla city
21,KY,37918,Hopkinsville city
21,KY,38008,Horse Cave city
21,KY,38170,Houston Acres city
21,KY,38670,Hunters Hollow city
21,KY,38814,Hurstbourne city
21,KY,38818,Hurstbourne Acres city
21,KY,38836,Hustonville city
21,KY,38908,Hyden city
21,KY,39142,Independence city
21,KY,39304,Indian Hills city
21,KY,39430,Inez city
21,KY,39592,Ironville CDP
21,KY,39646,Irvine city
21,KY,39664,Irvington city
21,KY,39700,Island city
21,KY,39952,Jackson city
21,KY,40114,Jamestown city
21,KY,40204,Jeff CDP
21,KY,40222,Jeffersontown city
21,KY,40240,Jeffersonville city
21,KY,40312,Jenkins city
21,KY,41338,Junction City city
21,KY,41716,Keene city
21,KY,42094,Kenton Vale city
21,KY,42112,Kenvir CDP
21,KY,42292,Kevil city
21,KY,42598,Kingsley city
21,KY,43030,Knottsville CDP
21,KY,43264,Kuttawa city
21,KY,43336,La Center city
21,KY,43444,LaFayette city
21,KY,43480,La Grange city
21,KY,43606,Lakeside Park city
21,KY,43668,Lakeview Heights city
21,KY,43840,Lancaster city
21,KY,43900,Langdon Place city
21,KY,44146,Lawrenceburg city
21,KY,44344,Lebanon city
21,KY,44362,Lebanon Junction city
21,KY,44434,Ledbetter CDP
21,KY,44686,Leitchfield city
21,KY,45064,Lewisburg city
21,KY,45136,Lewisport city
21,KY,46027,Lexington-Fayette urban county
21,KY,46072,Liberty city
21,KY,46540,Lincolnshire city
21,KY,47062,Livermore city
21,KY,47098,Livingston city
21,KY,47476,London city
21,KY,47710,Loretto city
21,KY,47854,Louisa city
21,KY,48006,Louisville/Jefferson County metro government (balance)
21,KY,48072,Lovelaceville CDP
21,KY,48234,Lowes CDP
21,KY,48288,Loyall city
21,KY,48378,Ludlow city
21,KY,48540,Lynch city
21,KY,48558,Lyndon city
21,KY,48648,Lynnview city
21,KY,48810,McCarr CDP
21,KY,48954,McDowell CDP
21,KY,49026,Maceo CDP
21,KY,49098,McHenry city
21,KY,49116,McKee city
21,KY,49134,McKinney CDP
21,KY,49206,Mackville city
21,KY,49278,McRoberts CDP
21,KY,49368,Madisonville city
21,KY,49476,Magnolia CDP
21,KY,49656,Manchester city
21,KY,49746,Manitou CDP
21,KY,49800,Manor Creek city
21,KY,50034,Marion city
21,KY,50124,Marrowbone CDP
21,KY,50286,Martin city
21,KY,50412,Maryhill Estates city
21,KY,50520,Masonville CDP
21,KY,50556,Massac CDP
21,KY,50898,Mayfield city
21,KY,50952,Mayking CDP
21,KY,51006,Mays Lick CDP
21,KY,51024,Maysville city
21,KY,51042,Maytown CDP
21,KY,51193,Meadowbrook Farm city
21,KY,51258,Meadow Vale city
21,KY,51294,Meadowview Estates city
21,KY,51438,Melbourne city
21,KY,51564,Mentor city
21,KY,51924,Middlesborough city
21,KY,51978,Middletown city
21,KY,52140,Midway city
21,KY,52302,Millersburg city
21,KY,52464,Millstone CDP
21,KY,52590,Milton city
21,KY,52842,Mockingbird Valley city
21,KY,53076,Monterey city
21,KY,53130,Monticello city
21,KY,53328,Moorland city
21,KY,53418,Morehead city
21,KY,53472,Morganfield city
21,KY,53490,Morgantown city
21,KY,53616,Mortons Gap city
21,KY,53670,Moseleyville CDP
21,KY,53976,Mount Olivet city
21,KY,54084,Mount Sterling city
21,KY,54174,Mount Vernon city
21,KY,54228,Mount Washington city
21,KY,54480,Muldraugh city
21,KY,54570,Munfordville city
21,KY,54642,Murray city
21,KY,54660,Murray Hill city
21,KY,55092,Nebo city
21,KY,55596,New Castle city
21,KY,55758,New Haven city
21,KY,55794,New Hope CDP
21,KY,55884,Newport city
21,KY,56136,Nicholasville city
21,KY,56550,Norbourne Estates city
21,KY,56694,North Corbin CDP
21,KY,56730,Northfield city
21,KY,56820,North Middletown city
21,KY,56910,Nortonville city
21,KY,56928,Norwood city
21,KY,57030,Oakbrook CDP
21,KY,57090,Oak Grove city
21,KY,57144,Oakland city
21,KY,57658,Old Brownsboro Place city
21,KY,57918,Olive Hill city
21,KY,58062,Oneida CDP
21,KY,58116,Onton CDP
21,KY,58200,Orchard Grass Hills city
21,KY,58620,Owensboro city
21,KY,58692,Owenton city
21,KY,58710,Owingsville city
21,KY,58836,Paducah city
21,KY,58962,Paintsville city
21,KY,59124,Panther CDP
21,KY,59196,Paris city
21,KY,59232,Park City city
21,KY,59255,Park Hills city
21,KY,59322,Parkway Village city
21,KY,59466,Pathfork CDP
21,KY,59592,Payne Gap CDP
21,KY,59934,Pembroke city
21,KY,60258,Perryville city
21,KY,60312,Petersburg CDP
21,KY,60492,Pewee Valley city
21,KY,60600,Phelps CDP
21,KY,60654,Philpot CDP
21,KY,60852,Pikeville city
21,KY,61122,Pine Knot CDP
21,KY,61248,Pineville city
21,KY,61356,Pioneer Village city
21,KY,61374,Pippa Passes city
21,KY,61536,Plano CDP
21,KY,61554,Plantation city
21,KY,61680,Pleasant Ridge CDP
21,KY,61734,Pleasant View CDP
21,KY,61788,Pleasureville city
21,KY,61860,Plum Springs city
21,KY,62202,Poole CDP
21,KY,62370,Poplar Hills city
21,KY,62652,Powderly city
21,KY,62940,Prestonsburg city
21,KY,62958,Prestonville city
21,KY,63138,Princeton city
21,KY,63264,Prospect city
21,KY,63372,Providence city
21,KY,63426,Pryorsburg CDP
21,KY,63804,Rabbit Hash CDP
21,KY,63858,Raceland city
21,KY,63912,Radcliff city
21,KY,64092,Ravenna city
21,KY,64146,Raywick city
21,KY,64632,Reidland CDP
21,KY,65208,Richlawn city
21,KY,65226,Richmond city
21,KY,65388,Rineyville CDP
21,KY,65559,River Bluff city
21,KY,65766,Riverwood city
21,KY,65874,Robards city
21,KY,65982,Rochester city
21,KY,66162,Rockholds CDP
21,KY,66216,Rockport city
21,KY,66486,Rolling Fields city
21,KY,66504,Rolling Hills city
21,KY,66846,Rosine CDP
21,KY,67458,Russell city
21,KY,67494,Russell Springs city
21,KY,67512,Russellville city
21,KY,67602,Ryland Heights city
21,KY,67638,Sacramento city
21,KY,67656,Sadieville city
21,KY,67710,St. Charles city
21,KY,67854,St. Joseph CDP
21,KY,67890,St. Mary city
21,KY,67944,St. Matthews city
21,KY,67998,St. Regis Park city
21,KY,68052,Salem city
21,KY,68160,Salt Lick city
21,KY,68214,Salvisa CDP
21,KY,68232,Salyersville city
21,KY,68358,Sanders city
21,KY,68556,Sandy Hook city
21,KY,68646,Sardis city
21,KY,68952,Science Hill city
21,KY,69114,Scottsville city
21,KY,69222,Sebree city
21,KY,69258,Sedalia CDP
21,KY,69384,Seneca Gardens city
21,KY,69852,Sharpsburg city
21,KY,70050,Shelbyville city
21,KY,70086,Shepherdsville city
21,KY,70284,Shively city
21,KY,70644,Silver Grove city
21,KY,70752,Simpsonville city
21,KY,71130,Slaughters city
21,KY,71364,Smithfield city
21,KY,71382,Smithland city
21,KY,71454,Smiths Grove city
21,KY,71688,Somerset city
21,KY,71724,Sonora city
21,KY,71760,Sorgho CDP
21,KY,71814,South Carrollton city
21,KY,71976,Southgate city
21,KY,72138,South Park View city
21,KY,72210,South Shore city
21,KY,72255,South Wallins CDP
21,KY,72264,South Williamson CDP
21,KY,72372,Sparta city
21,KY,72570,Spottsville CDP
21,KY,72660,Springfield city
21,KY,72770,Spring Mill city
21,KY,72790,Spring Valley city
21,KY,73038,Stamping Ground city
21,KY,73110,Stanford city
21,KY,73146,Stanley CDP
21,KY,73164,Stanton city
21,KY,73362,Stearns CDP
21,KY,74064,Strathmoor Manor city
21,KY,74082,Strathmoor Village city
21,KY,74316,Sturgis city
21,KY,74586,Summer Shade CDP
21,KY,74604,Summersville CDP
21,KY,75190,Sycamore city
21,KY,75270,Symsonia CDP
21,KY,75738,Taylor Mill city
21,KY,75810,Taylorsville city
21,KY,75963,Ten Broeck city
21,KY,76380,Thornhill city
21,KY,76620,Thruston CDP
21,KY,77124,Tolu CDP
21,KY,77160,Tompkinsville city
21,KY,77592,Trenton city
21,KY,78384,Union city
21,KY,78492,Uniontown city
21,KY,78672,Upton city
21,KY,78708,Utica CDP
21,KY,79068,Vanceburg city
21,KY,79194,Van Lear CDP
21,KY,79464,Verona CDP
21,KY,79482,Versailles city
21,KY,79590,Vicco city
21,KY,79698,Villa Hills city
21,KY,79734,Vine Grove city
21,KY,79860,Virgie CDP
21,KY,80310,Wallins Creek CDP
21,KY,80490,Walton city
21,KY,80616,Warfield city
21,KY,80706,Warsaw city
21,KY,80832,Water Valley CDP
21,KY,80913,Watterson Park city
21,KY,80958,Waverly city
21,KY,81012,Wayland city
21,KY,81372,Wellington city
21,KY,81624,West Buechel city
21,KY,81858,West Liberty city
21,KY,81876,West Louisville CDP
21,KY,81930,West Point city
21,KY,81948,Westport CDP
21,KY,82056,West Van Lear CDP
21,KY,82146,Westwood CDP
21,KY,82164,Westwood city
21,KY,82200,Wheatcroft city
21,KY,82272,Wheelwright city
21,KY,82722,White Plains city
21,KY,82776,Whitesburg city
21,KY,82830,Whitesville city
21,KY,82938,Whitley City CDP
21,KY,83064,Wickliffe city
21,KY,83172,Wilder city
21,KY,83208,Wildwood city
21,KY,83334,Williamsburg city
21,KY,83406,Williamstown city
21,KY,83424,Willisburg city
21,KY,83550,Wilmore city
21,KY,83676,Winchester city
21,KY,83784,Windy Hills city
21,KY,83856,Wingo city
21,KY,84414,Woodburn city
21,KY,84432,Woodbury city
21,KY,84486,Woodland Hills city
21,KY,84522,Woodlawn city
21,KY,84576,Woodlawn Park city
21,KY,84864,Worthington city
21,KY,84891,Worthington Hills city
21,KY,84900,Worthville city
21,KY,85008,Wurtland city
21,KY,85224,Yelvington CDP
22,LA,00100,Abbeville city
22,LA,00240,Abita Springs town
22,LA,00415,Addis town
22,LA,00835,Albany town
22,LA,00975,Alexandria city
22,LA,01780,Ama CDP
22,LA,01815,Amelia CDP
22,LA,01885,Amite City town
22,LA,01920,Anacoco village
22,LA,02165,Angie village
22,LA,02550,Arabi CDP
22,LA,02655,Arcadia town
22,LA,03110,Arnaudville town
22,LA,03145,Ashland village
22,LA,03320,Athens village
22,LA,03390,Atlanta village
22,LA,03810,Avondale CDP
22,LA,03985,Baker city
22,LA,04020,Baldwin town
22,LA,04055,Ball town
22,LA,04230,Banks Springs CDP
22,LA,04300,Barataria CDP
22,LA,04580,Basile town
22,LA,04615,Baskin village
22,LA,04685,Bastrop city
22,LA,05000,Baton Rouge city
22,LA,05105,Bawcomville CDP
22,LA,05175,Bayou Blue CDP
22,LA,05210,Bayou Cane CDP
22,LA,05255,Bayou Corne CDP
22,LA,05260,Bayou Country Club CDP
22,LA,05315,Bayou Gauche CDP
22,LA,05350,Bayou Goula CDP
22,LA,05378,Bayou L'Ourse CDP
22,LA,05525,Bayou Vista CDP
22,LA,05945,Belcher village
22,LA,06120,Belle Chasse CDP
22,LA,06260,Belle Rose CDP
22,LA,06750,Belmont CDP
22,LA,06925,Benton town
22,LA,07030,Bernice town
22,LA,07100,Berwick town
22,LA,07205,Bienville village
22,LA,07730,Blanchard town
22,LA,08150,Bogalusa city
22,LA,08535,Bonita village
22,LA,08710,Boothville CDP
22,LA,08745,Bordelonville CDP
22,LA,08920,Bossier City city
22,LA,09095,Bourg CDP
22,LA,09130,Boutte CDP
22,LA,09165,Boyce town
22,LA,09235,Branch CDP
22,LA,09340,Breaux Bridge city
22,LA,09480,Bridge City CDP
22,LA,10075,Broussard city
22,LA,10145,Brownfields CDP
22,LA,10225,Brownsville CDP
22,LA,10600,Brusly town
22,LA,10705,Bryceland village
22,LA,10950,Bunkie city
22,LA,10985,Buras CDP
22,LA,11580,Cade CDP
22,LA,11825,Calhoun CDP
22,LA,11930,Calvin village
22,LA,12000,Cameron CDP
22,LA,12280,Campti town
22,LA,12420,Cankton village
22,LA,12665,Carencro city
22,LA,12840,Carlyss CDP
22,LA,13260,Castor village
22,LA,13330,Catahoula CDP
22,LA,13575,Cecilia CDP
22,LA,13855,Center Point CDP
22,LA,13925,Centerville CDP
22,LA,13960,Central city
22,LA,14100,Chackbay CDP
22,LA,14135,Chalmette CDP
22,LA,14310,Charenton CDP
22,LA,14450,Chataignier village
22,LA,14485,Chatham town
22,LA,14520,Chauvin CDP
22,LA,14660,Cheneyville town
22,LA,15150,Choctaw CDP
22,LA,15290,Choudrant village
22,LA,15465,Church Point town
22,LA,15605,Claiborne CDP
22,LA,15745,Clarence village
22,LA,15780,Clarks village
22,LA,15850,Clayton town
22,LA,15990,Clinton town
22,LA,16375,Colfax town
22,LA,16655,Collinston village
22,LA,16830,Columbia town
22,LA,17180,Convent CDP
22,LA,17215,Converse village
22,LA,17880,Cottonport town
22,LA,17915,Cotton Valley town
22,LA,18055,Coushatta town
22,LA,18125,Covington city
22,LA,18295,Creola village
22,LA,18335,Crescent CDP
22,LA,18650,Crowley city
22,LA,18790,Cullen town
22,LA,18930,Cut Off CDP
22,LA,19490,Darrow CDP
22,LA,20050,Delacroix CDP
22,LA,20155,Delcambre town
22,LA,20190,Delhi town
22,LA,20330,Delta village
22,LA,20435,Denham Springs city
22,LA,20575,DeQuincy city
22,LA,20610,DeRidder city
22,LA,20680,Des Allemands CDP
22,LA,20820,Destrehan CDP
22,LA,20890,Deville CDP
22,LA,21135,Dixie Inn village
22,LA,21170,Dodson village
22,LA,21240,Donaldsonville city
22,LA,21388,Dorseyville CDP
22,LA,21450,Downsville village
22,LA,21590,Doyline village
22,LA,21765,Dry Prong village
22,LA,21800,Dubach town
22,LA,21835,Dubberly village
22,LA,21940,Dulac CDP
22,LA,22255,Duson town
22,LA,22465,East Hodge village
22,LA,22610,Eastwood CDP
22,LA,22640,Echo CDP
22,LA,22722,Eden Isle CDP
22,LA,22815,Edgard CDP
22,LA,22850,Edgefield village
22,LA,23025,Egan CDP
22,LA,23235,Elizabeth village
22,LA,23567,Elmwood CDP
22,LA,23620,Elton town
22,LA,23725,Empire CDP
22,LA,24145,Epps village
22,LA,24180,Erath town
22,LA,24215,Eros town
22,LA,24250,Erwinville CDP
22,LA,24390,Estelle CDP
22,LA,24460,Estherwood village
22,LA,24565,Eunice city
22,LA,24775,Evergreen town
22,LA,25160,Farmerville town
22,LA,25335,Fenton village
22,LA,25440,Ferriday town
22,LA,25545,Fifth Ward CDP
22,LA,25615,Fisher village
22,LA,25860,Florien village
22,LA,26140,Folsom village
22,LA,26280,Fordoche town
22,LA,26350,Forest village
22,LA,26420,Forest Hill village
22,LA,26665,Fort Jesup CDP
22,LA,26746,Fort Polk North CDP
22,LA,26757,Fort Polk South CDP
22,LA,27155,Franklin city
22,LA,27190,Franklinton town
22,LA,27435,French Settlement village
22,LA,27540,Frierson CDP
22,LA,28065,Galliano CDP
22,LA,28275,Gardere CDP
22,LA,28345,Garyville CDP
22,LA,28660,Georgetown village
22,LA,28835,Gibsland town
22,LA,28940,Gilbert village
22,LA,29010,Gilliam village
22,LA,29045,Gillis CDP
22,LA,29150,Glencoe CDP
22,LA,29220,Glenmora town
22,LA,29395,Gloster CDP
22,LA,29640,Golden Meadow town
22,LA,29745,Goldonna village
22,LA,29850,Gonzales city
22,LA,29990,Good Pine CDP
22,LA,30515,Grambling city
22,LA,30550,Gramercy town
22,LA,30690,Grand Cane village
22,LA,30760,Grand Coteau town
22,LA,30830,Grand Isle town
22,LA,30900,Grand Point CDP
22,LA,31180,Gray CDP
22,LA,31250,Grayson village
22,LA,31565,Greensburg town
22,LA,31705,Greenwood town
22,LA,31915,Gretna city
22,LA,32020,Grosse Tete village
22,LA,32055,Gueydan town
22,LA,32405,Hackberry CDP
22,LA,32510,Hahnville CDP
22,LA,32650,Hall Summit village
22,LA,32755,Hammond city
22,LA,32930,Harahan city
22,LA,33210,Harrisonburg village
22,LA,33245,Harvey CDP
22,LA,33420,Haughton town
22,LA,33490,Hayes CDP
22,LA,33525,Haynesville town
22,LA,33735,Heflin village
22,LA,33875,Henderson town
22,LA,34015,Hessmer village
22,LA,34085,Hester CDP
22,LA,35100,Hodge village
22,LA,35870,Homer town
22,LA,36045,Hornbeck town
22,LA,36150,Hosston village
22,LA,36255,Houma city
22,LA,36885,Ida village
22,LA,37025,Independence town
22,LA,37270,Inniswold CDP
22,LA,37410,Iota town
22,LA,37445,Iowa town
22,LA,37830,Jackson town
22,LA,37935,Jamestown village
22,LA,38075,Jeanerette city
22,LA,38092,Jean Lafitte town
22,LA,38145,Jefferson CDP
22,LA,38285,Jena town
22,LA,38355,Jennings city
22,LA,38670,Jonesboro town
22,LA,38775,Jonesville town
22,LA,38845,Jordan Hill CDP
22,LA,38880,Joyce CDP
22,LA,38985,Junction City village
22,LA,39055,Kaplan city
22,LA,39085,Keachi town
22,LA,39475,Kenner city
22,LA,39545,Kentwood town
22,LA,39650,Kilbourne village
22,LA,39685,Killian town
22,LA,39720,Killona CDP
22,LA,39755,Kinder town
22,LA,40210,Kraemer CDP
22,LA,40280,Krotz Springs town
22,LA,40420,Labadieville CDP
22,LA,40595,Lacassine CDP
22,LA,40665,Lacombe CDP
22,LA,40735,Lafayette city
22,LA,40840,Lafitte CDP
22,LA,40878,Lafourche Crossing CDP
22,LA,41050,Lake Arthur town
22,LA,41155,Lake Charles city
22,LA,41400,Lake Providence town
22,LA,41470,Lakeshore CDP
22,LA,41645,Lakeview CDP
22,LA,42030,Laplace CDP
22,LA,42135,Larose CDP
22,LA,42520,Lawtell CDP
22,LA,42695,Lebeau CDP
22,LA,42800,Lecompte town
22,LA,43010,Leesville city
22,LA,43255,Lemannville CDP
22,LA,43395,Leonville town
22,LA,43640,Lewisburg CDP
22,LA,43920,Lillie village
22,LA,44235,Lisbon village
22,LA,44655,Livingston town
22,LA,44690,Livonia town
22,LA,44900,Lockport town
22,LA,44970,Lockport Heights CDP
22,LA,45040,Logansport town
22,LA,45460,Longstreet village
22,LA,45530,Longville CDP
22,LA,45670,Loreauville village
22,LA,46370,Lucky village
22,LA,46615,Luling CDP
22,LA,46720,Lutcher town
22,LA,46755,Lydia CDP
22,LA,47315,McNary village
22,LA,47560,Madisonville town
22,LA,48085,Mamou town
22,LA,48225,Mandeville city
22,LA,48260,Mangham town
22,LA,48365,Mansfield city
22,LA,48400,Mansura town
22,LA,48470,Many town
22,LA,48610,Maringouin town
22,LA,48645,Marion town
22,LA,48750,Marksville city
22,LA,48785,Marrero CDP
22,LA,48890,Marthaville CDP
22,LA,48925,Martin village
22,LA,49170,Mathews CDP
22,LA,49240,Maurice village
22,LA,49730,Melville town
22,LA,49800,Meraux CDP
22,LA,49870,Mermentau village
22,LA,49905,Mer Rouge village
22,LA,49940,Merrydale CDP
22,LA,50010,Merryville town
22,LA,50115,Metairie CDP
22,LA,50325,Midland CDP
22,LA,50395,Midway CDP
22,LA,50815,Milton CDP
22,LA,50885,Minden city
22,LA,50990,Minorca CDP
22,LA,51410,Monroe city
22,LA,51550,Montegut CDP
22,LA,51585,Monterey CDP
22,LA,51620,Montgomery town
22,LA,51645,Monticello CDP
22,LA,51690,Montpelier village
22,LA,51795,Montz CDP
22,LA,51800,Moonshine CDP
22,LA,51830,Mooringsport town
22,LA,51970,Moreauville village
22,LA,52040,Morgan City city
22,LA,52075,Morganza village
22,LA,52250,Morrow CDP
22,LA,52320,Morse village
22,LA,52425,Moss Bluff CDP
22,LA,52565,Mound village
22,LA,52740,Mount Lebanon town
22,LA,53370,Napoleonville village
22,LA,53475,Natalbany CDP
22,LA,53510,Natchez village
22,LA,53545,Natchitoches city
22,LA,53930,Newellton town
22,LA,54035,New Iberia city
22,LA,54175,New Llano town
22,LA,55000,New Orleans city
22,LA,55074,New Orleans Station CDP
22,LA,55105,New Roads city
22,LA,55140,New Sarpy CDP
22,LA,55420,Noble village
22,LA,55525,Norco CDP
22,LA,55910,North Hodge village
22,LA,56170,North Vacherie CDP
22,LA,56295,Norwood village
22,LA,56540,Oakdale city
22,LA,56820,Oak Grove town
22,LA,56855,Oak Hills Place CDP
22,LA,57205,Oak Ridge village
22,LA,57450,Oberlin town
22,LA,57590,Oil City town
22,LA,57705,Old Jefferson CDP
22,LA,57905,Olla town
22,LA,58045,Opelousas city
22,LA,58150,Oretta CDP
22,LA,58360,Ossun CDP
22,LA,58745,Paincourtville CDP
22,LA,58780,Palmetto village
22,LA,58920,Paradis CDP
22,LA,59165,Parks village
22,LA,59340,Patterson city
22,LA,59375,Paulina CDP
22,LA,59445,Pearl River town
22,LA,59795,Perry CDP
22,LA,60075,Pierre Part CDP
22,LA,60495,Pine Prairie village
22,LA,60530,Pineville city
22,LA,60565,Pioneer village
22,LA,60600,Pitkin CDP
22,LA,60670,Plain Dealing town
22,LA,60880,Plaquemine city
22,LA,60985,Plaucheville village
22,LA,61055,Pleasant Hill village
22,LA,61160,Pleasure Bend CDP
22,LA,61440,Pointe a la Hache CDP
22,LA,61473,Point Place CDP
22,LA,61580,Pollock town
22,LA,61615,Ponchatoula city
22,LA,61790,Port Allen city
22,LA,61825,Port Barre town
22,LA,62070,Port Sulphur CDP
22,LA,62105,Port Vincent village
22,LA,62245,Powhatan village
22,LA,62280,Poydras CDP
22,LA,62385,Prairieville CDP
22,LA,62510,Presquille CDP
22,LA,62647,Prien CDP
22,LA,62733,Prospect CDP
22,LA,62770,Provencal village
22,LA,63120,Quitman village
22,LA,63155,Raceland CDP
22,LA,63645,Rayne city
22,LA,63680,Rayville town
22,LA,63855,Red Chute CDP
22,LA,63890,Reddell CDP
22,LA,64100,Reeves village
22,LA,64310,Reserve CDP
22,LA,64590,Richmond village
22,LA,64660,Richwood town
22,LA,64765,Ridgecrest town
22,LA,64905,Ringgold town
22,LA,64975,Rio CDP
22,LA,65150,River Ridge CDP
22,LA,65290,Roanoke CDP
22,LA,65325,Robeline village
22,LA,65535,Rock Hill CDP
22,LA,65710,Rodessa village
22,LA,65850,Romeville CDP
22,LA,66060,Rosedale village
22,LA,66165,Roseland town
22,LA,66200,Rosepine town
22,LA,66655,Ruston city
22,LA,67215,St. Francisville town
22,LA,67250,St. Gabriel city
22,LA,67355,St. James CDP
22,LA,67495,St. Joseph town
22,LA,67600,St. Martinville city
22,LA,67635,St. Maurice CDP
22,LA,67740,St. Rose CDP
22,LA,67880,Saline village
22,LA,68125,Sarepta town
22,LA,68300,Schriever CDP
22,LA,68475,Scott city
22,LA,69225,Shenandoah CDP
22,LA,69455,Shongaloo village
22,LA,70000,Shreveport city
22,LA,70175,Sibley town
22,LA,70245,Sicily Island village
22,LA,70385,Sikes village
22,LA,70525,Simmesport town
22,LA,70595,Simpson village
22,LA,70630,Simsboro village
22,LA,70665,Singer CDP
22,LA,70675,Siracusaville CDP
22,LA,70770,Slaughter town
22,LA,70805,Slidell city
22,LA,71190,Sorrel CDP
22,LA,71225,Sorrento town
22,LA,71820,South Mansfield village
22,LA,72092,South Vacherie CDP
22,LA,72170,Spearsville village
22,LA,72310,Spokane CDP
22,LA,72415,Springfield town
22,LA,72485,Springhill city
22,LA,72800,Stanley village
22,LA,72975,Starks CDP
22,LA,73010,Start CDP
22,LA,73255,Sterlington town
22,LA,73395,Stonewall town
22,LA,73570,Sugartown CDP
22,LA,73640,Sulphur city
22,LA,73955,Sun village
22,LA,74060,Sunset town
22,LA,74235,Supreme CDP
22,LA,74340,Swartz CDP
22,LA,74550,Taft CDP
22,LA,74690,Tallulah city
22,LA,74760,Tangipahoa village
22,LA,75180,Terrytown CDP
22,LA,75425,Thibodaux city
22,LA,75670,Tickfaw village
22,LA,75740,Timberlane CDP
22,LA,76440,Triumph CDP
22,LA,76475,Trout CDP
22,LA,76615,Tullos town
22,LA,76685,Turkey Creek village
22,LA,77035,Union CDP
22,LA,77490,Urania town
22,LA,77910,Varnado village
22,LA,78015,Venice CDP
22,LA,78050,Ventress CDP
22,LA,78470,Vidalia town
22,LA,78540,Vienna town
22,LA,78545,Vienna Bend CDP
22,LA,78680,Village St. George CDP
22,LA,78715,Ville Platte city
22,LA,78820,Vinton town
22,LA,78855,Violet CDP
22,LA,78890,Vivian town
22,LA,79100,Waggaman CDP
22,LA,79240,Walker town
22,LA,79275,Wallace CDP
22,LA,79310,Wallace Ridge CDP
22,LA,79870,Washington town
22,LA,79940,Waterproof town
22,LA,80010,Watson CDP
22,LA,80360,Welcome CDP
22,LA,80430,Welsh town
22,LA,80815,Westlake city
22,LA,80920,Westminster CDP
22,LA,80955,West Monroe city
22,LA,81165,Westwego city
22,LA,81375,White Castle town
22,LA,82215,Wilson village
22,LA,82460,Winnfield city
22,LA,82495,Winnsboro city
22,LA,82565,Wisner town
22,LA,83002,Woodmere CDP
22,LA,83125,Woodworth town
22,LA,83335,Youngsville city
22,LA,83405,Zachary city
22,LA,83685,Zwolle town
23,ME,00695,Alfred CDP
23,ME,01360,Anson CDP
23,ME,01675,Ashland CDP
23,ME,02060,Auburn city
23,ME,02100,Augusta city
23,ME,02795,Bangor city
23,ME,02830,Bar Harbor CDP
23,ME,03355,Bath city
23,ME,03950,Belfast city
23,ME,04685,Berwick CDP
23,ME,04790,Bethel CDP
23,ME,04860,Biddeford city
23,ME,04965,Bingham CDP
23,ME,05350,Blaine CDP
23,ME,05665,Blue Hill CDP
23,ME,06085,Boothbay Harbor CDP
23,ME,06330,Bowdoinham CDP
23,ME,06645,Bradley CDP
23,ME,06925,Brewer city
23,ME,07135,Bridgton CDP
23,ME,08360,Brownville Junction CDP
23,ME,08395,Brunswick CDP
23,ME,08780,Bucksport CDP
23,ME,09585,Calais city
23,ME,09690,Camden CDP
23,ME,10320,Cape Neddick CDP
23,ME,10565,Caribou city
23,ME,11090,Casco CDP
23,ME,11230,Castine CDP
23,ME,12770,Chisholm CDP
23,ME,13435,Clinton CDP
23,ME,14275,Corinna CDP
23,ME,14450,Cornish CDP
23,ME,14800,Cousins Island CDP
23,ME,15500,Cumberland Center CDP
23,ME,16200,Damariscotta CDP
23,ME,16375,Danforth CDP
23,ME,17495,Dexter CDP
23,ME,17705,Dixfield CDP
23,ME,18230,Dover-Foxcroft CDP
23,ME,18965,Dunstan CDP
23,ME,19385,Eagle Lake CDP
23,ME,21065,East Millinocket CDP
23,ME,21730,Eastport city
23,ME,23200,Ellsworth city
23,ME,24285,Fairfield CDP
23,ME,24480,Falmouth CDP
23,ME,24530,Falmouth Foreside CDP
23,ME,24635,Farmingdale CDP
23,ME,24740,Farmington CDP
23,ME,25580,Fort Fairfield CDP
23,ME,25720,Fort Kent CDP
23,ME,26490,Freeport CDP
23,ME,26875,Fryeburg CDP
23,ME,27085,Gardiner city
23,ME,28205,Gorham CDP
23,ME,28555,Grand Isle CDP
23,ME,28835,Gray CDP
23,ME,29220,Greene CDP
23,ME,29500,Greenville CDP
23,ME,30060,Guilford CDP
23,ME,30550,Hallowell city
23,ME,30760,Hampden CDP
23,ME,31705,Hartland CDP
23,ME,33945,Houlton CDP
23,ME,34225,Howland CDP
23,ME,35030,Island Falls CDP
23,ME,35975,Jonesport CDP
23,ME,36500,Kennebunk CDP
23,ME,36710,Kennebunkport CDP
23,ME,36885,Kezar Falls CDP
23,ME,36990,Kingfield CDP
23,ME,37235,Kittery CDP
23,ME,37375,Kittery Point CDP
23,ME,37795,Lake Arrowhead CDP
23,ME,38740,Lewiston city
23,ME,39265,Limestone CDP
23,ME,39440,Lincoln CDP
23,ME,40000,Lisbon CDP
23,ME,40105,Lisbon Falls CDP
23,ME,40350,Little Falls CDP
23,ME,40470,Littlejohn Island CDP
23,ME,40735,Livermore Falls CDP
23,ME,41575,Lubec CDP
23,ME,41925,Machias CDP
23,ME,42485,Madawaska CDP
23,ME,42625,Madison CDP
23,ME,43220,Mapleton CDP
23,ME,43675,Mars Hill CDP
23,ME,44235,Mattawamkeag CDP
23,ME,44620,Mechanic Falls CDP
23,ME,45250,Mexico CDP
23,ME,45565,Milbridge CDP
23,ME,45635,Milford CDP
23,ME,45845,Millinocket CDP
23,ME,45985,Milo CDP
23,ME,48050,Naples CDP
23,ME,48610,Newcastle CDP
23,ME,49100,Newport CDP
23,ME,49800,Norridgewock CDP
23,ME,49975,North Anson CDP
23,ME,50290,North Berwick CDP
23,ME,51095,Northeast Harbor CDP
23,ME,53685,North Windham CDP
23,ME,53965,Norway CDP
23,ME,54350,Oakfield CDP
23,ME,54490,Oak Hill CDP
23,ME,54525,Oakland CDP
23,ME,55120,Old Orchard Beach CDP
23,ME,55225,Old Town city
23,ME,55575,Orono CDP
23,ME,56240,Oxford CDP
23,ME,57115,Patten CDP
23,ME,58970,Pittsfield CDP
23,ME,60545,Portland city
23,ME,60825,Presque Isle city
23,ME,61735,Randolph CDP
23,ME,61805,Rangeley CDP
23,ME,62610,Richmond CDP
23,ME,63590,Rockland city
23,ME,64255,Rumford CDP
23,ME,64535,Sabattus CDP
23,ME,64675,Saco city
23,ME,65725,Sanford city
23,ME,66600,Searsport CDP
23,ME,68875,Skowhegan CDP
23,ME,69995,South Berwick CDP
23,ME,70660,South Eliot CDP
23,ME,71780,South Paris CDP
23,ME,71990,South Portland city
23,ME,72830,Southwest Harbor CDP
23,ME,72900,South Windham CDP
23,ME,73635,Standish CDP
23,ME,73985,Steep Falls CDP
23,ME,76330,Thomaston CDP
23,ME,76925,Topsham CDP
23,ME,77765,Turner CDP
23,ME,78220,Unity CDP
23,ME,78535,Van Buren CDP
23,ME,78640,Vanceboro CDP
23,ME,78815,Veazie CDP
23,ME,79515,Waldoboro CDP
23,ME,80250,Washburn CDP
23,ME,80740,Waterville city
23,ME,82105,Westbrook city
23,ME,83330,West Kennebunk CDP
23,ME,85815,Wilton CDP
23,ME,86480,Winslow CDP
23,ME,86620,Winter Harbor CDP
23,ME,86725,Winterport CDP
23,ME,86935,Winthrop CDP
23,ME,87040,Wiscasset CDP
23,ME,87250,Woodland CDP
23,ME,87810,Yarmouth CDP
23,ME,88160,York Harbor CDP
24,MD,00125,Aberdeen city
24,MD,00175,Aberdeen Proving Ground CDP
24,MD,00200,Abingdon CDP
24,MD,00225,Accident town
24,MD,00250,Accokeek CDP
24,MD,00350,Adamstown CDP
24,MD,00400,Adelphi CDP
24,MD,00712,Algonquin CDP
24,MD,00800,Allen CDP
24,MD,01450,Andrews AFB CDP
24,MD,01600,Annapolis city
24,MD,01635,Annapolis Neck CDP
24,MD,01750,Antietam CDP
24,MD,01925,Aquasco CDP
24,MD,01975,Arbutus CDP
24,MD,02025,Arden on the Severn CDP
24,MD,02275,Arnold CDP
24,MD,02762,Ashton-Sandy Spring CDP
24,MD,02825,Aspen Hill CDP
24,MD,03500,Baden CDP
24,MD,03514,Bagtown CDP
24,MD,03575,Bakersville CDP
24,MD,03800,Ballenger Creek CDP
24,MD,04000,Baltimore city
24,MD,04050,Baltimore Highlands CDP
24,MD,04250,Barclay town
24,MD,04475,Barnesville town
24,MD,04525,Barrelville CDP
24,MD,04625,Barton town
24,MD,04650,Bartonsville CDP
24,MD,05250,Beaver Creek CDP
24,MD,05525,Bel Air CDP
24,MD,05550,Bel Air town
24,MD,05825,Bel Air North CDP
24,MD,05950,Bel Air South CDP
24,MD,06400,Beltsville CDP
24,MD,06550,Benedict CDP
24,MD,06662,Bensville CDP
24,MD,06800,Berlin town
24,MD,06925,Berwyn Heights town
24,MD,07125,Bethesda CDP
24,MD,07200,Betterton town
24,MD,07285,Bier CDP
24,MD,07375,Big Pool CDP
24,MD,07400,Big Spring CDP
24,MD,07625,Bishopville CDP
24,MD,07675,Bivalve CDP
24,MD,07850,Bladensburg town
24,MD,08050,Bloomington CDP
24,MD,08625,Boonsboro town
24,MD,08775,Bowie city
24,MD,08800,Bowleys Quarters CDP
24,MD,08850,Bowling Green CDP
24,MD,08862,Bowmans Addition CDP
24,MD,09100,Braddock Heights CDP
24,MD,09325,Brandywine CDP
24,MD,09400,Breathedsville CDP
24,MD,09500,Brentwood town
24,MD,10150,Brock Hall CDP
24,MD,10225,Brookeville town
24,MD,10475,Brooklyn Park CDP
24,MD,10500,Brookmont CDP
24,MD,10575,Brookview town
24,MD,10650,Broomes Island CDP
24,MD,10737,Brown Station CDP
24,MD,10800,Brownsville CDP
24,MD,10900,Brunswick city
24,MD,10925,Bryans Road CDP
24,MD,10950,Bryantown CDP
24,MD,11050,Buckeystown CDP
24,MD,11400,Burkittsville town
24,MD,11550,Burnt Mills CDP
24,MD,11750,Burtonsville CDP
24,MD,11900,Butlertown CDP
24,MD,12075,Cabin John CDP
24,MD,12150,California CDP
24,MD,12175,Callaway CDP
24,MD,12300,Calvert Beach CDP
24,MD,12350,Calverton CDP
24,MD,12400,Cambridge city
24,MD,12600,Camp Springs CDP
24,MD,12912,Cape St. Claire CDP
24,MD,13000,Capitol Heights town
24,MD,13225,Carlos CDP
24,MD,13325,Carney CDP
24,MD,14125,Catonsville CDP
24,MD,14225,Cavetown CDP
24,MD,14300,Cearfoss CDP
24,MD,14325,Cecilton town
24,MD,14550,Cedar Heights CDP
24,MD,14800,Cedarville CDP
24,MD,14950,Centreville town
24,MD,15075,Chance CDP
24,MD,15400,Charlestown town
24,MD,15475,Charlotte Hall CDP
24,MD,15500,Charlton CDP
24,MD,15925,Chesapeake Beach town
24,MD,15950,Chesapeake City town
24,MD,16025,Chesapeake Landing CDP
24,MD,16050,Chesapeake Ranch Estates CDP
24,MD,16125,Chester CDP
24,MD,16225,Chestertown town
24,MD,16550,Cheverly town
24,MD,16620,Chevy Chase town
24,MD,16625,Chevy Chase CDP
24,MD,16720,Chevy Chase Section Five village
24,MD,16730,Chevy Chase Section Three village
24,MD,16775,Chevy Chase View town
24,MD,16787,Chevy Chase Village town
24,MD,16800,Chewsville CDP
24,MD,16875,Chillum CDP
24,MD,17000,Choptank CDP
24,MD,17050,Church Creek town
24,MD,17100,Church Hill town
24,MD,17350,Clarksburg CDP
24,MD,17475,Clarysville CDP
24,MD,17600,Clear Spring town
24,MD,17900,Clinton CDP
24,MD,18150,Cloverly CDP
24,MD,18200,Cobb Island CDP
24,MD,18250,Cockeysville CDP
24,MD,18475,Colesville CDP
24,MD,18750,College Park city
24,MD,18850,Colmar Manor town
24,MD,19125,Columbia CDP
24,MD,19825,Coral Hills CDP
24,MD,19900,Cordova CDP
24,MD,19975,Corriganville CDP
24,MD,20050,Cottage City town
24,MD,20500,Crellin CDP
24,MD,20525,Cresaptown CDP
24,MD,20775,Crisfield city
24,MD,20875,Crofton CDP
24,MD,20925,Croom CDP
24,MD,21075,Crownsville CDP
24,MD,21150,Crumpton CDP
24,MD,21325,Cumberland city
24,MD,21475,Damascus CDP
24,MD,21550,Dames Quarter CDP
24,MD,21675,Danville CDP
24,MD,21750,Dargan CDP
24,MD,21800,Darlington CDP
24,MD,21825,Darnestown CDP
24,MD,21925,Dawson CDP
24,MD,22050,Deale CDP
24,MD,22100,Deal Island CDP
24,MD,22275,Deer Park town
24,MD,22600,Delmar town
24,MD,22725,Denton town
24,MD,22775,Derwood CDP
24,MD,22825,Detmold CDP
24,MD,23025,District Heights city
24,MD,23500,Downsville CDP
24,MD,23700,Drum Point CDP
24,MD,23975,Dundalk CDP
24,MD,24050,Dunkirk CDP
24,MD,24200,Eagle Harbor town
24,MD,24250,Eakles Mill CDP
24,MD,24450,East New Market town
24,MD,24475,Easton town
24,MD,24650,East Riverdale CDP
24,MD,24825,Eckhart Mines CDP
24,MD,24850,Eden CDP
24,MD,24925,Edesville CDP
24,MD,24950,Edgemere CDP
24,MD,25000,Edgemont CDP
24,MD,25050,Edgewater CDP
24,MD,25150,Edgewood CDP
24,MD,25425,Edmonston town
24,MD,25575,Eldersburg CDP
24,MD,25600,Eldorado town
24,MD,25750,Elkridge CDP
24,MD,25800,Elkton town
24,MD,25925,Ellerslie CDP
24,MD,26000,Ellicott City CDP
24,MD,26025,Elliott CDP
24,MD,26200,Emmitsburg town
24,MD,26550,Ernstville CDP
24,MD,26600,Essex CDP
24,MD,27250,Fairland CDP
24,MD,27325,Fairlee CDP
24,MD,27375,Fairmount CDP
24,MD,27400,Fairmount Heights town
24,MD,27425,Fairplay CDP
24,MD,27500,Fairview CDP
24,MD,27580,Fairwood CDP
24,MD,27700,Fallston CDP
24,MD,27900,Federalsburg town
24,MD,28075,Ferndale CDP
24,MD,28275,Finzel CDP
24,MD,28300,Fishing Creek CDP
24,MD,28425,Flintstone CDP
24,MD,28512,Flower Hill CDP
24,MD,28640,Forest Glen CDP
24,MD,28725,Forest Heights town
24,MD,29000,Forestville CDP
24,MD,29400,Fort Meade CDP
24,MD,29450,Fort Ritchie CDP
24,MD,29525,Fort Washington CDP
24,MD,29712,Fountainhead-Orchard Hills CDP
24,MD,29790,Four Corners CDP
24,MD,30100,Franklin CDP
24,MD,30325,Frederick city
24,MD,30567,Frenchtown-Rumbly CDP
24,MD,30575,Friendly CDP
24,MD,30650,Friendship CDP
24,MD,30800,Friendship Heights Village CDP
24,MD,30850,Friendsville town
24,MD,30900,Frostburg city
24,MD,30950,Fruitland city
24,MD,31025,Fulton CDP
24,MD,31100,Funkstown town
24,MD,31175,Gaithersburg city
24,MD,31225,Galena town
24,MD,31250,Galestown town
24,MD,31275,Galesville CDP
24,MD,31350,Gambrills CDP
24,MD,31400,Gapland CDP
24,MD,31525,Garrett Park town
24,MD,31575,Garretts Mill CDP
24,MD,31625,Garrison CDP
24,MD,31875,Georgetown CDP
24,MD,32025,Germantown CDP
24,MD,32175,Gilmore CDP
24,MD,32250,Girdletree CDP
24,MD,32350,Glassmanor CDP
24,MD,32500,Glenarden city
24,MD,32650,Glen Burnie CDP
24,MD,32900,Glen Echo town
24,MD,33250,Glenmont CDP
24,MD,33400,Glenn Dale CDP
24,MD,33850,Golden Beach CDP
24,MD,33950,Goldsboro town
24,MD,34150,Gorman CDP
24,MD,34350,Graceham CDP
24,MD,34425,Grahamtown CDP
24,MD,34525,Grantsville town
24,MD,34550,Grasonville CDP
24,MD,34775,Greenbelt city
24,MD,35200,Greensboro town
24,MD,35225,Greensburg CDP
24,MD,35412,Green Valley CDP
24,MD,36075,Hagerstown city
24,MD,36125,Halfway CDP
24,MD,36500,Hampstead town
24,MD,36512,Hampton CDP
24,MD,36600,Hancock town
24,MD,37600,Havre de Grace city
24,MD,37875,Hebron town
24,MD,37925,Henderson town
24,MD,38025,Herald Harbor CDP
24,MD,38437,Highfield-Cascade CDP
24,MD,38475,Highland CDP
24,MD,38500,Highland Beach town
24,MD,38850,Hillandale CDP
24,MD,38975,Hillcrest Heights CDP
24,MD,39175,Hillsboro town
24,MD,40200,Honeygo CDP
24,MD,40700,Hughesville CDP
24,MD,41025,Huntingtown CDP
24,MD,41125,Hurlock town
24,MD,41175,Hutton CDP
24,MD,41250,Hyattsville city
24,MD,41475,Ilchester CDP
24,MD,41500,Indian Head town
24,MD,41700,Indian Springs CDP
24,MD,42325,Jarrettsville CDP
24,MD,42350,Jefferson CDP
24,MD,42450,Jennings CDP
24,MD,42550,Jessup CDP
24,MD,42575,Jesterville CDP
24,MD,42875,Joppatowne CDP
24,MD,42950,Jugtown CDP
24,MD,43100,Keedysville town
24,MD,43200,Kemp Mill CDP
24,MD,43280,Kemps Mill CDP
24,MD,43475,Kennedyville CDP
24,MD,43500,Kensington town
24,MD,43725,Kent Narrows CDP
24,MD,43900,Kettering CDP
24,MD,44325,Kingstown CDP
24,MD,44350,Kingsville CDP
24,MD,44450,Kitzmiller town
24,MD,44525,Klondike CDP
24,MD,44715,Konterra CDP
24,MD,44817,Lake Arbor CDP
24,MD,44975,Lake Shore CDP
24,MD,45325,Landover CDP
24,MD,45400,Landover Hills town
24,MD,45525,Langley Park CDP
24,MD,45550,Lanham CDP
24,MD,45650,Lansdowne CDP
24,MD,45750,La Plata town
24,MD,45825,Largo CDP
24,MD,45900,Laurel city
24,MD,46075,La Vale CDP
24,MD,46150,Layhill CDP
24,MD,46250,Laytonsville town
24,MD,46375,Leisure World CDP
24,MD,46400,Leitersburg CDP
24,MD,46475,Leonardtown town
24,MD,46650,Lewistown CDP
24,MD,46725,Lexington Park CDP
24,MD,46800,Libertytown CDP
24,MD,47040,Linganore CDP
24,MD,47125,Linthicum CDP
24,MD,47250,Lisbon CDP
24,MD,47275,Little Orleans CDP
24,MD,47450,Lochearn CDP
24,MD,47525,Loch Lynn Heights town
24,MD,47875,Lonaconing town
24,MD,48025,Long Beach CDP
24,MD,48775,Luke town
24,MD,48800,Lusby CDP
24,MD,48875,Lutherville CDP
24,MD,49325,McCoole CDP
24,MD,49700,Madison CDP
24,MD,49950,Manchester town
24,MD,50375,Mapleville CDP
24,MD,50525,Mardela Springs town
24,MD,50680,Marlboro Meadows CDP
24,MD,50685,Marlboro Village CDP
24,MD,50750,Marlow Heights CDP
24,MD,50775,Marlton CDP
24,MD,50965,Martin's Additions village
24,MD,51025,Marydel town
24,MD,51075,Maryland City CDP
24,MD,51125,Maryland Park CDP
24,MD,51425,Maugansville CDP
24,MD,51575,Mayo CDP
24,MD,51587,Mays Chapel CDP
24,MD,51800,Mechanicsville CDP
24,MD,51940,Melwood CDP
24,MD,51945,Mercersville CDP
24,MD,52225,Middleburg CDP
24,MD,52300,Middle River CDP
24,MD,52425,Middletown town
24,MD,52475,Midland town
24,MD,52525,Midlothian CDP
24,MD,52562,Milford Mill CDP
24,MD,52825,Millington town
24,MD,52975,Mitchellville CDP
24,MD,53100,Monrovia CDP
24,MD,53325,Montgomery Village CDP
24,MD,53625,Morningside town
24,MD,53700,Moscow CDP
24,MD,53750,Mount Aetna CDP
24,MD,53800,Mountain Lake Park town
24,MD,53875,Mount Airy town
24,MD,53925,Mount Briar CDP
24,MD,54125,Mount Lena CDP
24,MD,54275,Mount Rainier city
24,MD,54325,Mount Savage CDP
24,MD,54375,Mount Vernon CDP
24,MD,54875,Myersville town
24,MD,54925,Nanticoke CDP
24,MD,54930,Nanticoke Acres CDP
24,MD,55000,National CDP
24,MD,55018,National Harbor CDP
24,MD,55050,Naval Academy CDP
24,MD,55325,Newark CDP
24,MD,55400,New Carrollton city
24,MD,55650,New Market town
24,MD,55925,New Windsor town
24,MD,55950,Nikep CDP
24,MD,56300,North Beach town
24,MD,56337,North Bethesda CDP
24,MD,56375,North Brentwood town
24,MD,56400,North Chevy Chase village
24,MD,56450,North East town
24,MD,56712,North Kensington CDP
24,MD,56725,North Laurel CDP
24,MD,56875,North Potomac CDP
24,MD,57650,Oakland town
24,MD,58215,Ocean CDP
24,MD,58225,Ocean City town
24,MD,58275,Ocean Pines CDP
24,MD,58300,Odenton CDP
24,MD,58775,Oldtown CDP
24,MD,58900,Olney CDP
24,MD,59325,Overlea CDP
24,MD,59375,Owings CDP
24,MD,59425,Owings Mills CDP
24,MD,59450,Oxford town
24,MD,59500,Oxon Hill CDP
24,MD,59787,Paramount-Long Meadow CDP
24,MD,60275,Parkville CDP
24,MD,60325,Parole CDP
24,MD,60425,Parsonsburg CDP
24,MD,60475,Pasadena CDP
24,MD,60770,Pecktonville CDP
24,MD,60950,Peppermill Village CDP
24,MD,60975,Perry Hall CDP
24,MD,61075,Perryman CDP
24,MD,61150,Perryville town
24,MD,61400,Pikesville CDP
24,MD,61700,Pinesburg CDP
24,MD,61875,Piney Point CDP
24,MD,62025,Pittsville town
24,MD,62100,Pleasant Grove CDP
24,MD,62175,Pleasant Hills CDP
24,MD,62475,Pocomoke City city
24,MD,62575,Point of Rocks CDP
24,MD,62675,Pomfret CDP
24,MD,62775,Pondsville CDP
24,MD,62850,Poolesville town
24,MD,63075,Port Deposit town
24,MD,63225,Port Tobacco Village town
24,MD,63300,Potomac CDP
24,MD,63375,Potomac Heights CDP
24,MD,63425,Potomac Park CDP
24,MD,63725,Powellville CDP
24,MD,63825,Preston town
24,MD,63950,Prince Frederick CDP
24,MD,64000,Princess Anne town
24,MD,64375,Pylesville CDP
24,MD,64475,Quantico CDP
24,MD,64495,Queen Anne CDP
24,MD,64500,Queen Anne town
24,MD,64568,Queensland CDP
24,MD,64600,Queenstown town
24,MD,64950,Randallstown CDP
24,MD,65150,Rawlings CDP
24,MD,65312,Redland CDP
24,MD,65550,Reid CDP
24,MD,65600,Reisterstown CDP
24,MD,66000,Ridgely town
24,MD,66150,Ringgold CDP
24,MD,66275,Rising Sun town
24,MD,66400,Riva CDP
24,MD,66635,Riverdale Park town
24,MD,66762,Riverside CDP
24,MD,66850,Riviera Beach CDP
24,MD,67000,Robinwood CDP
24,MD,67400,Rock Hall town
24,MD,67500,Rock Point CDP
24,MD,67675,Rockville city
24,MD,67950,Rohrersville CDP
24,MD,68265,Romancoke CDP
24,MD,68300,Rosaryville CDP
24,MD,68400,Rosedale CDP
24,MD,68600,Rosemont village
24,MD,68700,Rossville CDP
24,MD,69200,Sabillasville CDP
24,MD,69425,St. George Island CDP
24,MD,69550,St. James CDP
24,MD,69675,St. Leonard CDP
24,MD,69825,St. Michaels town
24,MD,69925,Salisbury city
24,MD,70175,Sandy Hook CDP
24,MD,70300,San Mar CDP
24,MD,70475,Savage CDP
24,MD,70525,Scaggsville CDP
24,MD,70775,Seabrook CDP
24,MD,70850,Seat Pleasant city
24,MD,70900,Secretary town
24,MD,71150,Severn CDP
24,MD,71200,Severna Park CDP
24,MD,71450,Shady Side CDP
24,MD,71460,Shaft CDP
24,MD,71600,Sharpsburg town
24,MD,71650,Sharptown town
24,MD,72350,Silver Hill CDP
24,MD,72450,Silver Spring CDP
24,MD,72887,Smith Island CDP
24,MD,72900,Smithsburg town
24,MD,73075,Snow Hill town
24,MD,73325,Solomons CDP
24,MD,73350,Somerset town
24,MD,73600,South Kensington CDP
24,MD,73650,South Laurel CDP
24,MD,74050,Spencerville CDP
24,MD,74282,Springdale CDP
24,MD,74350,Spring Gap CDP
24,MD,74560,Spring Ridge CDP
24,MD,75025,Stevensville CDP
24,MD,75150,Still Pond CDP
24,MD,75200,Stockton CDP
24,MD,75650,Sudlersville town
24,MD,75725,Suitland CDP
24,MD,75810,Summerfield CDP
24,MD,76450,Swanton CDP
24,MD,76550,Sykesville town
24,MD,76650,Takoma Park city
24,MD,76675,Tall Timbers CDP
24,MD,76725,Taneytown city
24,MD,76925,Taylors Island CDP
24,MD,77100,Temple Hills CDP
24,MD,77200,Templeville town
24,MD,77262,Ten Mile Creek CDP
24,MD,77825,Thurmont town
24,MD,77912,Tilghman Island CDP
24,MD,77925,Tilghmanton CDP
24,MD,78050,Timonium CDP
24,MD,78120,Tolchester CDP
24,MD,78425,Towson CDP
24,MD,78575,Trappe town
24,MD,78650,Travilah CDP
24,MD,78705,Trego-Rohrersville Station CDP
24,MD,79225,Tyaskin CDP
24,MD,79350,Union Bridge town
24,MD,79675,University Park town
24,MD,79875,Upper Marlboro town
24,MD,79900,Urbana CDP
24,MD,80075,Vale Summit CDP
24,MD,80600,Vienna town
24,MD,81175,Waldorf CDP
24,MD,81250,Walker Mill CDP
24,MD,81275,Walkersville town
24,MD,81675,Washington Grove town
24,MD,81925,Waterview CDP
24,MD,82625,West Denton CDP
24,MD,82750,Westernport town
24,MD,83025,West Laurel CDP
24,MD,83100,Westminster city
24,MD,83225,West Ocean City CDP
24,MD,83290,Westphalia CDP
24,MD,83337,West Pocomoke CDP
24,MD,83746,Whaleyville CDP
24,MD,83775,Wheaton CDP
24,MD,84225,Whitehaven CDP
24,MD,84350,White Marsh CDP
24,MD,84375,White Oak CDP
24,MD,84784,Wildewood CDP
24,MD,84950,Willards town
24,MD,85100,Williamsport town
24,MD,85175,Williston CDP
24,MD,85395,Wilson-Conococheague CDP
24,MD,86275,Woodland CDP
24,MD,86475,Woodlawn CDP (Baltimore County)
24,MD,86525,Woodlawn CDP (Prince George's County)
24,MD,86710,Woodmore CDP
24,MD,86750,Woodsboro town
24,MD,87000,Worton CDP
24,MD,87150,Yarrowsburg CDP
24,MD,87275,Zihlman CDP
25,MA,00135,Abington CDP
25,MA,00530,Acushnet Center CDP
25,MA,00590,Adams CDP
25,MA,00840,Agawam Town city
25,MA,01260,Amesbury Town city
25,MA,01370,Amherst Town city
25,MA,01430,Andover CDP
25,MA,01640,Arlington CDP
25,MA,02515,Athol CDP
25,MA,02690,Attleboro city
25,MA,03040,Ayer CDP
25,MA,03355,Baldwinville CDP
25,MA,03690,Barnstable Town city
25,MA,03705,Barre CDP
25,MA,04790,Belchertown CDP
25,MA,04965,Bellingham CDP
25,MA,05105,Belmont CDP
25,MA,05595,Beverly city
25,MA,06050,Blandford CDP
25,MA,06170,Bliss Corner CDP
25,MA,07000,Boston city
25,MA,07140,Bourne CDP
25,MA,07385,Boxford CDP
25,MA,07740,Braintree Town city
25,MA,07945,Brewster CDP
25,MA,08130,Bridgewater Town city
25,MA,09000,Brockton city
25,MA,09070,Brookfield CDP
25,MA,09210,Brookline CDP
25,MA,09875,Burlington CDP
25,MA,10015,Buzzards Bay CDP
25,MA,11000,Cambridge city
25,MA,11945,Cedar Crest CDP
25,MA,12960,Chatham CDP
25,MA,13205,Chelsea city
25,MA,13310,Cheshire CDP
25,MA,13450,Chester CDP
25,MA,13660,Chicopee city
25,MA,14430,Clinton CDP
25,MA,14570,Cochituate CDP
25,MA,15340,Cordaville CDP
25,MA,16285,Danvers CDP
25,MA,16530,Dedham CDP
25,MA,16635,Deerfield CDP
25,MA,16740,Dennis CDP
25,MA,16810,Dennis Port CDP
25,MA,16840,Devens CDP
25,MA,17370,Dover CDP
25,MA,17860,Duxbury CDP
25,MA,18595,East Brookfield CDP
25,MA,18840,East Dennis CDP
25,MA,18875,East Douglas CDP
25,MA,18980,East Falmouth CDP
25,MA,19370,Easthampton Town city
25,MA,19400,East Harwich CDP
25,MA,20310,East Pepperell CDP
25,MA,20380,East Sandwich CDP
25,MA,21115,Edgartown CDP
25,MA,21815,Essex CDP
25,MA,21990,Everett city
25,MA,23000,Fall River city
25,MA,23070,Falmouth CDP
25,MA,23840,Fiskdale CDP
25,MA,23875,Fitchburg city
25,MA,24190,Forestdale CDP
25,MA,24855,Foxborough CDP
25,MA,24960,Framingham city
25,MA,25172,Franklin Town city
25,MA,25485,Gardner city
25,MA,26150,Gloucester city
25,MA,26500,Granby CDP
25,MA,26780,Great Barrington CDP
25,MA,27060,Greenfield city
25,MA,27130,Green Harbor CDP
25,MA,27445,Groton CDP
25,MA,28425,Hanscom AFB CDP
25,MA,28460,Hanson CDP
25,MA,29055,Harwich Center CDP
25,MA,29090,Harwich Port CDP
25,MA,29230,Hatfield CDP
25,MA,29405,Haverhill city
25,MA,30175,Hingham CDP
25,MA,30420,Holbrook CDP
25,MA,30630,Holland CDP
25,MA,30840,Holyoke city
25,MA,30980,Hopedale CDP
25,MA,31050,Hopkinton CDP
25,MA,31295,Housatonic CDP
25,MA,31575,Hudson CDP
25,MA,31680,Hull CDP
25,MA,31750,Huntington CDP
25,MA,32275,Ipswich CDP
25,MA,33185,Kingston CDP
25,MA,34550,Lawrence city
25,MA,34620,Lee CDP
25,MA,34935,Lenox CDP
25,MA,35040,Lenox Dale CDP
25,MA,35075,Leominster city
25,MA,35250,Lexington CDP
25,MA,36020,Littleton Common CDP
25,MA,36335,Longmeadow CDP
25,MA,37000,Lowell city
25,MA,37385,Lunenburg CDP
25,MA,37490,Lynn city
25,MA,37595,Lynnfield CDP
25,MA,37735,Madaket CDP
25,MA,37875,Malden city
25,MA,38230,Mansfield Center CDP
25,MA,38435,Marblehead CDP
25,MA,38575,Marion Center CDP
25,MA,38715,Marlborough city
25,MA,38820,Marshfield CDP
25,MA,38960,Marshfield Hills CDP
25,MA,39152,Mashpee Neck CDP
25,MA,39485,Mattapoisett Center CDP
25,MA,39660,Maynard CDP
25,MA,39730,Medfield CDP
25,MA,39835,Medford city
25,MA,40115,Melrose city
25,MA,40710,Methuen Town city
25,MA,40885,Middleborough Center CDP
25,MA,41200,Milford CDP
25,MA,41410,Millers Falls CDP
25,MA,41532,Millis-Clicquot CDP
25,MA,41725,Milton CDP
25,MA,41960,Monomoscoy Island CDP
25,MA,42180,Monson Center CDP
25,MA,42670,Monument Beach CDP
25,MA,43615,Nahant CDP
25,MA,43755,Nantucket CDP
25,MA,44140,Needham CDP
25,MA,45000,New Bedford city
25,MA,45245,Newburyport city
25,MA,45500,New Seabury CDP
25,MA,45560,Newton city
25,MA,46225,North Adams city
25,MA,46330,Northampton city
25,MA,46598,North Attleborough Town city
25,MA,46785,Northborough CDP
25,MA,47100,North Brookfield CDP
25,MA,47590,North Eastham CDP
25,MA,47730,North Falmouth CDP
25,MA,47800,Northfield CDP
25,MA,48220,North Lakeville CDP
25,MA,48710,North Pembroke CDP
25,MA,48780,North Plymouth CDP
25,MA,49165,North Scituate CDP
25,MA,49200,North Seekonk CDP
25,MA,49700,Northwest Harwich CDP
25,MA,49710,North Westport CDP
25,MA,50005,Norton Center CDP
25,MA,50285,Norwood CDP
25,MA,50425,Oak Bluffs CDP
25,MA,50862,Ocean Bluff-Brant Rock CDP
25,MA,50880,Ocean Grove CDP
25,MA,51160,Onset CDP
25,MA,51230,Orange CDP
25,MA,51405,Orleans CDP
25,MA,51790,Oxford CDP
25,MA,52144,Palmer Town city
25,MA,52490,Peabody city
25,MA,52770,Pepperell CDP
25,MA,53085,Petersham CDP
25,MA,53680,Pinehurst CDP
25,MA,53960,Pittsfield city
25,MA,54275,Plymouth CDP
25,MA,54450,Pocasset CDP
25,MA,55070,Popponesset CDP
25,MA,55090,Popponesset Island CDP
25,MA,55535,Provincetown CDP
25,MA,55745,Quincy city
25,MA,56000,Randolph Town city
25,MA,56095,Raynham Center CDP
25,MA,56165,Reading CDP
25,MA,56585,Revere city
25,MA,57845,Rockport CDP
25,MA,58370,Rowley CDP
25,MA,58615,Russell CDP
25,MA,58790,Rutland CDP
25,MA,58965,Sagamore CDP
25,MA,59105,Salem city
25,MA,59210,Salisbury CDP
25,MA,59700,Sandwich CDP
25,MA,60050,Saugus CDP
25,MA,60295,Scituate CDP
25,MA,60505,Seabrook CDP
25,MA,60627,Seconsett Island CDP
25,MA,60820,Sharon CDP
25,MA,61205,Shelburne Falls CDP
25,MA,61555,Shirley CDP
25,MA,61940,Siasconset CDP
25,MA,62300,Smith Mills CDP
25,MA,62465,Somerset CDP
25,MA,62535,Somerville city
25,MA,62780,South Ashburnham CDP
25,MA,63345,Southbridge Town city
25,MA,63620,South Deerfield CDP
25,MA,63655,South Dennis CDP
25,MA,63690,South Duxbury CDP
25,MA,64460,South Lancaster CDP
25,MA,66035,South Yarmouth CDP
25,MA,66070,Spencer CDP
25,MA,67000,Springfield city
25,MA,67700,Stoneham CDP
25,MA,68120,Sturbridge CDP
25,MA,68680,Swampscott CDP
25,MA,69170,Taunton city
25,MA,69205,Teaticket CDP
25,MA,69585,The Pinehills CDP
25,MA,70115,Topsfield CDP
25,MA,70325,Townsend CDP
25,MA,70815,Turners Falls CDP
25,MA,71445,Upton CDP
25,MA,71970,Vineyard Haven CDP
25,MA,72250,Wakefield CDP
25,MA,72460,Walpole CDP
25,MA,72600,Waltham city
25,MA,72845,Ware CDP
25,MA,73020,Wareham Center CDP
25,MA,73055,Warren CDP
25,MA,73440,Watertown Town city
25,MA,73930,Webster CDP
25,MA,74210,Wellesley CDP
25,MA,75050,Westborough CDP
25,MA,75365,West Brookfield CDP
25,MA,75505,West Chatham CDP
25,MA,75680,West Concord CDP
25,MA,75820,West Dennis CDP
25,MA,75960,West Falmouth CDP
25,MA,76030,Westfield city
25,MA,77890,West Springfield Town city
25,MA,78410,West Wareham CDP
25,MA,78445,West Warren CDP
25,MA,78795,West Yarmouth CDP
25,MA,78850,Weweantic CDP
25,MA,78972,Weymouth Town city
25,MA,79390,White Island Shores CDP
25,MA,79495,Whitinsville CDP
25,MA,79705,Wilbraham CDP
25,MA,79950,Williamstown CDP
25,MA,80195,Wilmington CDP
25,MA,80370,Winchendon CDP
25,MA,80545,Winchester CDP
25,MA,81005,Winthrop Town city
25,MA,81035,Woburn city
25,MA,81245,Woods Hole CDP
25,MA,82000,Worcester city
25,MA,82595,Yarmouth Port CDP
26,MI,00380,Addison village
26,MI,00440,Adrian city
26,MI,00480,Advance CDP
26,MI,00620,Ahmeek village
26,MI,00700,Akron village
26,MI,00860,Alanson village
26,MI,00900,Alba CDP
26,MI,00980,Albion city
26,MI,01060,Alden CDP
26,MI,01180,Algonac city
26,MI,01260,Allegan city
26,MI,01300,Allen village
26,MI,01340,Allendale CDP
26,MI,01380,Allen Park city
26,MI,01540,Alma city
26,MI,01660,Almont village
26,MI,01740,Alpena city
26,MI,01800,Alpha village
26,MI,01960,Amasa CDP
26,MI,03000,Ann Arbor city
26,MI,03200,Applegate village
26,MI,03300,Arcadia CDP
26,MI,03400,Argentine CDP
26,MI,03520,Armada village
26,MI,03740,Ashley village
26,MI,03880,Athens village
26,MI,03920,Atlanta CDP
26,MI,03960,Atlantic Mine CDP
26,MI,04020,Attica CDP
26,MI,04080,Auburn city
26,MI,04105,Auburn Hills city
26,MI,04120,Au Gres city
26,MI,04160,Augusta village
26,MI,04280,Au Sable CDP
26,MI,04740,Bad Axe city
26,MI,04940,Baldwin village
26,MI,05080,Bancroft village
26,MI,05140,Bangor city
26,MI,05320,Baraga village
26,MI,05466,Barnes Lake CDP
26,MI,05500,Baroda village
26,MI,05580,Barryton village
26,MI,05660,Barton Hills village
26,MI,05880,Bath CDP
26,MI,05920,Battle Creek city
26,MI,06020,Bay City city
26,MI,06120,Bay Port CDP
26,MI,06180,Bay Shore CDP
26,MI,06260,Bay View CDP
26,MI,06360,Beal City CDP
26,MI,06430,Bear Lake CDP
26,MI,06460,Bear Lake village
26,MI,06660,Beaverton city
26,MI,06820,Beecher CDP
26,MI,06880,Beechwood CDP
26,MI,06900,Belding city
26,MI,06980,Bellaire village
26,MI,07020,Belleville city
26,MI,07060,Bellevue village
26,MI,07220,Bendon CDP
26,MI,07520,Benton Harbor city
26,MI,07540,Benton Heights CDP
26,MI,07580,Benzonia village
26,MI,07620,Bergland CDP
26,MI,07660,Berkley city
26,MI,07860,Berrien Springs village
26,MI,07960,Bessemer city
26,MI,08100,Beulah village
26,MI,08160,Beverly Hills village
26,MI,08180,Big Bay CDP
26,MI,08300,Big Rapids city
26,MI,08460,Bingham Farms village
26,MI,08540,Birch Run village
26,MI,08640,Birmingham city
26,MI,09000,Blissfield village
26,MI,09180,Bloomfield Hills city
26,MI,09220,Bloomingdale village
26,MI,09560,Boon CDP
26,MI,09820,Boyne City city
26,MI,09840,Boyne Falls village
26,MI,10160,Breckenridge village
26,MI,10180,Breedsville village
26,MI,10300,Brethren CDP
26,MI,10440,Bridgeport CDP
26,MI,10580,Bridgman city
26,MI,10620,Brighton city
26,MI,10680,Brimley CDP
26,MI,10760,Britton village
26,MI,10860,Bronson city
26,MI,11000,Brooklyn village
26,MI,11180,Brown City city
26,MI,11200,Brownlee Park CDP
26,MI,11320,Bruce Crossing CDP
26,MI,11380,Brutus CDP
26,MI,11400,Buchanan city
26,MI,11480,Buckley village
26,MI,11555,Buena Vista CDP
26,MI,11800,Burlington village
26,MI,11920,Burr Oak village
26,MI,12000,Burt CDP
26,MI,12060,Burton city
26,MI,12260,Byron village
26,MI,12280,Byron Center CDP
26,MI,12290,Caberfae CDP
26,MI,12320,Cadillac city
26,MI,12480,Caledonia village
26,MI,12580,Calumet village
26,MI,12680,Cambria CDP
26,MI,12760,Camden village
26,MI,12980,Canada Creek Ranch CDP
26,MI,13010,Canadian Lakes CDP
26,MI,13100,Cannonsburg CDP
26,MI,13140,Capac village
26,MI,13220,Carleton village
26,MI,13400,Carney village
26,MI,13420,Caro city
26,MI,13480,Carp Lake CDP
26,MI,13600,Carson City city
26,MI,13620,Carsonville village
26,MI,13760,Caseville city
26,MI,13820,Casnovia village
26,MI,13860,Caspian city
26,MI,13880,Cass City village
26,MI,13900,Cassopolis village
26,MI,14020,Cedar CDP
26,MI,14200,Cedar Springs city
26,MI,14260,Cement City village
26,MI,14320,Center Line city
26,MI,14400,Central Lake village
26,MI,14460,Centreville village
26,MI,14780,Charlevoix city
26,MI,14820,Charlotte city
26,MI,14900,Chassell CDP
26,MI,14940,Chatham village
26,MI,15000,Cheboygan city
26,MI,15020,Chelsea city
26,MI,15140,Chesaning village
26,MI,15715,Chums Corner CDP
26,MI,15920,Clare city
26,MI,16140,Clarksville village
26,MI,16160,Clawson city
26,MI,16280,Clayton village
26,MI,16420,Clifford village
26,MI,16440,Climax village
26,MI,16480,Clinton village
26,MI,16620,Clio city
26,MI,17020,Coldwater city
26,MI,17100,Coleman city
26,MI,17320,Coloma city
26,MI,17360,Colon village
26,MI,17460,Columbiaville village
26,MI,17690,Comstock Northwest CDP
26,MI,17700,Comstock Park CDP
26,MI,17740,Concord village
26,MI,17840,Constantine village
26,MI,17900,Conway CDP
26,MI,18020,Coopersville city
26,MI,18040,Copemish village
26,MI,18080,Copper City village
26,MI,18100,Copper Harbor CDP
26,MI,18300,Corunna city
26,MI,18580,Covington CDP
26,MI,18880,Cross Village CDP
26,MI,18920,Croswell city
26,MI,19060,Crystal CDP
26,MI,19135,Crystal Downs Country Club CDP
26,MI,19140,Crystal Falls city
26,MI,19195,Crystal Mountain CDP
26,MI,19420,Custer village
26,MI,19500,Cutlerville CDP
26,MI,19560,Daggett village
26,MI,19780,Dansville village
26,MI,19880,Davison city
26,MI,21000,Dearborn city
26,MI,21020,Dearborn Heights city
26,MI,21040,Decatur village
26,MI,21100,Deckerville village
26,MI,21180,Deerfield village
26,MI,21560,Delton CDP
26,MI,21780,De Tour Village village
26,MI,22000,Detroit city
26,MI,22040,Detroit Beach CDP
26,MI,22120,DeWitt city
26,MI,22160,Dexter city
26,MI,22380,Dimondale village
26,MI,22500,Dodgeville CDP
26,MI,22520,Dollar Bay CDP
26,MI,22660,Dorr CDP
26,MI,22740,Douglas city
26,MI,22880,Dowagiac city
26,MI,22900,Dowling CDP
26,MI,23140,Dryden village
26,MI,23380,Dundee village
26,MI,23500,Durand city
26,MI,23560,Eagle village
26,MI,23600,Eagle Harbor CDP
26,MI,23740,Eagle River CDP
26,MI,23980,East Grand Rapids city
26,MI,24020,East Jordan city
26,MI,24060,Eastlake village
26,MI,24120,East Lansing city
26,MI,24290,Eastpointe city
26,MI,24300,Eastport CDP
26,MI,24420,East Tawas city
26,MI,24500,Eastwood CDP
26,MI,24540,Eaton Rapids city
26,MI,24580,Eau Claire village
26,MI,24740,Ecorse city
26,MI,24880,Edgemont Park CDP
26,MI,25000,Edmore village
26,MI,25040,Edwardsburg village
26,MI,25180,Elberta village
26,MI,25320,Elk Rapids village
26,MI,25360,Elkton village
26,MI,25420,Ellsworth village
26,MI,25580,Elm Hall CDP
26,MI,25780,Elsie village
26,MI,25940,Emmett village
26,MI,25980,Empire village
26,MI,26360,Escanaba city
26,MI,26420,Essexville city
26,MI,26460,Estral Beach village
26,MI,26500,Eureka CDP
26,MI,26640,Evart city
26,MI,26820,Ewen CDP
26,MI,27080,Fairgrove village
26,MI,27160,Fair Plain CDP
26,MI,27320,Falmouth CDP
26,MI,27380,Farmington city
26,MI,27440,Farmington Hills city
26,MI,27500,Farwell village
26,MI,27740,Fennville city
26,MI,27760,Fenton city
26,MI,27880,Ferndale city
26,MI,27960,Ferrysburg city
26,MI,28000,Fife Lake village
26,MI,28060,Filer City CDP
26,MI,28360,Flat Rock city
26,MI,29000,Flint city
26,MI,29200,Flushing city
26,MI,29580,Forest Hills CDP
26,MI,29660,Forestville village
26,MI,29920,Fostoria CDP
26,MI,29940,Fountain village
26,MI,30040,Fowler village
26,MI,30060,Fowlerville village
26,MI,30200,Frankenmuth city
26,MI,30260,Frankfort city
26,MI,30340,Franklin village
26,MI,30420,Fraser city
26,MI,30540,Freeland CDP
26,MI,30580,Freeport village
26,MI,30600,Free Soil village
26,MI,30700,Fremont city
26,MI,31000,Fruitport village
26,MI,31120,Fulton CDP
26,MI,31160,Gaastra city
26,MI,31180,Gagetown village
26,MI,31200,Gaines village
26,MI,31260,Galesburg city
26,MI,31300,Galien village
26,MI,31380,Garden village
26,MI,31420,Garden City city
26,MI,31720,Gaylord city
26,MI,32020,Gibraltar city
26,MI,32300,Gladstone city
26,MI,32320,Gladwin city
26,MI,32360,Glen Arbor CDP
26,MI,32640,Gobles city
26,MI,32980,Goodrich village
26,MI,33260,Grand Beach village
26,MI,33280,Grand Blanc city
26,MI,33340,Grand Haven city
26,MI,33420,Grand Ledge city
26,MI,33440,Grand Marais CDP
26,MI,34000,Grand Rapids city
26,MI,34160,Grandville city
26,MI,34360,Grant city
26,MI,34480,Grass Lake village
26,MI,34620,Grawn CDP
26,MI,34640,Grayling city
26,MI,34980,Greenland CDP
26,MI,35100,Greenville city
26,MI,35300,Greilickville CDP
26,MI,35480,Grosse Pointe city
26,MI,35520,Grosse Pointe Farms city
26,MI,35540,Grosse Pointe Park city
26,MI,35580,Grosse Pointe Woods city
26,MI,35760,Gwinn CDP
26,MI,36280,Hamtramck city
26,MI,36300,Hancock city
26,MI,36380,Hanover village
26,MI,36460,Harbor Beach city
26,MI,36560,Harbor Springs city
26,MI,36585,Hardwood Acres CDP
26,MI,36590,Haring CDP
26,MI,36700,Harper Woods city
26,MI,36720,Harrietta village
26,MI,36800,Harrison city
26,MI,36860,Harrisville city
26,MI,36920,Hart city
26,MI,36960,Hartford city
26,MI,37020,Hartland CDP
26,MI,37080,Harvey CDP
26,MI,37100,Haslett CDP
26,MI,37120,Hastings city
26,MI,37420,Hazel Park city
26,MI,37600,Hemlock CDP
26,MI,37620,Henderson CDP
26,MI,37760,Hermansville CDP
26,MI,37820,Hersey village
26,MI,37860,Hesperia village
26,MI,37960,Hickory Corners CDP
26,MI,38180,Highland Park city
26,MI,38380,Hillman village
26,MI,38460,Hillsdale city
26,MI,38640,Holland city
26,MI,38700,Holly village
26,MI,38780,Holt CDP
26,MI,38920,Homer village
26,MI,39080,Honor village
26,MI,39180,Hopkins village
26,MI,39340,Horton Bay CDP
26,MI,39360,Houghton city
26,MI,39400,Houghton Lake CDP
26,MI,39500,Howard City village
26,MI,39540,Howell city
26,MI,39634,Hubbard Lake CDP
26,MI,39660,Hubbardston village
26,MI,39680,Hubbell CDP
26,MI,39720,Hudson city
26,MI,39800,Hudsonville city
26,MI,40000,Huntington Woods city
26,MI,40160,Hurontown CDP
26,MI,40240,Ida CDP
26,MI,40320,Imlay City city
26,MI,40480,Indian River CDP
26,MI,40680,Inkster city
26,MI,40800,Interlochen CDP
26,MI,40860,Ionia city
26,MI,40960,Iron Mountain city
26,MI,40980,Iron River city
26,MI,41040,Ironton CDP
26,MI,41060,Ironwood city
26,MI,41220,Ishpeming city
26,MI,41340,Ithaca city
26,MI,41420,Jackson city
26,MI,41540,Jasper CDP
26,MI,41680,Jenison CDP
26,MI,41720,Jennings CDP
26,MI,41920,Jonesville city
26,MI,42160,Kalamazoo city
26,MI,42240,Kaleva village
26,MI,42260,Kalkaska village
26,MI,42460,Keego Harbor city
26,MI,42780,Kent City village
26,MI,42820,Kentwood city
26,MI,43180,Kincheloe CDP
26,MI,43220,Kinde village
26,MI,43300,Kingsford city
26,MI,43340,Kingsley village
26,MI,43380,Kingston village
26,MI,43558,K. I. Sawyer CDP
26,MI,44200,Laingsburg city
26,MI,44440,Lake Angelus city
26,MI,44460,Lake Ann village
26,MI,44480,Lake City city
26,MI,44520,Lake Fenton CDP
26,MI,44620,Lake Gogebic CDP
26,MI,44715,Lake Isabella village
26,MI,44752,Lake LeAnn CDP
26,MI,44760,Lake Leelanau CDP
26,MI,44780,Lake Linden village
26,MI,44820,Lake Michigan Beach CDP
26,MI,44880,Lake Odessa village
26,MI,44940,Lake Orion village
26,MI,45000,Lakeport CDP
26,MI,45144,Lakes of the North CDP
26,MI,45190,Lake Victoria CDP
26,MI,45240,Lakeview village
26,MI,45340,Lakewood Club village
26,MI,45420,Lambertville CDP
26,MI,45440,Lamont CDP
26,MI,45540,L'Anse village
26,MI,46000,Lansing city
26,MI,46040,Lapeer city
26,MI,46320,Lathrup Village city
26,MI,46360,Laurium village
26,MI,46440,Lawrence village
26,MI,46500,Lawton village
26,MI,46800,Leland CDP
26,MI,46880,Lennon village
26,MI,46940,Leonard village
26,MI,47100,Le Roy village
26,MI,47180,Leslie city
26,MI,47230,Level Park-Oak Park CDP
26,MI,47240,Levering CDP
26,MI,47260,Lewiston CDP
26,MI,47280,Lexington village
26,MI,47560,Lincoln village
26,MI,47800,Lincoln Park city
26,MI,47820,Linden city
26,MI,47980,Litchfield city
26,MI,49000,Livonia city
26,MI,49400,Loomis CDP
26,MI,49450,Lost Lake Woods CDP
26,MI,49540,Lowell city
26,MI,49640,Ludington city
26,MI,49700,Luna Pier city
26,MI,49720,Lupton CDP
26,MI,49740,Luther village
26,MI,49900,Lyons village
26,MI,49980,McBain city
26,MI,50000,McBride village
26,MI,50280,Mackinac Island city
26,MI,50320,Mackinaw City village
26,MI,50560,Madison Heights city
26,MI,50620,Mancelona village
26,MI,50660,Manchester village
26,MI,50720,Manistee city
26,MI,50755,Manistee Lake CDP
26,MI,50760,Manistique city
26,MI,50830,Manitou Beach-Devils Lake CDP
26,MI,50880,Manton city
26,MI,50920,Maple City CDP
26,MI,50970,Maple Grove CDP
26,MI,51200,Maple Rapids village
26,MI,51460,Marcellus village
26,MI,51540,Marenisco CDP
26,MI,51600,Marine City city
26,MI,51660,Marion village
26,MI,51820,Marlette city
26,MI,51900,Marquette city
26,MI,51940,Marshall city
26,MI,51980,Martin village
26,MI,52080,Marysville city
26,MI,52180,Mason city
26,MI,52280,Mass City CDP
26,MI,52380,Mattawan village
26,MI,52440,Maybee village
26,MI,52540,Mayville village
26,MI,52720,Mears CDP
26,MI,52760,Mecosta village
26,MI,52920,Melvin village
26,MI,52940,Melvindale city
26,MI,52960,Memphis city
26,MI,52980,Mendon village
26,MI,53020,Menominee city
26,MI,53180,Merrill village
26,MI,53320,Mesick village
26,MI,53340,Metamora village
26,MI,53500,Michiana village
26,MI,53520,Michigamme CDP
26,MI,53580,Michigan Center CDP
26,MI,53730,Middletown CDP
26,MI,53760,Middleville village
26,MI,53780,Midland city
26,MI,53920,Milan city
26,MI,53960,Milford village
26,MI,54025,Millburg CDP
26,MI,54120,Millersburg village
26,MI,54132,Millers Lake CDP
26,MI,54220,Millington village
26,MI,54560,Minden City village
26,MI,54660,Mio CDP
26,MI,54820,Mohawk CDP
26,MI,55020,Monroe city
26,MI,55100,Montague city
26,MI,55220,Montgomery village
26,MI,55280,Montrose city
26,MI,55500,Morenci city
26,MI,55540,Morley village
26,MI,55560,Morrice village
26,MI,55820,Mount Clemens city
26,MI,55960,Mount Morris city
26,MI,56020,Mount Pleasant city
26,MI,56080,Muir village
26,MI,56140,Mulliken village
26,MI,56200,Munising city
26,MI,56320,Muskegon city
26,MI,56360,Muskegon Heights city
26,MI,56620,Napoleon CDP
26,MI,56680,Nashville village
26,MI,56760,Naubinway CDP
26,MI,56860,Negaunee city
26,MI,56960,Nessen City CDP
26,MI,57080,Newaygo city
26,MI,57100,New Baltimore city
26,MI,57140,Newberry village
26,MI,57220,New Buffalo city
26,MI,57280,New Era village
26,MI,57380,New Haven village
26,MI,57520,New Lothrop village
26,MI,57660,New Troy CDP
26,MI,57760,Niles city
26,MI,57920,North Adams village
26,MI,58080,North Branch village
26,MI,58640,North Muskegon city
26,MI,58740,Northport village
26,MI,58945,Northview CDP
26,MI,58980,Northville city
26,MI,59140,Norton Shores city
26,MI,59220,Norway city
26,MI,59320,Norwood CDP
26,MI,59440,Novi city
26,MI,59520,Nunica CDP
26,MI,59740,Oak Hill CDP
26,MI,59860,Oakley village
26,MI,59920,Oak Park city
26,MI,60180,Oden CDP
26,MI,60340,Okemos CDP
26,MI,60580,Olivet city
26,MI,60640,Omena CDP
26,MI,60660,Omer city
26,MI,60680,Onaway city
26,MI,60740,Onekama village
26,MI,60840,Onsted village
26,MI,60860,Ontonagon village
26,MI,61020,Orchard Lake Village city
26,MI,61220,Ortonville village
26,MI,61320,Oscoda CDP
26,MI,61500,Ossineke CDP
26,MI,61600,Otisville village
26,MI,61620,Otsego city
26,MI,61760,Otter Lake village
26,MI,61860,Ovid city
26,MI,61920,Owendale village
26,MI,61940,Owosso city
26,MI,62020,Oxford village
26,MI,62120,Painesdale CDP
26,MI,62180,Palmer CDP
26,MI,62260,Palo CDP
26,MI,62340,Parchment city
26,MI,62400,Paris CDP
26,MI,62500,Parkdale CDP
26,MI,62740,Parma village
26,MI,62980,Paw Paw village
26,MI,63020,Paw Paw Lake CDP
26,MI,63200,Pearl Beach CDP
26,MI,63260,Peck village
26,MI,63280,Pelkie CDP
26,MI,63300,Pellston village
26,MI,63540,Pentwater village
26,MI,63660,Perrinton village
26,MI,63700,Perry city
26,MI,63800,Petersburg city
26,MI,63820,Petoskey city
26,MI,63900,Pewamo village
26,MI,64020,Pierson village
26,MI,64060,Pigeon village
26,MI,64100,Pilgrim CDP
26,MI,64140,Pinckney village
26,MI,64160,Pinconning city
26,MI,64600,Pittsford CDP
26,MI,64740,Plainwell city
26,MI,64900,Pleasant Ridge city
26,MI,65060,Plymouth city
26,MI,65420,Ponshewaing CDP
26,MI,65440,Pontiac city
26,MI,65560,Portage city
26,MI,65680,Port Austin village
26,MI,65800,Port Hope village
26,MI,65820,Port Huron city
26,MI,65860,Portland city
26,MI,65900,Port Sanilac village
26,MI,66000,Posen village
26,MI,66100,Potterville city
26,MI,66140,Powers village
26,MI,66300,Prescott village
26,MI,66343,Presque Isle Harbor CDP
26,MI,66400,Prudenville CDP
26,MI,66640,Quincy village
26,MI,66720,Quinnesec CDP
26,MI,66980,Ramsay CDP
26,MI,67140,Rapid City CDP
26,MI,67160,Rapid River CDP
26,MI,67280,Ravenna village
26,MI,67500,Reading city
26,MI,67820,Reed City city
26,MI,67900,Reese village
26,MI,67980,Republic CDP
26,MI,68240,Richland village
26,MI,68380,Richmond city
26,MI,68720,Riverdale CDP
26,MI,68760,River Rouge city
26,MI,68880,Riverview city
26,MI,68990,Robin Glen-Indiantown CDP
26,MI,69020,Rochester city
26,MI,69035,Rochester Hills city
26,MI,69060,Rock CDP
26,MI,69080,Rockford city
26,MI,69120,Rockland CDP
26,MI,69180,Rockwood city
26,MI,69260,Rogers City city
26,MI,69400,Romeo village
26,MI,69420,Romulus city
26,MI,69520,Roosevelt Park city
26,MI,69540,Roscommon village
26,MI,69640,Rosebush village
26,MI,69680,Rose City city
26,MI,69800,Roseville city
26,MI,69880,Rothbury village
26,MI,70040,Royal Oak city
26,MI,70160,Ruby CDP
26,MI,70520,Saginaw city
26,MI,70640,St. Charles village
26,MI,70680,St. Clair city
26,MI,70760,St. Clair Shores city
26,MI,70800,St. Helen CDP
26,MI,70840,St. Ignace city
26,MI,70900,St. James CDP
26,MI,70940,St. Johns city
26,MI,70960,St. Joseph city
26,MI,71000,St. Louis city
26,MI,71140,Saline city
26,MI,71340,Sand Lake CDP
26,MI,71360,Sand Lake village
26,MI,71540,Sandusky city
26,MI,71560,Sanford village
26,MI,71660,Saranac village
26,MI,71700,Saugatuck city
26,MI,71740,Sault Ste. Marie city
26,MI,71860,Schoolcraft village
26,MI,72060,Scotts CDP
26,MI,72080,Scottville city
26,MI,72180,Sebewaing village
26,MI,72700,Shaftsburg CDP
26,MI,72840,Shelby village
26,MI,72960,Shepherd village
26,MI,73100,Sheridan village
26,MI,73420,Sherwood village
26,MI,73560,Shields CDP
26,MI,73660,Shoreham village
26,MI,73730,Shorewood-Tower Hills-Harbert CDP
26,MI,74120,Skanee CDP
26,MI,74200,Skidway Lake CDP
26,MI,74380,Snover CDP
26,MI,74740,South Boardman CDP
26,MI,74900,Southfield city
26,MI,74960,Southgate city
26,MI,74975,South Gull Lake CDP
26,MI,74980,South Haven city
26,MI,75100,South Lyon city
26,MI,75140,South Monroe CDP
26,MI,75220,South Range village
26,MI,75280,South Rockwood village
26,MI,75420,Sparta village
26,MI,75620,Spring Arbor CDP
26,MI,75700,Springfield city
26,MI,75820,Spring Lake village
26,MI,75860,Springport village
26,MI,76120,Standish city
26,MI,76220,Stanton city
26,MI,76240,Stanwood village
26,MI,76380,Stephenson city
26,MI,76420,Sterling village
26,MI,76460,Sterling Heights city
26,MI,76500,Stevensville village
26,MI,76560,Stockbridge village
26,MI,76720,Stony Point CDP
26,MI,76820,Stronach CDP
26,MI,76960,Sturgis city
26,MI,77420,Sunfield village
26,MI,77600,Suttons Bay village
26,MI,77700,Swartz Creek city
26,MI,77860,Sylvan Lake city
26,MI,78140,Tawas City city
26,MI,79000,Taylor city
26,MI,79120,Tecumseh city
26,MI,79160,Tekonsha village
26,MI,79240,Temperance CDP
26,MI,79600,Thompsonville village
26,MI,79680,Three Lakes CDP
26,MI,79720,Three Oaks village
26,MI,79760,Three Rivers city
26,MI,80200,Tower CDP
26,MI,80340,Traverse City city
26,MI,80420,Trenton city
26,MI,80480,Trimountain CDP
26,MI,80660,Trowbridge Park CDP
26,MI,80700,Troy city
26,MI,80720,Trufant CDP
26,MI,80820,Turner village
26,MI,80960,Tustin village
26,MI,81020,Twining village
26,MI,81040,Twin Lake CDP
26,MI,81200,Ubly village
26,MI,81360,Union City village
26,MI,81420,Unionville village
26,MI,81540,Utica city
26,MI,81680,Vandalia village
26,MI,81700,Vanderbilt village
26,MI,81740,Vandercook Lake CDP
26,MI,81840,Vassar city
26,MI,81960,Vermontville village
26,MI,82020,Vernon village
26,MI,82300,Vicksburg village
26,MI,82450,Village of Clarkston city
26,MI,82453,Village of Grosse Pointe Shores city
26,MI,82490,Vineyard Lake CDP
26,MI,82680,Wacousta CDP
26,MI,82780,Wakefield city
26,MI,82880,Waldron village
26,MI,82960,Walker city
26,MI,83020,Walkerville village
26,MI,83060,Walled Lake city
26,MI,83140,Walloon Lake CDP
26,MI,84000,Warren city
26,MI,84360,Watersmeet CDP
26,MI,84500,Watervliet city
26,MI,84800,Waverly CDP
26,MI,84880,Wayland city
26,MI,84940,Wayne city
26,MI,85080,Webberville village
26,MI,85110,Wedgewood CDP
26,MI,85140,Weidman CDP
26,MI,85300,Wellston CDP
26,MI,85580,West Branch city
26,MI,85700,West Ishpeming CDP
26,MI,86000,Westland city
26,MI,86050,West Monroe CDP
26,MI,86120,Westphalia village
26,MI,86380,Westwood CDP
26,MI,86680,White Cloud city
26,MI,86780,Whitehall city
26,MI,86920,White Pigeon village
26,MI,86960,White Pine CDP
26,MI,87060,Whitmore Lake CDP
26,MI,87140,Whittemore city
26,MI,87420,Williamston city
26,MI,87920,Winn CDP
26,MI,88140,Wixom city
26,MI,88220,Wolf Lake CDP
26,MI,88240,Wolverine village
26,MI,88260,Wolverine Lake village
26,MI,88380,Woodhaven city
26,MI,88420,Woodland village
26,MI,88480,Woodland Beach CDP
26,MI,88900,Wyandotte city
26,MI,88940,Wyoming city
26,MI,89000,Yale city
26,MI,89140,Ypsilanti city
26,MI,89240,Zeba CDP
26,MI,89260,Zeeland city
26,MI,89320,Zilwaukee city
27,MN,00172,Ada city
27,MN,00190,Adams city
27,MN,00262,Adrian city
27,MN,00316,Afton city
27,MN,00460,Aitkin city
27,MN,00496,Akeley city
27,MN,00622,Albany city
27,MN,00676,Alberta city
27,MN,00694,Albert Lea city
27,MN,00730,Albertville city
27,MN,00838,Alden city
27,MN,00892,Aldrich city
27,MN,00928,Alexandria city
27,MN,01162,Alpha city
27,MN,01234,Altura city
27,MN,01252,Alvarado city
27,MN,01324,Amboy city
27,MN,01486,Andover city
27,MN,01558,Angle Inlet CDP
27,MN,01684,Annandale city
27,MN,01720,Anoka city
27,MN,01864,Appleton city
27,MN,01900,Apple Valley city
27,MN,01972,Arco city
27,MN,02026,Arden Hills city
27,MN,02134,Argyle city
27,MN,02152,Arlington city
27,MN,02422,Ashby city
27,MN,02548,Askov city
27,MN,02692,Atwater city
27,MN,02728,Audubon city
27,MN,02872,Aurora city
27,MN,02908,Austin city
27,MN,03052,Avoca city
27,MN,03070,Avon city
27,MN,03106,Babbitt city
27,MN,03124,Backus city
27,MN,03160,Badger city
27,MN,03196,Bagley city
27,MN,03214,Baker CDP
27,MN,03250,Balaton city
27,MN,03376,Ball Club CDP
27,MN,03574,Barnesville city
27,MN,03628,Barnum city
27,MN,03682,Barrett city
27,MN,03718,Barry city
27,MN,03970,Battle Lake city
27,MN,04024,Baudette city
27,MN,04042,Baxter city
27,MN,04114,Bayport city
27,MN,04204,Beardsley city
27,MN,04348,Beaulieu CDP
27,MN,04456,Beaver Bay city
27,MN,04492,Beaver Creek city
27,MN,04618,Becker city
27,MN,04672,Bejou city
27,MN,04762,Belgrade city
27,MN,04798,Bellechester city
27,MN,04834,Belle Plaine city
27,MN,04960,Bellingham city
27,MN,05014,Beltrami city
27,MN,05050,Belview city
27,MN,05068,Bemidji city
27,MN,05104,Bena city
27,MN,05212,Benson city
27,MN,05482,Bertha city
27,MN,05554,Bethel city
27,MN,05644,Bigelow city
27,MN,05680,Big Falls city
27,MN,05698,Bigfork city
27,MN,05744,Big Lake CDP
27,MN,05752,Big Lake city
27,MN,05896,Bingham Lake city
27,MN,06058,Birchwood Village city
27,MN,06076,Bird Island city
27,MN,06112,Biscay city
27,MN,06148,Biwabik city
27,MN,06256,Blackduck city
27,MN,06382,Blaine city
27,MN,06490,Blomkest city
27,MN,06580,Blooming Prairie city
27,MN,06616,Bloomington city
27,MN,06688,Blue Earth city
27,MN,06778,Bluffton city
27,MN,06814,Bock city
27,MN,07030,Borup city
27,MN,07048,Bovey city
27,MN,07066,Bowlus city
27,MN,07138,Boyd city
27,MN,07174,Boy River city
27,MN,07282,Braham city
27,MN,07300,Brainerd city
27,MN,07336,Brandon city
27,MN,07462,Breckenridge city
27,MN,07516,Breezy Point city
27,MN,07660,Brewster city
27,MN,07678,Bricelyn city
27,MN,07948,Brooklyn Center city
27,MN,07966,Brooklyn Park city
27,MN,07984,Brook Park city
27,MN,08038,Brooks city
27,MN,08056,Brookston city
27,MN,08092,Brooten city
27,MN,08110,Browerville city
27,MN,08164,Brownsdale city
27,MN,08200,Browns Valley city
27,MN,08218,Brownsville city
27,MN,08254,Brownton city
27,MN,08290,Bruno city
27,MN,08416,Buckman city
27,MN,08452,Buffalo city
27,MN,08488,Buffalo Lake city
27,MN,08524,Buhl city
27,MN,08794,Burnsville city
27,MN,08902,Burtrum city
27,MN,08992,Butterfield city
27,MN,09154,Byron city
27,MN,09226,Caledonia city
27,MN,09280,Callaway city
27,MN,09316,Calumet city
27,MN,09370,Cambridge city
27,MN,09496,Campbell city
27,MN,09604,Canby city
27,MN,09730,Cannon Falls city
27,MN,09802,Canton city
27,MN,09964,Carlos city
27,MN,10018,Carlton city
27,MN,10144,Carver city
27,MN,10252,Cass Lake city
27,MN,10468,Cedar Mills city
27,MN,10576,Center City city
27,MN,10648,Centerville city
27,MN,10792,Ceylon city
27,MN,10846,Champlin city
27,MN,10900,Chandler city
27,MN,10918,Chanhassen city
27,MN,10972,Chaska city
27,MN,11008,Chatfield city
27,MN,11296,Chickamaw Beach city
27,MN,11350,Chisago City city
27,MN,11386,Chisholm city
27,MN,11440,Chokio city
27,MN,11494,Circle Pines city
27,MN,11548,Clara City city
27,MN,11566,Claremont city
27,MN,11602,Clarissa city
27,MN,11656,Clarkfield city
27,MN,11674,Clarks Grove city
27,MN,11746,Clearbrook city
27,MN,11764,Clear Lake city
27,MN,11800,Clearwater city
27,MN,11836,Clements city
27,MN,11872,Cleveland city
27,MN,11962,Climax city
27,MN,11980,Clinton city
27,MN,12088,Clitherall city
27,MN,12124,Clontarf city
27,MN,12160,Cloquet city
27,MN,12376,Coates city
27,MN,12394,Cobden city
27,MN,12412,Cohasset city
27,MN,12430,Cokato city
27,MN,12484,Cold Spring city
27,MN,12502,Coleraine city
27,MN,12664,Cologne city
27,MN,12700,Columbia Heights city
27,MN,12718,Columbus city
27,MN,12772,Comfrey city
27,MN,12862,Comstock city
27,MN,12952,Conger city
27,MN,13006,Cook city
27,MN,13114,Coon Rapids city
27,MN,13168,Corcoran city
27,MN,13384,Correll city
27,MN,13420,Cosmos city
27,MN,13456,Cottage Grove city
27,MN,13564,Cottonwood city
27,MN,13582,Courtland city
27,MN,13708,Credit River city
27,MN,13780,Cromwell city
27,MN,13870,Crookston city
27,MN,13924,Crosby city
27,MN,13978,Crosslake city
27,MN,14054,Crown College CDP
27,MN,14158,Crystal city
27,MN,14320,Currie city
27,MN,14428,Cuyuna city
27,MN,14446,Cyrus city
27,MN,14518,Dakota city
27,MN,14626,Dalton city
27,MN,14716,Danube city
27,MN,14734,Danvers city
27,MN,14770,Darfur city
27,MN,14842,Darwin city
27,MN,14878,Dassel city
27,MN,14968,Dawson city
27,MN,15022,Dayton city
27,MN,15148,Deephaven city
27,MN,15184,Deer Creek city
27,MN,15310,Deer River city
27,MN,15346,Deerwood city
27,MN,15418,De Graff city
27,MN,15454,Delano city
27,MN,15472,Delavan city
27,MN,15544,Delhi city
27,MN,15616,Dellwood city
27,MN,15670,Denham city
27,MN,15706,Dennison city
27,MN,15724,Dent city
27,MN,15832,Detroit Lakes city
27,MN,15886,Dexter city
27,MN,15976,Dilworth city
27,MN,15994,Dodge Center city
27,MN,16030,Donaldson city
27,MN,16084,Donnelly city
27,MN,16156,Doran city
27,MN,16264,Dover city
27,MN,16300,Dovray city
27,MN,16390,Dresbach CDP
27,MN,17000,Duluth city
27,MN,17090,Dumont city
27,MN,17126,Dundas city
27,MN,17144,Dundee city
27,MN,17180,Dunnell city
27,MN,17288,Eagan city
27,MN,17342,Eagle Bend city
27,MN,17378,Eagle Lake city
27,MN,17486,East Bethel city
27,MN,17612,East Grand Forks city
27,MN,17630,East Gull Lake city
27,MN,17738,Easton city
27,MN,17882,Ebro CDP
27,MN,17900,Echo city
27,MN,18116,Eden Prairie city
27,MN,18134,Eden Valley city
27,MN,18152,Edgerton city
27,MN,18188,Edina city
27,MN,18260,Effie city
27,MN,18368,Eitzen city
27,MN,18386,Elba city
27,MN,18440,Elbow Lake CDP
27,MN,18458,Elbow Lake city
27,MN,18530,Elgin city
27,MN,18566,Elizabeth city
27,MN,18662,Elko New Market city
27,MN,18674,Elk River city
27,MN,18728,Elkton city
27,MN,18746,Ellendale city
27,MN,18836,Ellsworth city
27,MN,18872,Elmdale city
27,MN,18998,Elmore city
27,MN,19088,Elrosa city
27,MN,19142,Ely city
27,MN,19160,Elysian city
27,MN,19286,Emily city
27,MN,19340,Emmons city
27,MN,19556,Erhard city
27,MN,19700,Erskine city
27,MN,19718,Esko CDP
27,MN,19754,Essig CDP
27,MN,19880,Evan city
27,MN,19898,Evansville city
27,MN,19934,Eveleth city
27,MN,20078,Excelsior city
27,MN,20114,Eyota city
27,MN,20222,Fairfax city
27,MN,20276,Fairhaven CDP
27,MN,20330,Fairmont city
27,MN,20420,Falcon Heights city
27,MN,20546,Faribault city
27,MN,20618,Farmington city
27,MN,20690,Farwell city
27,MN,20798,Federal Dam city
27,MN,20834,Felton city
27,MN,20906,Fergus Falls city
27,MN,20978,Fertile city
27,MN,21032,Fifty Lakes city
27,MN,21104,Finland CDP
27,MN,21122,Finlayson city
27,MN,21158,Fisher city
27,MN,21196,Fish Lake CDP
27,MN,21266,Flensburg city
27,MN,21338,Floodwood city
27,MN,21410,Florence city
27,MN,21536,Foley city
27,MN,21608,Forada city
27,MN,21770,Forest Lake city
27,MN,21824,Foreston city
27,MN,21932,Fort Ripley city
27,MN,21986,Fosston city
27,MN,22094,Fountain city
27,MN,22202,Foxhome city
27,MN,22364,Franklin city
27,MN,22472,Frazee city
27,MN,22526,Freeborn city
27,MN,22652,Freeport city
27,MN,22814,Fridley city
27,MN,22904,Frontenac CDP
27,MN,22940,Frost city
27,MN,22958,Fulda city
27,MN,22976,Funkley city
27,MN,23084,Garden City CDP
27,MN,23120,Garfield city
27,MN,23192,Garrison city
27,MN,23228,Garvin city
27,MN,23246,Gary city
27,MN,23300,Gaylord city
27,MN,23318,Gem Lake city
27,MN,23354,Geneva city
27,MN,23444,Genola city
27,MN,23498,Georgetown city
27,MN,23660,Ghent city
27,MN,23678,Gibbon city
27,MN,23714,Gilbert city
27,MN,23804,Gilman city
27,MN,23948,Glencoe city
27,MN,24056,Glenville city
27,MN,24074,Glenwood city
27,MN,24182,Glyndon city
27,MN,24308,Golden Valley city
27,MN,24344,Gonvick city
27,MN,24398,Goodhue city
27,MN,24434,Goodland CDP
27,MN,24470,Goodridge city
27,MN,24506,Good Thunder city
27,MN,24524,Goodview city
27,MN,24758,Graceville city
27,MN,24884,Granada city
27,MN,24992,Grand Marais city
27,MN,25010,Grand Meadow city
27,MN,25118,Grand Rapids city
27,MN,25280,Granite Falls city
27,MN,25334,Grant city
27,MN,25424,Grasston city
27,MN,25604,Greenbush city
27,MN,25622,Greenfield city
27,MN,25658,Green Isle city
27,MN,25874,Greenwald city
27,MN,25918,Greenwood city
27,MN,26000,Grey Eagle city
27,MN,26126,Grove City city
27,MN,26216,Grygla city
27,MN,26270,Gully city
27,MN,26378,Hackensack city
27,MN,26450,Hadley city
27,MN,26576,Hallock city
27,MN,26612,Halma city
27,MN,26630,Halstad city
27,MN,26666,Hamburg city
27,MN,26738,Ham Lake city
27,MN,26828,Hammond city
27,MN,26864,Hampton city
27,MN,26936,Hancock city
27,MN,26972,Hanley Falls city
27,MN,26990,Hanover city
27,MN,27008,Hanska city
27,MN,27098,Harding city
27,MN,27116,Hardwick city
27,MN,27188,Harmony city
27,MN,27278,Harris city
27,MN,27404,Hartland city
27,MN,27530,Hastings city
27,MN,27566,Hatfield city
27,MN,27746,Hawley city
27,MN,27872,Hayfield city
27,MN,27944,Hayward city
27,MN,28016,Hazel Run city
27,MN,28124,Hector city
27,MN,28214,Heidelberg city
27,MN,28394,Henderson city
27,MN,28430,Hendricks city
27,MN,28484,Hendrum city
27,MN,28520,Henning city
27,MN,28574,Henriette city
27,MN,28646,Herman city
27,MN,28682,Hermantown city
27,MN,28700,Heron Lake city
27,MN,28754,Hewitt city
27,MN,28790,Hibbing city
27,MN,28862,High Forest CDP
27,MN,29096,Hill City city
27,MN,29150,Hillman city
27,MN,29204,Hills city
27,MN,29258,Hilltop city
27,MN,29294,Hinckley city
27,MN,29402,Hitterdal city
27,MN,29474,Hoffman city
27,MN,29510,Hokah city
27,MN,29582,Holdingford city
27,MN,29618,Holland city
27,MN,29636,Hollandale city
27,MN,29672,Holloway city
27,MN,29870,Holt city
27,MN,30014,Homer CDP
27,MN,30140,Hopkins city
27,MN,30230,Houston city
27,MN,30284,Howard Lake city
27,MN,30302,Hoyt Lakes city
27,MN,30320,Hubbard CDP
27,MN,30392,Hugo city
27,MN,30446,Humboldt city
27,MN,30644,Hutchinson city
27,MN,30806,Ihlen city
27,MN,30842,Independence city
27,MN,30950,Inger CDP
27,MN,31040,International Falls city
27,MN,31076,Inver Grove Heights city
27,MN,31094,Iona city
27,MN,31238,Iron Junction city
27,MN,31274,Ironton city
27,MN,31328,Isanti city
27,MN,31472,Isle city
27,MN,31526,Ivanhoe city
27,MN,31562,Jackson city
27,MN,31706,Janesville city
27,MN,31760,Jasper city
27,MN,31796,Jeffers city
27,MN,31832,Jenkins city
27,MN,32012,Johnson city
27,MN,32174,Jordan city
27,MN,32372,Kandiyohi city
27,MN,32444,Karlstad city
27,MN,32462,Kasota city
27,MN,32498,Kasson city
27,MN,32570,Keewatin city
27,MN,32606,Kelliher city
27,MN,32642,Kellogg city
27,MN,32732,Kennedy city
27,MN,32750,Kenneth city
27,MN,32768,Kensington city
27,MN,32786,Kent city
27,MN,32840,Kenyon city
27,MN,32876,Kerkhoven city
27,MN,32912,Kerrick city
27,MN,32966,Kettle River city
27,MN,33056,Kiester city
27,MN,33110,Kilkenny city
27,MN,33164,Kimball city
27,MN,33236,Kinbrae city
27,MN,33344,Kingston city
27,MN,33416,Kinney city
27,MN,33578,Knife River CDP
27,MN,33866,La Crescent city
27,MN,33920,Lafayette city
27,MN,34100,Lake Benton city
27,MN,34136,Lake Bronson city
27,MN,34172,Lake City city
27,MN,34190,Lake Crystal city
27,MN,34244,Lake Elmo city
27,MN,34316,Lakefield city
27,MN,34370,Lake George CDP
27,MN,34478,Lake Henry city
27,MN,34622,Lakeland city
27,MN,34658,Lakeland Shores city
27,MN,34676,Lake Lillian city
27,MN,34784,Lake Park city
27,MN,34865,Lake St. Croix Beach city
27,MN,34928,Lake Shore city
27,MN,35180,Lakeville city
27,MN,35198,Lake Wilson city
27,MN,35288,Lamberton city
27,MN,35378,Lancaster city
27,MN,35414,Landfall city
27,MN,35450,Lanesboro city
27,MN,35558,Lansing CDP
27,MN,35612,Laporte city
27,MN,35648,La Prairie city
27,MN,35702,La Salle city
27,MN,35720,Lastrup city
27,MN,35738,Lauderdale city
27,MN,36134,Le Center city
27,MN,36404,Lengby city
27,MN,36494,Leonard city
27,MN,36530,Leonidas city
27,MN,36548,Leota CDP
27,MN,36620,Le Roy city
27,MN,36728,Lester Prairie city
27,MN,36746,Le Sueur city
27,MN,36800,Lewiston city
27,MN,36818,Lewisville city
27,MN,36836,Lexington city
27,MN,37016,Lilydale city
27,MN,37304,Lindstrom city
27,MN,37322,Lino Lakes city
27,MN,37412,Lismore city
27,MN,37448,Litchfield city
27,MN,37502,Little Canada city
27,MN,37556,Little Falls city
27,MN,37592,Littlefork city
27,MN,37656,Little Rock CDP
27,MN,37970,Long Beach city
27,MN,38006,Long Lake city
27,MN,38060,Long Prairie city
27,MN,38114,Longville city
27,MN,38150,Lonsdale city
27,MN,38222,Loretto city
27,MN,38258,Louisburg city
27,MN,38366,Lowry city
27,MN,38420,Lucan city
27,MN,38546,Lutsen CDP
27,MN,38564,Luverne city
27,MN,38654,Lyle city
27,MN,38708,Lynd city
27,MN,38888,Mabel city
27,MN,38996,McGrath city
27,MN,39014,McGregor city
27,MN,39050,McIntosh city
27,MN,39140,McKinley city
27,MN,39230,Madelia city
27,MN,39266,Madison city
27,MN,39320,Madison Lake city
27,MN,39338,Magnolia city
27,MN,39392,Mahnomen city
27,MN,39394,Mahnomen CDP
27,MN,39428,Mahtomedi city
27,MN,39446,Mahtowa CDP
27,MN,39716,Manchester city
27,MN,39806,Manhattan Beach city
27,MN,39878,Mankato city
27,MN,39986,Mantorville city
27,MN,40166,Maple Grove city
27,MN,40220,Maple Lake city
27,MN,40256,Maple Plain city
27,MN,40310,Mapleton city
27,MN,40346,Mapleview city
27,MN,40382,Maplewood city
27,MN,40418,Marble city
27,MN,40526,Marietta city
27,MN,40562,Marine on St. Croix city
27,MN,40598,Marion CDP
27,MN,40688,Marshall city
27,MN,40814,Martin Lake CDP
27,MN,41138,Mayer city
27,MN,41210,Maynard city
27,MN,41282,Mazeppa city
27,MN,41372,Meadowlands city
27,MN,41426,Medford city
27,MN,41462,Medicine Lake city
27,MN,41480,Medina city
27,MN,41534,Meire Grove city
27,MN,41570,Melrose city
27,MN,41660,Menahga city
27,MN,41678,Mendota city
27,MN,41696,Mendota Heights city
27,MN,41714,Mentor city
27,MN,41804,Merrifield CDP
27,MN,41912,Middle River city
27,MN,42010,Midway CDP
27,MN,42092,Miesville city
27,MN,42110,Milaca city
27,MN,42146,Milan city
27,MN,42254,Millerville city
27,MN,42290,Millville city
27,MN,42362,Milroy city
27,MN,42398,Miltona city
27,MN,43000,Minneapolis city
27,MN,43036,Minneiska city
27,MN,43126,Minneota city
27,MN,43144,Minnesota City city
27,MN,43198,Minnesota Lake city
27,MN,43252,Minnetonka city
27,MN,43270,Minnetonka Beach city
27,MN,43306,Minnetrista city
27,MN,43540,Mizpah city
27,MN,43720,Montevideo city
27,MN,43738,Montgomery city
27,MN,43774,Monticello city
27,MN,43810,Montrose city
27,MN,43864,Moorhead city
27,MN,43954,Moose Lake city
27,MN,44044,Mora city
27,MN,44116,Morgan city
27,MN,44242,Morris city
27,MN,44296,Morristown city
27,MN,44368,Morton city
27,MN,44422,Motley city
27,MN,44476,Mound city
27,MN,44530,Mounds View city
27,MN,44548,Mountain Iron city
27,MN,44566,Mountain Lake city
27,MN,44818,Murdock city
27,MN,44890,Myrtle city
27,MN,44944,Nashua city
27,MN,44980,Nashwauk city
27,MN,45016,Nassau city
27,MN,45052,Naytahwaush CDP
27,MN,45106,Nelson city
27,MN,45196,Nerstrand city
27,MN,45279,Nett Lake CDP
27,MN,45340,Nevis city
27,MN,45376,New Auburn city
27,MN,45430,New Brighton city
27,MN,45520,Newfolden city
27,MN,45556,New Germany city
27,MN,45628,New Hope city
27,MN,45682,New London city
27,MN,45772,New Munich city
27,MN,45790,Newport city
27,MN,45808,New Prague city
27,MN,45862,New Richland city
27,MN,46024,New Trier city
27,MN,46042,New Ulm city
27,MN,46060,New York Mills city
27,MN,46150,Nicollet city
27,MN,46258,Nielsville city
27,MN,46294,Nimrod city
27,MN,46348,Nisswa city
27,MN,46492,Norcross city
27,MN,46798,North Branch city
27,MN,46924,Northfield city
27,MN,47068,North Mankato city
27,MN,47104,North Oaks city
27,MN,47122,Northome city
27,MN,47212,Northrop city
27,MN,47221,North St. Paul city
27,MN,47520,Norwood Young America city
27,MN,47536,Nowthen city
27,MN,47680,Oakdale city
27,MN,47690,Oak Grove city
27,MN,47914,Oak Park Heights city
27,MN,48058,Odessa city
27,MN,48094,Odin city
27,MN,48130,Ogema city
27,MN,48166,Ogilvie city
27,MN,48184,Okabena city
27,MN,48202,Oklee city
27,MN,48256,Olivia city
27,MN,48310,Onamia city
27,MN,48562,Ormsby city
27,MN,48580,Orono city
27,MN,48598,Oronoco city
27,MN,48634,Orr city
27,MN,48706,Ortonville city
27,MN,48760,Osage CDP
27,MN,48796,Osakis city
27,MN,48976,Oslo city
27,MN,49012,Osseo city
27,MN,49030,Ostrander city
27,MN,49138,Otsego city
27,MN,49210,Ottertail city
27,MN,49300,Owatonna city
27,MN,49498,Palisade city
27,MN,49732,Parkers Prairie city
27,MN,49768,Park Rapids city
27,MN,49966,Paynesville city
27,MN,50056,Pease city
27,MN,50164,Pelican Rapids city
27,MN,50200,Pemberton city
27,MN,50344,Pennock city
27,MN,50416,Pequot Lakes city
27,MN,50470,Perham city
27,MN,50506,Perley city
27,MN,50596,Peterson city
27,MN,50740,Pickwick CDP
27,MN,50776,Pierz city
27,MN,50902,Pillager city
27,MN,51028,Pine Bend CDP
27,MN,51064,Pine City city
27,MN,51136,Pine Island city
27,MN,51234,Pine Point CDP
27,MN,51280,Pine River city
27,MN,51316,Pine Springs city
27,MN,51388,Pipestone city
27,MN,51424,Plainview city
27,MN,51460,Plato city
27,MN,51712,Plummer city
27,MN,51730,Plymouth city
27,MN,51892,Ponemah CDP
27,MN,52144,Porter city
27,MN,52450,Preston city
27,MN,52522,Princeton city
27,MN,52558,Prinsburg city
27,MN,52594,Prior Lake city
27,MN,52630,Proctor city
27,MN,52756,Quamba city
27,MN,52882,Racine city
27,MN,53026,Ramsey city
27,MN,53080,Randall city
27,MN,53098,Randolph city
27,MN,53134,Ranier city
27,MN,53296,Raymond city
27,MN,53386,Redby CDP
27,MN,53458,Red Lake CDP
27,MN,53476,Red Lake Falls city
27,MN,53620,Red Wing city
27,MN,53656,Redwood Falls city
27,MN,53710,Regal city
27,MN,53782,Remer city
27,MN,53890,Renville city
27,MN,53908,Revere city
27,MN,53998,Rice city
27,MN,54056,Rice Lake CDP
27,MN,54060,Rice Lake city
27,MN,54214,Richfield city
27,MN,54268,Richmond city
27,MN,54340,Richville city
27,MN,54596,Riverland CDP
27,MN,54736,Riverton city
27,MN,54808,Robbinsdale city
27,MN,54880,Rochester city
27,MN,54934,Rock Creek city
27,MN,55006,Rockford city
27,MN,55078,Rockville city
27,MN,55186,Rogers city
27,MN,55276,Rollingstone city
27,MN,55366,Ronneby CDP
27,MN,55438,Roosevelt city
27,MN,55510,Roscoe city
27,MN,55546,Roseau city
27,MN,55600,Rose Creek city
27,MN,55726,Rosemount city
27,MN,55852,Roseville city
27,MN,56014,Rothsay city
27,MN,56086,Round Lake city
27,MN,56176,Royalton city
27,MN,56212,Roy Lake CDP
27,MN,56266,Rush City city
27,MN,56284,Rushford city
27,MN,56302,Rushford Village city
27,MN,56338,Rushmore city
27,MN,56428,Russell city
27,MN,56482,Ruthton city
27,MN,56518,Rutledge city
27,MN,56554,Sabin city
27,MN,56572,Sacred Heart city
27,MN,56680,St. Anthony city (Hennepin and Ramsey Counties)
27,MN,56698,St. Anthony city (Stearns County)
27,MN,56724,St. Augusta city
27,MN,56770,St. Bonifacius city
27,MN,56788,St. Charles city
27,MN,56824,St. Clair city
27,MN,56896,St. Cloud city
27,MN,56950,St. Francis city
27,MN,57022,St. Hilaire city
27,MN,57040,St. James city
27,MN,57094,St. John's University CDP
27,MN,57130,St. Joseph city
27,MN,57202,St. Leo city
27,MN,57220,St. Louis Park city
27,MN,57238,St. Martin city
27,MN,57292,St. Marys Point city
27,MN,57346,St. Michael city
27,MN,58000,St. Paul city
27,MN,58018,St. Paul Park city
27,MN,58036,St. Peter city
27,MN,58072,St. Rosa city
27,MN,58090,St. Stephen city
27,MN,58144,St. Vincent city
27,MN,58306,Sanborn city
27,MN,58396,Sandstone city
27,MN,58576,Sargeant city
27,MN,58612,Sartell city
27,MN,58648,Sauk Centre city
27,MN,58684,Sauk Rapids city
27,MN,58738,Savage city
27,MN,58900,Scandia city
27,MN,58936,Scanlon city
27,MN,59098,Seaforth city
27,MN,59116,Searles CDP
27,MN,59152,Sebeka city
27,MN,59188,Sedan city
27,MN,59314,Shafer city
27,MN,59350,Shakopee city
27,MN,59566,Shelly city
27,MN,59620,Sherburn city
27,MN,59782,Shevlin city
27,MN,59998,Shoreview city
27,MN,60016,Shorewood city
27,MN,60250,Silver Bay city
27,MN,60322,Silver Creek CDP
27,MN,60376,Silver Lake city
27,MN,60754,Skyline city
27,MN,60808,Slayton city
27,MN,60844,Sleepy Eye city
27,MN,61006,Sobieski city
27,MN,61114,Solway city
27,MN,61204,Soudan CDP
27,MN,61340,South End CDP
27,MN,61402,South Haven city
27,MN,61492,South St. Paul city
27,MN,61690,Spicer city
27,MN,61816,Springfield city
27,MN,61852,Spring Grove city
27,MN,61888,Spring Hill city
27,MN,61996,Spring Lake Park city
27,MN,62014,Spring Park city
27,MN,62104,Spring Valley city
27,MN,62284,Squaw Lake city
27,MN,62320,Stacy city
27,MN,62356,Stanchfield CDP
27,MN,62446,Staples city
27,MN,62500,Starbuck city
27,MN,62662,Steen city
27,MN,62698,Stephen city
27,MN,62788,Stewart city
27,MN,62806,Stewartville city
27,MN,62824,Stillwater city
27,MN,62896,Stockton city
27,MN,63022,Storden city
27,MN,63112,Strandquist city
27,MN,63130,Strathcona city
27,MN,63220,Sturgeon Lake city
27,MN,63454,Sunburg city
27,MN,63544,Sunfish Lake city
27,MN,63778,Swanville city
27,MN,64048,Taconite city
27,MN,64156,Tamarack city
27,MN,64210,Taopi city
27,MN,64264,Taunton city
27,MN,64318,Taylors Falls city
27,MN,64444,Tenstrike city
27,MN,64543,The Lakes CDP
27,MN,64547,The Ranch CDP
27,MN,64570,Thief River Falls city
27,MN,64948,Tintah city
27,MN,65164,Tonka Bay city
27,MN,65272,Tower city
27,MN,65308,Tracy city
27,MN,65344,Trail city
27,MN,65470,Trimont city
27,MN,65506,Trommald city
27,MN,65542,Trosky city
27,MN,65668,Truman city
27,MN,65794,Turtle River city
27,MN,65920,Twin Lakes city
27,MN,65927,Twin Lakes CDP
27,MN,65938,Twin Valley city
27,MN,65956,Two Harbors city
27,MN,66046,Tyler city
27,MN,66136,Ulen city
27,MN,66172,Underwood city
27,MN,66334,Upsala city
27,MN,66388,Urbank city
27,MN,66424,Utica city
27,MN,66460,Vadnais Heights city
27,MN,66766,Vergas city
27,MN,66802,Vermillion city
27,MN,66874,Verndale city
27,MN,66910,Vernon Center city
27,MN,66982,Vesta city
27,MN,67036,Victoria city
27,MN,67090,Viking city
27,MN,67144,Villard city
27,MN,67180,Vineland CDP
27,MN,67216,Vining city
27,MN,67288,Virginia city
27,MN,67378,Wabasha city
27,MN,67396,Wabasso city
27,MN,67432,Waconia city
27,MN,67504,Wadena city
27,MN,67558,Wahkon city
27,MN,67612,Waite Park city
27,MN,67756,Waldorf city
27,MN,67792,Walker city
27,MN,67846,Walnut Grove city
27,MN,67900,Walters city
27,MN,67918,Waltham city
27,MN,67972,Wanamingo city
27,MN,68008,Wanda city
27,MN,68080,Warba city
27,MN,68170,Warren city
27,MN,68224,Warroad city
27,MN,68260,Warsaw CDP
27,MN,68296,Waseca city
27,MN,68548,Watertown city
27,MN,68584,Waterville city
27,MN,68620,Watkins city
27,MN,68656,Watson city
27,MN,68674,Waubun city
27,MN,68764,Waverly city
27,MN,68818,Wayzata city
27,MN,69070,Welcome city
27,MN,69106,Wells city
27,MN,69142,Wendell city
27,MN,69250,Westbrook city
27,MN,69304,West Concord city
27,MN,69628,Westport city
27,MN,69690,West Roy Lake CDP
27,MN,69700,West St. Paul city
27,MN,69736,West Union city
27,MN,69808,Whalan city
27,MN,69844,Wheaton city
27,MN,69880,Whipholt CDP
27,MN,69970,White Bear Lake city
27,MN,70006,White Earth CDP
27,MN,70258,Wilder city
27,MN,70366,Willernie city
27,MN,70402,Williams city
27,MN,70420,Willmar city
27,MN,70492,Willow River city
27,MN,70582,Wilmont city
27,MN,70708,Wilton city
27,MN,70798,Windom city
27,MN,70870,Winger city
27,MN,70924,Winnebago city
27,MN,71032,Winona city
27,MN,71086,Winsted city
27,MN,71122,Winthrop city
27,MN,71140,Winton city
27,MN,71338,Wolf Lake city
27,MN,71392,Wolverton city
27,MN,71428,Woodbury city
27,MN,71446,Wood Lake city
27,MN,71500,Woodland city
27,MN,71680,Woodstock city
27,MN,71734,Worthington city
27,MN,71788,Wrenshall city
27,MN,71824,Wright city
27,MN,71950,Wykoff city
27,MN,72022,Wyoming city
27,MN,72184,Zemple city
27,MN,72238,Zimmerman city
27,MN,72310,Zumbro Falls city
27,MN,72328,Zumbrota city
28,MS,00100,Abbeville town
28,MS,00180,Aberdeen city
28,MS,00300,Ackerman town
28,MS,00460,Agricola CDP
28,MS,00680,Alcorn State University CDP
28,MS,00820,Algoma town
28,MS,00940,Alligator town
28,MS,01260,Amory city
28,MS,01500,Anguilla town
28,MS,01820,Arcola town
28,MS,01940,Arkabutla CDP
28,MS,02060,Arnold Line CDP
28,MS,02100,Artesia town
28,MS,02140,Ashland town
28,MS,02380,Austin CDP
28,MS,02700,Baldwyn city
28,MS,03580,Bassfield town
28,MS,03620,Batesville city
28,MS,03940,Baxterville CDP
28,MS,03980,Bay St. Louis city
28,MS,04060,Bay Springs city
28,MS,04500,Beaumont town
28,MS,04540,Beauregard village
28,MS,04705,Beechwood CDP
28,MS,05100,Belmont town
28,MS,05140,Belzoni city
28,MS,05180,Benndale CDP
28,MS,05220,Benoit town
28,MS,05340,Benton CDP
28,MS,05380,Bentonia town
28,MS,05780,Bethlehem CDP
28,MS,05820,Beulah town
28,MS,06060,Big Creek village
28,MS,06100,Biggersville CDP
28,MS,06180,Big Point CDP
28,MS,06220,Biloxi city
28,MS,07060,Blue Mountain town
28,MS,07100,Blue Springs village
28,MS,07220,Bobo CDP
28,MS,07322,Bogue Chitto CDP (Lincoln County)
28,MS,07330,Bogue Chitto CDP (Kemper and Neshoba Counties)
28,MS,07460,Bolivar CDP
28,MS,07540,Bolton town
28,MS,07620,Bond CDP
28,MS,07780,Booneville city
28,MS,07900,Bovina CDP
28,MS,08180,Boyle town
28,MS,08300,Brandon city
28,MS,08460,Braxton village
28,MS,08655,Bridgetown CDP
28,MS,08820,Brookhaven city
28,MS,08980,Brooksville town
28,MS,09180,Bruce town
28,MS,09380,Buckatunna CDP
28,MS,09460,Bude town
28,MS,09820,Burnsville town
28,MS,10060,Byhalia town
28,MS,10140,Byram city
28,MS,10460,Caledonia town
28,MS,10580,Calhoun City town
28,MS,11100,Canton city
28,MS,11580,Carrollton town
28,MS,11780,Carthage city
28,MS,11820,Cary town
28,MS,12740,Centreville town
28,MS,12780,Chalybeate CDP
28,MS,12900,Charleston city
28,MS,13580,Chunky town
28,MS,13700,Clara CDP
28,MS,13820,Clarksdale city
28,MS,14140,Cleary CDP
28,MS,14260,Cleveland city
28,MS,14420,Clinton city
28,MS,14540,Cloverdale CDP
28,MS,14580,Coahoma town
28,MS,14740,Coffeeville town
28,MS,14900,Coldwater town
28,MS,15140,Collins city
28,MS,15180,Collinsville CDP
28,MS,15340,Columbia city
28,MS,15380,Columbus city
28,MS,15420,Columbus AFB CDP
28,MS,15500,Como town
28,MS,15540,Conehatta CDP
28,MS,15700,Corinth city
28,MS,15980,Courtland town
28,MS,16420,Crawford town
28,MS,16460,Crenshaw town
28,MS,16620,Crosby town
28,MS,16940,Crowder town
28,MS,16980,Cruger town
28,MS,17060,Crystal Springs city
28,MS,17700,Darling CDP
28,MS,18180,Decatur town
28,MS,18340,De Kalb town
28,MS,18420,DeLisle CDP
28,MS,18500,Delta City CDP
28,MS,18700,Dennis CDP
28,MS,18940,Derma town
28,MS,18980,De Soto CDP
28,MS,19100,Diamondhead city
28,MS,19180,D'Iberville city
28,MS,19340,D'Lo town
28,MS,19420,Doddsville town
28,MS,20020,Drew city
28,MS,20220,Dublin CDP
28,MS,20260,Duck Hill town
28,MS,20340,Dumas town
28,MS,20380,Duncan town
28,MS,20420,Dundee CDP
28,MS,20500,Durant city
28,MS,20610,Eagle Bend CDP
28,MS,20740,Eastabuchie CDP
28,MS,21340,Ecru town
28,MS,21420,Eden village
28,MS,21580,Edwards town
28,MS,21860,Elizabeth CDP
28,MS,21940,Elliott CDP
28,MS,22020,Ellisville city
28,MS,22580,Enterprise town
28,MS,22900,Escatawpa CDP
28,MS,23220,Ethel town
28,MS,23340,Eudora CDP
28,MS,23420,Eupora city
28,MS,24180,Falcon town
28,MS,24220,Falkner town
28,MS,24420,Farmington town
28,MS,24460,Farrell CDP
28,MS,24500,Fayette city
28,MS,24740,Fernwood CDP
28,MS,24940,Flora town
28,MS,24980,Florence city
28,MS,25100,Flowood city
28,MS,25340,Forest city
28,MS,25740,Foxworth CDP
28,MS,26020,French Camp town
28,MS,26060,Friars Point town
28,MS,26300,Fulton city
28,MS,26780,Gattman village
28,MS,26860,Gautier city
28,MS,26980,Georgetown town
28,MS,27540,Glen town
28,MS,27580,Glen Allan CDP
28,MS,27620,Glendale CDP
28,MS,27660,Glendora village
28,MS,27820,Gloster town
28,MS,27900,Gluckstadt city
28,MS,27940,Golden town
28,MS,28220,Goodman town
28,MS,28500,Grace CDP
28,MS,29180,Greenville city
28,MS,29340,Greenwood city
28,MS,29460,Grenada city
28,MS,29620,Gulf Hills CDP
28,MS,29660,Gulf Park Estates CDP
28,MS,29700,Gulfport city
28,MS,29900,Gunnison town
28,MS,29940,Guntown town
28,MS,30220,Hamilton CDP
28,MS,30780,Harperville CDP
28,MS,30980,Hatley town
28,MS,31020,Hattiesburg city
28,MS,31220,Hazlehurst city
28,MS,31420,Heidelberg town
28,MS,31460,Helena CDP
28,MS,31540,Henderson Point CDP
28,MS,31740,Hermanville CDP
28,MS,31780,Hernando city
28,MS,31980,Hickory town
28,MS,32020,Hickory Flat town
28,MS,32110,Hide-A-Way Lake CDP
28,MS,32460,Hillsboro CDP
28,MS,32820,Holcomb CDP
28,MS,32900,Hollandale city
28,MS,33100,Holly Springs city
28,MS,33700,Horn Lake city
28,MS,33900,Houston city
28,MS,34340,Hurley CDP
28,MS,34700,Independence CDP
28,MS,34740,Indianola city
28,MS,35020,Inverness town
28,MS,35220,Isola town
28,MS,35260,Itta Bena city
28,MS,35300,Iuka city
28,MS,35340,Jacinto CDP
28,MS,36000,Jackson city
28,MS,36800,Jonestown town
28,MS,37040,Jumpertown town
28,MS,37190,Kearney Park CDP
28,MS,37560,Kilmichael town
28,MS,37600,Kiln CDP
28,MS,37840,Kirkville CDP
28,MS,38160,Kokomo CDP
28,MS,38320,Kosciusko city
28,MS,38360,Kossuth village
28,MS,38600,Lake town
28,MS,38910,Lakeview CDP
28,MS,39000,Lamar CDP
28,MS,39080,Lambert town
28,MS,39520,Latimer CDP
28,MS,39600,Lauderdale CDP
28,MS,39640,Laurel city
28,MS,39800,Leaf CDP
28,MS,39840,Leakesville town
28,MS,39880,Learned town
28,MS,40280,Leland city
28,MS,40360,Lena town
28,MS,40600,Lexington city
28,MS,40640,Liberty town
28,MS,41680,Long Beach city
28,MS,41960,Longview CDP
28,MS,42200,Louin town
28,MS,42240,Louise town
28,MS,42280,Louisville city
28,MS,42440,Lucedale city
28,MS,42600,Lula town
28,MS,42640,Lumberton city
28,MS,42800,Lyman CDP
28,MS,42840,Lynchburg CDP
28,MS,42960,Lyon town
28,MS,42980,Maben town
28,MS,43280,McComb city
28,MS,43400,McCool town
28,MS,43840,McLain town
28,MS,44240,Macon city
28,MS,44520,Madison city
28,MS,44600,Magee city
28,MS,44680,Magnolia city
28,MS,44920,Mantachie town
28,MS,44960,Mantee village
28,MS,45120,Marietta town
28,MS,45160,Marion town
28,MS,45240,Marks city
28,MS,45720,Mathiston town
28,MS,46000,Mayersville town
28,MS,46200,Meadville town
28,MS,46600,Mendenhall city
28,MS,46640,Meridian city
28,MS,46680,Meridian Station CDP
28,MS,46720,Merigold town
28,MS,46880,Metcalfe town
28,MS,48030,Mississippi State CDP
28,MS,48120,Mississippi Valley State University CDP
28,MS,48240,Mize town
28,MS,48560,Monticello town
28,MS,48640,Montrose town
28,MS,48720,Mooreville CDP
28,MS,48760,Moorhead city
28,MS,48800,Morgan City town
28,MS,48880,Morgantown CDP
28,MS,49080,Morton city
28,MS,49160,Moselle CDP
28,MS,49240,Moss Point city
28,MS,49320,Mound Bayou city
28,MS,49520,Mount Olive town
28,MS,49640,Mount Pleasant CDP
28,MS,50280,Myrtle town
28,MS,50440,Natchez city
28,MS,50720,Nellieburg CDP
28,MS,50880,Nettleton city
28,MS,51000,New Albany city
28,MS,51040,New Augusta town
28,MS,51240,New Hamilton CDP
28,MS,51360,New Hebron town
28,MS,51400,New Hope CDP
28,MS,51420,New Houlka town
28,MS,51680,New Site CDP
28,MS,51720,Newton city
28,MS,51840,Nicholson CDP
28,MS,51960,Nitta Yuma CDP
28,MS,52400,North Carrollton town
28,MS,52680,North Tunica CDP
28,MS,52880,Noxapater town
28,MS,53080,Oak Grove CDP
28,MS,53200,Oakland town
28,MS,53520,Ocean Springs city
28,MS,53680,Okolona city
28,MS,54040,Olive Branch city
28,MS,54640,Osyka town
28,MS,54680,Ovett CDP
28,MS,54840,Oxford city
28,MS,54920,Pace town
28,MS,54960,Pachuta town
28,MS,55000,Paden village
28,MS,55160,Panther Burn CDP
28,MS,55280,Paris CDP
28,MS,55360,Pascagoula city
28,MS,55400,Pass Christian city
28,MS,55560,Pattison CDP
28,MS,55760,Pearl city
28,MS,55920,Pearlington CDP
28,MS,55930,Pearl River CDP
28,MS,56200,Pelahatchie town
28,MS,56800,Petal city
28,MS,56920,Pheba CDP
28,MS,56960,Philadelphia city
28,MS,57160,Picayune city
28,MS,57200,Pickens town
28,MS,58360,Pittsboro village
28,MS,58440,Plantersville town
28,MS,58960,Polkville town
28,MS,59160,Pontotoc city
28,MS,59240,Pope village
28,MS,59480,Poplarville city
28,MS,59520,Porterville CDP
28,MS,59560,Port Gibson city
28,MS,59720,Potts Camp town
28,MS,59920,Prentiss town
28,MS,60360,Puckett village
28,MS,60480,Purvis city
28,MS,60720,Quitman city
28,MS,60840,Raleigh town
28,MS,60880,Randolph CDP
28,MS,61080,Rawls Springs CDP
28,MS,61160,Raymond city
28,MS,61240,Red Banks CDP
28,MS,61400,Redwater CDP
28,MS,61440,Redwood CDP
28,MS,61840,Rena Lara CDP
28,MS,61890,Renova town
28,MS,62400,Richland city
28,MS,62480,Richton town
28,MS,62520,Ridgeland city
28,MS,62560,Rienzi town
28,MS,62600,Ripley city
28,MS,62900,Robinhood CDP
28,MS,63560,Rolling Fork city
28,MS,63720,Rosedale city
28,MS,64080,Roxie town
28,MS,64200,Ruleville city
28,MS,64240,Runnelstown CDP
28,MS,64680,St. Martin CDP
28,MS,64800,Sallis town
28,MS,64840,Saltillo city
28,MS,64920,Sandersville town
28,MS,65560,Sardis town
28,MS,65680,Satartia village
28,MS,65720,Saucier CDP
28,MS,66080,Schlater town
28,MS,66160,Scooba town
28,MS,66240,Scott CDP
28,MS,66280,Sebastopol town
28,MS,66400,Seminary town
28,MS,66440,Senatobia city
28,MS,66720,Shannon town
28,MS,66840,Sharon CDP
28,MS,67000,Shaw city
28,MS,67040,Shelby city
28,MS,67200,Sherman town
28,MS,67520,Shubuta town
28,MS,67640,Shuqualak town
28,MS,67840,Sidon town
28,MS,67920,Silver City town
28,MS,67960,Silver Creek town
28,MS,68200,Skene CDP
28,MS,68320,Slate Springs village
28,MS,68400,Sledge town
28,MS,68720,Smithville town
28,MS,68960,Snow Lake Shores town
28,MS,69160,Soso town
28,MS,69280,Southaven city
28,MS,70120,Standing Pine CDP
28,MS,70240,Starkville city
28,MS,70320,State Line town
28,MS,70640,Stewart CDP
28,MS,70720,Stoneville CDP
28,MS,70760,Stonewall town
28,MS,71040,Strayhorn CDP
28,MS,71320,Sturgis town
28,MS,71480,Summit town
28,MS,71520,Sumner town
28,MS,71560,Sumrall town
28,MS,71600,Sunflower town
28,MS,72040,Sylvarena village
28,MS,72080,Symonds CDP
28,MS,72360,Taylor village
28,MS,72400,Taylorsville town
28,MS,72440,Tchula town
28,MS,72680,Terry town
28,MS,72760,Thaxton town
28,MS,73440,Tillatoba town
28,MS,73720,Tishomingo town
28,MS,73760,Toccopola town
28,MS,73880,Toomsuba CDP
28,MS,74400,Tremont town
28,MS,74675,Tucker CDP
28,MS,74720,Tula CDP
28,MS,74760,Tunica town
28,MS,74820,Tunica Resorts CDP
28,MS,74840,Tupelo city
28,MS,75040,Tutwiler town
28,MS,75160,Tylertown town
28,MS,75360,Union town
28,MS,75520,University CDP
28,MS,75760,Utica town
28,MS,75880,Vaiden town
28,MS,76040,Valley Park CDP
28,MS,76200,Vancleave CDP
28,MS,76240,Van Vleet CDP
28,MS,76320,Vardaman town
28,MS,76560,Verona city
28,MS,76720,Vicksburg city
28,MS,76760,Victoria CDP
28,MS,77080,Wade CDP
28,MS,77400,Walls town
28,MS,77480,Walnut town
28,MS,77520,Walnut Grove town
28,MS,77640,Walthall village
28,MS,77880,Waterford CDP
28,MS,78000,Water Valley city
28,MS,78200,Waveland city
28,MS,78360,Waynesboro city
28,MS,78480,Webb town
28,MS,78520,Weir town
28,MS,78640,Wesson town
28,MS,78680,West town
28,MS,78890,West Hattiesburg CDP
28,MS,79120,West Point city
28,MS,79280,Wheeler CDP
28,MS,79620,White Oak CDP
28,MS,80160,Wiggins city
28,MS,80760,Winona city
28,MS,80800,Winstonville town
28,MS,80840,Winterville CDP
28,MS,81000,Woodland village
28,MS,81120,Woodville town
28,MS,81520,Yazoo City city
29,MO,00244,Adrian city
29,MO,00262,Advance city
29,MO,00280,Affton CDP
29,MO,00298,Agency village
29,MO,00424,Airport Drive village
29,MO,00496,Alba city
29,MO,00514,Albany city
29,MO,00568,Aldrich village
29,MO,00604,Alexandria city
29,MO,00712,Allendale village
29,MO,00748,Allenville village
29,MO,00802,Alma city
29,MO,00910,Altamont village
29,MO,00928,Altenburg city
29,MO,00964,Alton city
29,MO,01018,Amazonia village
29,MO,01054,Amity town
29,MO,01072,Amoret city
29,MO,01090,Amsterdam city
29,MO,01198,Anderson city
29,MO,01252,Annada village
29,MO,01270,Annapolis city
29,MO,01288,Anniston town
29,MO,01522,Appleton City city
29,MO,01576,Arbela town
29,MO,01630,Arbyrd city
29,MO,01648,Arcadia city
29,MO,01702,Archie city
29,MO,01720,Arcola village
29,MO,01828,Argyle town
29,MO,01864,Arkoe town
29,MO,01954,Armstrong city
29,MO,01972,Arnold city
29,MO,02034,Arrow Point village
29,MO,02044,Arrow Rock town
29,MO,02098,Asbury city
29,MO,02152,Ashburn town
29,MO,02188,Ash Grove city
29,MO,02242,Ashland city
29,MO,02260,Ashley CDP
29,MO,02422,Atlanta city
29,MO,02512,Augusta town
29,MO,02530,Aullville village
29,MO,02548,Aurora city
29,MO,02584,Aurora Springs CDP
29,MO,02638,Auxvasse city
29,MO,02674,Ava city
29,MO,02692,Avalon CDP
29,MO,02746,Avilla town
29,MO,02800,Avondale city
29,MO,02962,Bagnell town
29,MO,03034,Baker village
29,MO,03052,Bakersfield village
29,MO,03124,Baldwin Park village
29,MO,03160,Ballwin city
29,MO,03322,Baring city
29,MO,03340,Barnard city
29,MO,03376,Barnett city
29,MO,03394,Barnhart CDP
29,MO,03556,Bates City city
29,MO,03592,Battlefield city
29,MO,04114,Bella Villa city
29,MO,04132,Bell City city
29,MO,04150,Belle city
29,MO,04222,Bellefontaine Neighbors city
29,MO,04248,Bellerive Acres city
29,MO,04330,Bellflower city
29,MO,04348,Bel-Nor village
29,MO,04366,Bel-Ridge village
29,MO,04384,Belton city
29,MO,04525,Bennett Springs CDP
29,MO,04798,Benton city
29,MO,04834,Benton City village
29,MO,04864,Bent Tree Harbor CDP
29,MO,04888,Berger city
29,MO,04906,Berkeley city
29,MO,04960,Bernie city
29,MO,04996,Bertrand city
29,MO,05068,Bethany city
29,MO,05104,Bethel village
29,MO,05248,Beverly Hills city
29,MO,05266,Bevier city
29,MO,05320,Biehle CDP
29,MO,05464,Bigelow village
29,MO,05495,Big Lake village
29,MO,05608,Big Spring CDP
29,MO,05626,Billings city
29,MO,05734,Birch Tree city
29,MO,05824,Birmingham village
29,MO,05878,Bismarck city
29,MO,05950,Blackburn city
29,MO,06004,Black Jack city
29,MO,06148,Blackwater city
29,MO,06238,Blairstown city
29,MO,06247,Blanchard CDP
29,MO,06256,Bland city
29,MO,06346,Blodgett village
29,MO,06382,Bloomfield city
29,MO,06454,Bloomsdale city
29,MO,06526,Blue Eye town
29,MO,06652,Blue Springs city
29,MO,06670,Blue Summit CDP
29,MO,06742,Blythedale village
29,MO,06832,Bogard city
29,MO,06922,Bolckow city
29,MO,06976,Bolivar city
29,MO,07102,Bonne Terre city
29,MO,07318,Boonville city
29,MO,07426,Bosworth city
29,MO,07534,Bourbon city
29,MO,07660,Bowling Green city
29,MO,07876,Bragg City town
29,MO,07948,Brandsville city
29,MO,07966,Branson city
29,MO,07989,Branson West city
29,MO,08002,Brashear city
29,MO,08038,Braymer city
29,MO,08128,Breckenridge city
29,MO,08164,Breckenridge Hills city
29,MO,08236,Brentwood city
29,MO,08272,Brewer CDP
29,MO,08294,Briarwood Estates CDP
29,MO,08398,Bridgeton city
29,MO,08470,Brimson village
29,MO,08614,Bronaugh city
29,MO,08650,Brookfield city
29,MO,08776,Brooklyn Heights town
29,MO,08812,Broseley CDP
29,MO,08884,Browning city
29,MO,08902,Brownington town
29,MO,08974,Brumley town
29,MO,09046,Brunswick city
29,MO,09388,Bucklin city
29,MO,09424,Buckner city
29,MO,09496,Buell CDP
29,MO,09514,Buffalo city
29,MO,09642,Bull Creek village
29,MO,09658,Bunceton city
29,MO,09694,Bunker city
29,MO,09784,Burfordville CDP
29,MO,09802,Burgess CDP
29,MO,09838,Burlington Junction city
29,MO,10054,Butler city
29,MO,10144,Butterfield city
29,MO,10240,Byrnes Mill city
29,MO,10288,Cabool city
29,MO,10342,Cainsville city
29,MO,10360,Cairo village
29,MO,10432,Caledonia village
29,MO,10450,Calhoun city
29,MO,10468,California city
29,MO,10486,Callao city
29,MO,10612,Calverton Park city
29,MO,10738,Camden city
29,MO,10792,Camden Point city
29,MO,10810,Camdenton city
29,MO,10828,Cameron city
29,MO,10864,Campbell city
29,MO,11026,Canalou city
29,MO,11134,Canton city
29,MO,11242,Cape Girardeau city
29,MO,11350,Cardwell city
29,MO,11368,Carl Junction city
29,MO,11566,Carrollton city
29,MO,11638,Carterville city
29,MO,11656,Carthage city
29,MO,11692,Caruthersville city
29,MO,11728,Carytown city
29,MO,11890,Cassville city
29,MO,11908,Castle Point CDP
29,MO,12052,Catron town
29,MO,12079,Cave town
29,MO,12358,Cedar Hill CDP
29,MO,12376,Cedar Hill Lakes village
29,MO,12592,Center city
29,MO,12664,Centertown town
29,MO,12682,Centerview city
29,MO,12718,Centerville city
29,MO,12898,Centralia city
29,MO,12988,Chaffee city
29,MO,13006,Chain of Rocks village
29,MO,13015,Chain-O-Lakes village
29,MO,13060,Chamois city
29,MO,13078,Champ village
29,MO,13330,Charlack city
29,MO,13366,Charleston city
29,MO,13390,Charmwood town
29,MO,13474,Cherokee Pass CDP
29,MO,13582,Chesapeake CDP
29,MO,13600,Chesterfield city
29,MO,13654,Chilhowee town
29,MO,13690,Chillicothe city
29,MO,13852,Chula city
29,MO,13978,Clarence city
29,MO,14068,Clark city
29,MO,14140,Clarksburg city
29,MO,14158,Clarksdale city
29,MO,14176,Clarkson Valley city
29,MO,14194,Clarksville city
29,MO,14212,Clarkton city
29,MO,14554,Claycomo village
29,MO,14572,Clayton city
29,MO,14662,Clearmont city
29,MO,14770,Cleveland city
29,MO,14788,Clever city
29,MO,14806,Cliff Village village
29,MO,14896,Clifton Hill city
29,MO,14914,Climax Springs CDP
29,MO,14986,Clinton city
29,MO,15130,Clyde village
29,MO,15220,Cobalt village
29,MO,15274,Coffey city
29,MO,15436,Cole Camp city
29,MO,15562,Collins village
29,MO,15670,Columbia city
29,MO,15760,Commerce village
29,MO,15886,Conception CDP
29,MO,15922,Conception Junction town
29,MO,16030,Concord CDP
29,MO,16102,Concordia city
29,MO,16115,Coney Island village
29,MO,16138,Connelsville CDP
29,MO,16192,Conway city
29,MO,16228,Cool Valley city
29,MO,16336,Cooter city
29,MO,16408,Corder city
29,MO,16462,Corning town
29,MO,16588,Cosby village
29,MO,16678,Cottleville city
29,MO,16802,Country Club village
29,MO,16822,Country Club Hills city
29,MO,16876,Country Life Acres village
29,MO,16984,Cowgill city
29,MO,17056,Craig city
29,MO,17074,Crane city
29,MO,17164,Creighton city
29,MO,17218,Crestwood city
29,MO,17272,Creve Coeur city
29,MO,17344,Crocker city
29,MO,17524,Cross Timbers city
29,MO,17632,Crystal City city
29,MO,17650,Crystal Lake Park city
29,MO,17660,Crystal Lakes city
29,MO,17668,Cuba city
29,MO,17902,Curryville city
29,MO,17992,Dadeville village
29,MO,18118,Dalton town
29,MO,18190,Danville CDP
29,MO,18253,Dardenne Prairie city
29,MO,18316,Darlington village
29,MO,18496,Dawn CDP
29,MO,18658,Dearborn city
29,MO,18730,Deepwater city
29,MO,18802,Deerfield village
29,MO,18838,Deering CDP
29,MO,18910,Defiance CDP
29,MO,18946,De Kalb town
29,MO,19018,Dellwood city
29,MO,19072,Delta city
29,MO,19090,Dennis Acres village
29,MO,19144,Denton CDP
29,MO,19162,Denver village
29,MO,19198,Des Arc village
29,MO,19216,Desloge city
29,MO,19252,De Soto city
29,MO,19270,Des Peres city
29,MO,19378,De Witt city
29,MO,19396,Dexter city
29,MO,19432,Diamond town
29,MO,19486,Diehlstadt village
29,MO,19504,Diggins village
29,MO,19630,Dixon city
29,MO,19684,Doe Run CDP
29,MO,19792,Doniphan city
29,MO,19828,Doolittle city
29,MO,19918,Dover town
29,MO,19990,Downing city
29,MO,20134,Drexel city
29,MO,20296,Dudley city
29,MO,20314,Duenweg city
29,MO,20512,Duquesne village
29,MO,20566,Dutchtown CDP
29,MO,20656,Eagle Rock CDP
29,MO,20674,Eagleville town
29,MO,20980,East Lynne city
29,MO,21034,Easton city
29,MO,21052,East Prairie city
29,MO,21214,Edgar Springs city
29,MO,21250,Edgerton city
29,MO,21322,Edina city
29,MO,21340,Edinburg CDP
29,MO,21376,Edmundson city
29,MO,21484,Eldon city
29,MO,21502,El Dorado Springs city
29,MO,21844,Ellington city
29,MO,21898,Ellisville city
29,MO,21916,Ellsinore city
29,MO,21988,Elmer city
29,MO,22006,Elmira village
29,MO,22024,Elmo city
29,MO,22114,Elsberry city
29,MO,22250,Emerald Beach village
29,MO,22276,Eminence city
29,MO,22312,Emma city
29,MO,22474,Eolia village
29,MO,22600,Essex city
29,MO,22672,Ethel town
29,MO,22798,Eugene CDP
29,MO,22834,Eureka city
29,MO,22951,Evergreen village
29,MO,22996,Everton city
29,MO,23032,Ewing city
29,MO,23050,Excello CDP
29,MO,23077,Excelsior Estates village
29,MO,23086,Excelsior Springs city
29,MO,23122,Exeter city
29,MO,23248,Fairdealing CDP
29,MO,23266,Fairfax city
29,MO,23338,Fair Grove city
29,MO,23428,Fair Play city
29,MO,23518,Fairview town
29,MO,23662,Farber city
29,MO,23698,Farley village
29,MO,23752,Farmington city
29,MO,23824,Faucett CDP
29,MO,23842,Fayette city
29,MO,23950,Fenton city
29,MO,23986,Ferguson city
29,MO,24058,Ferrelview village
29,MO,24094,Festus city
29,MO,24120,Fidelity town
29,MO,24184,Fillmore city
29,MO,24328,Fisk city
29,MO,24562,Fleming city
29,MO,24580,Flemington village
29,MO,24688,Flint Hill city
29,MO,24706,Flordell Hills city
29,MO,24760,Florida village
29,MO,24778,Florissant city
29,MO,24886,Foley city
29,MO,25012,Fordland city
29,MO,25066,Forest City city
29,MO,25120,Foristell city
29,MO,25192,Forsyth city
29,MO,25228,Fortescue town
29,MO,25264,Fort Leonard Wood CDP
29,MO,25300,Fortuna CDP
29,MO,25372,Foster village
29,MO,25411,Fountain N' Lakes village
29,MO,25516,Frankclay CDP
29,MO,25552,Frankford city
29,MO,25624,Franklin city
29,MO,25768,Fredericktown city
29,MO,25822,Freeburg village
29,MO,25894,Freeman city
29,MO,25912,Freistatt village
29,MO,25948,Fremont CDP
29,MO,25957,Fremont Hills city
29,MO,26000,Friedenswald village
29,MO,26020,Frisbee CDP
29,MO,26092,Frohna city
29,MO,26110,Frontenac city
29,MO,26182,Fulton city
29,MO,26218,Gainesville city
29,MO,26254,Galena city
29,MO,26308,Gallatin city
29,MO,26362,Galt city
29,MO,26434,Garden City city
29,MO,26578,Gasconade city
29,MO,26776,Gentry village
29,MO,26866,Gerald city
29,MO,26902,Gerster town
29,MO,26920,Gibbs village
29,MO,26974,Gideon city
29,MO,27028,Gilliam city
29,MO,27064,Gilman City city
29,MO,27100,Ginger Blue village
29,MO,27190,Gladstone city
29,MO,27208,Glasgow city
29,MO,27226,Glasgow Village CDP
29,MO,27262,Glenaire city
29,MO,27280,Glen Allen town
29,MO,27334,Glendale city
29,MO,27370,Glen Echo Park village
29,MO,27514,Glenwood village
29,MO,27658,Golden CDP
29,MO,27676,Golden City city
29,MO,27874,Goodman city
29,MO,27924,Goose Creek Lake CDP
29,MO,27928,Gordonville village
29,MO,28000,Goss town
29,MO,28036,Gower city
29,MO,28072,Graham town
29,MO,28090,Grain Valley city
29,MO,28108,Granby city
29,MO,28170,Grand Falls Plaza town
29,MO,28180,Grandin city
29,MO,28198,Grand Pass village
29,MO,28324,Grandview city
29,MO,28360,Granger village
29,MO,28594,Grant City town
29,MO,28630,Grantwood Village town
29,MO,28828,Gravois Mills town
29,MO,28860,Grayhawk CDP
29,MO,28864,Grayridge CDP
29,MO,28882,Grayson CDP
29,MO,28918,Gray Summit CDP
29,MO,29116,Green Castle city
29,MO,29134,Green City city
29,MO,29152,Greendale city
29,MO,29206,Greenfield city
29,MO,29324,Green Park city
29,MO,29332,Green Ridge city
29,MO,29422,Greentop city
29,MO,29476,Greenville city
29,MO,29494,Greenwood city
29,MO,29656,Grovespring CDP
29,MO,29692,Guilford town
29,MO,29764,Gunn City village
29,MO,29908,Hale city
29,MO,29962,Halfway village
29,MO,29998,Hallsville city
29,MO,30016,Halltown village
29,MO,30034,Hamilton city
29,MO,30196,Hanley Hills village
29,MO,30214,Hannibal city
29,MO,30322,Hardin city
29,MO,30466,Harris town
29,MO,30484,Harrisburg town
29,MO,30610,Harrisonville city
29,MO,30718,Hartsburg town
29,MO,30754,Hartville city
29,MO,30772,Hartwell CDP
29,MO,30844,Harviell CDP
29,MO,30862,Harwood village
29,MO,31024,Hawk Point city
29,MO,31132,Hayti city
29,MO,31168,Hayti Heights city
29,MO,31186,Hayward CDP
29,MO,31204,Haywood City village
29,MO,31276,Hazelwood city
29,MO,31654,Henrietta city
29,MO,31708,Herculaneum city
29,MO,31762,Hermann city
29,MO,31780,Hermitage city
29,MO,31924,Higbee city
29,MO,31960,Higginsville city
29,MO,31996,High Hill city
29,MO,32068,Highlandville city
29,MO,32140,High Ridge CDP
29,MO,32248,Hillsboro city
29,MO,32266,Hillsdale village
29,MO,32410,Hoberg village
29,MO,32536,Holcomb city
29,MO,32572,Holden city
29,MO,32590,Holland town
29,MO,32626,Holliday village
29,MO,32662,Hollister city
29,MO,32698,Hollywood CDP
29,MO,32752,Holt city
29,MO,32770,Holts Summit city
29,MO,32806,Homestead village
29,MO,32824,Homestown city
29,MO,33004,Hopkins city
29,MO,33040,Horine CDP
29,MO,33076,Hornersville city
29,MO,33238,Houston city
29,MO,33256,Houstonia city
29,MO,33292,Houston Lake city
29,MO,33364,Howardville city
29,MO,33652,Hughesville village
29,MO,33706,Humansville city
29,MO,33724,Hume town
29,MO,33742,Humphreys village
29,MO,33760,Hunnewell city
29,MO,33778,Hunter CDP
29,MO,33850,Huntleigh city
29,MO,33868,Huntsdale town
29,MO,33886,Huntsville city
29,MO,33904,Hurdland city
29,MO,33922,Hurley city
29,MO,34192,Iantha CDP
29,MO,34210,Iatan village
29,MO,34228,Iberia city
29,MO,34354,Imperial CDP
29,MO,35000,Independence city
29,MO,35180,Indian Lake CDP
29,MO,35186,Indian Point village
29,MO,35240,Innsbrook village
29,MO,35306,Ionia town
29,MO,35324,Irena village
29,MO,35396,Irondale city
29,MO,35450,Iron Mountain Lake city
29,MO,35468,Ironton city
29,MO,35486,Irwin CDP
29,MO,35648,Jackson city
29,MO,36224,Jacksonville village
29,MO,36314,Jameson town
29,MO,36332,Jamesport city
29,MO,36368,Jamestown town
29,MO,36422,Jane town
29,MO,36512,Jasper city
29,MO,37000,Jefferson City city
29,MO,37178,Jennings city
29,MO,37214,Jerico Springs village
29,MO,37574,Jonesburg city
29,MO,37592,Joplin city
29,MO,37700,Josephville village
29,MO,37736,Junction City village
29,MO,37790,Kahoka city
29,MO,38000,Kansas City city
29,MO,38072,Kearney city
29,MO,38216,Kelso village
29,MO,38306,Kennett city
29,MO,38468,Keytesville city
29,MO,38522,Kidder city
29,MO,38612,Kimberling City city
29,MO,38684,Kimmswick city
29,MO,38774,King City city
29,MO,38792,Kingdom City village
29,MO,38846,Kingston city
29,MO,38918,Kingsville city
29,MO,38972,Kinloch city
29,MO,39008,Kirbyville village
29,MO,39026,Kirksville city
29,MO,39044,Kirkwood city
29,MO,39080,Kissee Mills CDP
29,MO,39170,Knob Lick CDP
29,MO,39188,Knob Noster city
29,MO,39278,Knox City city
29,MO,39440,Koshkonong town
29,MO,39503,LaBarque Creek CDP
29,MO,39512,La Belle city
29,MO,39566,Laclede city
29,MO,39602,Laddonia city
29,MO,39638,La Due village
29,MO,39656,Ladue city
29,MO,39764,La Grange city
29,MO,39845,Lake Annette city
29,MO,39852,Lake Arrowhead CDP
29,MO,39952,Lake Lafayette city
29,MO,39980,Lake Lotawana city
29,MO,40034,Lake Ozark city
29,MO,40039,Lake St. Clair CDP
29,MO,40043,Lake St. Louis city
29,MO,40088,Lakeshire city
29,MO,40142,Lakeside city
29,MO,40196,Lake Tapawingo city
29,MO,40214,Lake Tekakwitha village
29,MO,40222,Lake Timberline CDP
29,MO,40304,Lake Viking CDP
29,MO,40322,Lake Waukomis city
29,MO,40340,Lake Winnebago city
29,MO,40376,Lamar city
29,MO,40430,Lamar Heights city
29,MO,40448,Lambert village
29,MO,40520,La Monte city
29,MO,40592,Lanagan town
29,MO,40610,Lancaster city
29,MO,40682,La Plata city
29,MO,40736,Laredo city
29,MO,40790,La Russell city
29,MO,40808,Latham CDP
29,MO,40826,Lathrop city
29,MO,40880,La Tour CDP
29,MO,40916,Laurie city
29,MO,40988,Lawson city
29,MO,41024,Leadington city
29,MO,41078,Leadwood city
29,MO,41114,Leasburg village
29,MO,41132,Leawood village
29,MO,41168,Lebanon city
29,MO,41348,Lee's Summit city
29,MO,41402,Leeton city
29,MO,41417,Leisure Lake CDP
29,MO,41438,Lemay CDP
29,MO,41546,Leonard village
29,MO,41690,Leslie village
29,MO,41762,Levasy city
29,MO,41834,Lewis and Clark Village town
29,MO,41852,Lewistown town
29,MO,41870,Lexington city
29,MO,41906,Liberal city
29,MO,42032,Liberty city
29,MO,42464,Licking city
29,MO,42536,Lilbourn city
29,MO,42608,Lincoln city
29,MO,43238,Linn city
29,MO,43274,Linn Creek city
29,MO,43292,Linneus city
29,MO,43346,Lithium CDP
29,MO,43454,Livonia village
29,MO,43468,Loch Lloyd village
29,MO,43472,Lock Springs village
29,MO,43490,Lockwood city
29,MO,43652,Lohman city
29,MO,43672,Loma Linda town
29,MO,43760,Lone Jack city
29,MO,43940,Longtown town
29,MO,44156,Louisburg village
29,MO,44174,Louisiana city
29,MO,44282,Lowry City city
29,MO,44372,Lucerne village
29,MO,44390,Ludlow town
29,MO,44498,Lupus town
29,MO,44516,Luray village
29,MO,44768,McBaine town
29,MO,44829,McCord Bend village
29,MO,45020,McFall city
29,MO,45200,McKittrick town
29,MO,45218,Macks Creek CDP
29,MO,45326,Macon city
29,MO,45470,Madison city
29,MO,45596,Maitland city
29,MO,45614,Malden city
29,MO,45632,Malta Bend town
29,MO,45668,Manchester city
29,MO,45740,Mansfield city
29,MO,45830,Maplewood city
29,MO,45848,Marble Hill city
29,MO,45866,Marceline city
29,MO,46172,Marionville city
29,MO,46208,Marlborough village
29,MO,46244,Marquand city
29,MO,46316,Marshall city
29,MO,46388,Marshfield city
29,MO,46406,Marston city
29,MO,46424,Marthasville city
29,MO,46460,Martinsburg town
29,MO,46586,Maryland Heights city
29,MO,46640,Maryville city
29,MO,46730,Matthews city
29,MO,46946,Maysville city
29,MO,46964,Mayview city
29,MO,47036,Meadville city
29,MO,47144,Medill CDP
29,MO,47180,Mehlville CDP
29,MO,47270,Memphis city
29,MO,47288,Mendon city
29,MO,47486,Mercer town
29,MO,47520,Merriam Woods city
29,MO,47540,Merwin village
29,MO,47594,Meta city
29,MO,47612,Metz town
29,MO,47648,Mexico city
29,MO,47684,Miami city
29,MO,47846,Middle Grove CDP
29,MO,47900,Middletown town
29,MO,48062,Milan city
29,MO,48098,Milford village
29,MO,48134,Millard village
29,MO,48242,Miller city
29,MO,48350,Millersville CDP
29,MO,48386,Mill Spring village
29,MO,48476,Milo village
29,MO,48566,Mindenmines city
29,MO,48602,Mine La Motte CDP
29,MO,48656,Miner city
29,MO,48710,Mineral Point town
29,MO,48880,Miramiguoa Park village
29,MO,48980,Missouri City city
29,MO,49034,Moberly city
29,MO,49070,Mokane city
29,MO,49088,Moline Acres city
29,MO,49196,Monett city
29,MO,49394,Monroe City city
29,MO,49574,Montgomery City city
29,MO,49592,Monticello village
29,MO,49610,Montier CDP
29,MO,49646,Montreal CDP
29,MO,49664,Montrose city
29,MO,49790,Mooresville village
29,MO,49898,Morehouse city
29,MO,49988,Morley city
29,MO,50060,Morrison city
29,MO,50078,Morrisville town
29,MO,50168,Mosby city
29,MO,50204,Moscow Mills city
29,MO,50312,Mound City city
29,MO,50330,Moundville town
29,MO,50402,Mountain Grove city
29,MO,50438,Mountain View city
29,MO,50510,Mount Leonard town
29,MO,50528,Mount Moriah town
29,MO,50672,Mount Vernon city
29,MO,50834,Murphy CDP
29,MO,51140,Napoleon city
29,MO,51302,Naylor city
29,MO,51356,Neck City city
29,MO,51446,Neelyville city
29,MO,51500,Nelson city
29,MO,51572,Neosho city
29,MO,51644,Nevada city
29,MO,51662,Newark village
29,MO,51680,New Bloomfield city
29,MO,51716,Newburg city
29,MO,51734,New Cambria city
29,MO,51770,New Florence city
29,MO,51824,New Franklin city
29,MO,51842,New Hamburg CDP
29,MO,51860,New Hampton city
29,MO,51914,New Haven city
29,MO,52058,New London city
29,MO,52076,New Madrid city
29,MO,52130,New Market CDP
29,MO,52148,New Melle city
29,MO,52292,Newtonia town
29,MO,52328,Newtown town
29,MO,52364,New Wells CDP
29,MO,52418,Niangua city
29,MO,52616,Nixa city
29,MO,52742,Noel city
29,MO,52760,Norborne city
29,MO,52796,Normandy city
29,MO,53102,North Kansas City city
29,MO,53138,North Lilbourn village
29,MO,53174,Northmoor city
29,MO,53408,Northwoods city
29,MO,53454,Norwood city
29,MO,53462,Norwood Court town
29,MO,53516,Novelty village
29,MO,53534,Novinger city
29,MO,53624,Oak Grove city
29,MO,53650,Oak Grove Village village
29,MO,53750,Oakland city
29,MO,53786,Oak Ridge town
29,MO,53804,Oaks village
29,MO,53858,Oakview village
29,MO,53876,Oakville CDP
29,MO,53894,Oakwood village
29,MO,53948,Oakwood Park village
29,MO,54038,Odessa city
29,MO,54074,O'Fallon city
29,MO,54200,Old Appleton town
29,MO,54352,Old Jamestown CDP
29,MO,54416,Old Monroe city
29,MO,54560,Olean town
29,MO,54650,Olivette city
29,MO,54686,Olympian Village city
29,MO,54758,Oran city
29,MO,54848,Oregon city
29,MO,54920,Oronogo city
29,MO,54938,Orrick city
29,MO,55244,Osage Beach city
29,MO,55352,Osborn city
29,MO,55388,Osceola city
29,MO,55424,Osgood village
29,MO,55478,Otterville city
29,MO,55550,Overland city
29,MO,55640,Owensville city
29,MO,55694,Oxly CDP
29,MO,55766,Ozark city
29,MO,55892,Ozora CDP
29,MO,55910,Pacific city
29,MO,55964,Pagedale city
29,MO,56036,Palmyra city
29,MO,56126,Paradise CDP
29,MO,56144,Paris city
29,MO,56226,Parkdale village
29,MO,56272,Park Hills city
29,MO,56288,Parkville city
29,MO,56306,Parkway village
29,MO,56342,Parma city
29,MO,56360,Parnell city
29,MO,56396,Pasadena Hills city
29,MO,56414,Pasadena Park village
29,MO,56432,Pascola village
29,MO,56468,Passaic town
29,MO,56558,Pattonsburg city
29,MO,56612,Paynesville village
29,MO,56620,Peaceful Village village
29,MO,56756,Peculiar city
29,MO,56882,Pendleton village
29,MO,56900,Penermon village
29,MO,57044,Perkins CDP
29,MO,57080,Perry city
29,MO,57116,Perryville city
29,MO,57278,Pevely city
29,MO,57332,Phelps City CDP
29,MO,57350,Philadelphia CDP
29,MO,57368,Phillipsburg village
29,MO,57404,Pickering city
29,MO,57422,Piedmont city
29,MO,57494,Pierce City city
29,MO,57512,Pierpont village
29,MO,57602,Pilot Grove city
29,MO,57656,Pilot Knob city
29,MO,57800,Pine Lawn city
29,MO,57818,Pineville city
29,MO,57926,Pinhook village
29,MO,58088,Plato village
29,MO,58178,Platte City city
29,MO,58196,Platte Woods city
29,MO,58250,Plattsburg city
29,MO,58394,Pleasant Hill city
29,MO,58448,Pleasant Hope city
29,MO,58520,Pleasant Valley city
29,MO,58574,Plevna CDP
29,MO,58628,Pocahontas town
29,MO,58898,Pollock village
29,MO,58916,Polo city
29,MO,58934,Pomona CDP
29,MO,59060,Pontiac CDP
29,MO,59096,Poplar Bluff city
29,MO,59150,Portage Des Sioux city
29,MO,59186,Portageville city
29,MO,59330,Potosi city
29,MO,59420,Powersville village
29,MO,59708,Prairie Hill CDP
29,MO,59726,Prairie Home city
29,MO,59816,Prathersville village
29,MO,59870,Preston village
29,MO,59942,Princeton city
29,MO,60140,Purcell city
29,MO,60158,Purdin city
29,MO,60176,Purdy city
29,MO,60284,Puxico city
29,MO,60356,Queen City city
29,MO,60410,Quitman CDP
29,MO,60428,Qulin city
29,MO,60528,Raintree Plantation CDP
29,MO,60590,Randolph village
29,MO,60644,Ravanna CDP
29,MO,60716,Ravenwood town
29,MO,60734,Raymondville town
29,MO,60752,Raymore city
29,MO,60788,Raytown city
29,MO,60824,Rayville CDP
29,MO,60842,Rea city
29,MO,60986,Redings Mill village
29,MO,61094,Reeds town
29,MO,61112,Reeds Spring city
29,MO,61166,Renick village
29,MO,61184,Rensselaer village
29,MO,61238,Republic city
29,MO,61292,Revere town
29,MO,61328,Rhineland town
29,MO,61364,Richards town
29,MO,61418,Rich Hill city
29,MO,61562,Richland city
29,MO,61670,Richmond city
29,MO,61706,Richmond Heights city
29,MO,61886,Ridgely village
29,MO,61904,Ridgeway city
29,MO,61994,Risco city
29,MO,62030,Ritchey town
29,MO,62056,River Bend village
29,MO,62156,Riverside city
29,MO,62192,Riverview village
29,MO,62210,Riverview Estates village
29,MO,62228,Rives town
29,MO,62498,Rocheport city
29,MO,62570,Rockaway Beach city
29,MO,62660,Rock Hill city
29,MO,62696,Rock Port city
29,MO,62786,Rockville city
29,MO,62822,Rocky Comfort CDP
29,MO,62894,Rogersville city
29,MO,62912,Rolla city
29,MO,63074,Roscoe village
29,MO,63110,Rosebud city
29,MO,63200,Rosendale city
29,MO,63236,Rothville village
29,MO,63560,Rush Hill village
29,MO,63596,Rushville village
29,MO,63704,Russellville city
29,MO,63776,Rutledge town
29,MO,63857,Saddlebrooke village
29,MO,63902,Saginaw village
29,MO,63956,St. Ann city
29,MO,64046,St. Catharine CDP
29,MO,64082,St. Charles city
29,MO,64136,St. Clair city
29,MO,64154,St. Clement CDP
29,MO,64172,St. Cloud village
29,MO,64180,Ste. Genevieve city
29,MO,64190,St. Elizabeth village
29,MO,64244,St. Francisville CDP
29,MO,64370,St. George CDP
29,MO,64424,St. James city
29,MO,64478,St. John city
29,MO,64550,St. Joseph city
29,MO,65000,St. Louis city
29,MO,65018,St. Martins city
29,MO,65034,St. Mary city
29,MO,65108,St. Paul city
29,MO,65126,St. Peters city
29,MO,65144,St. Robert city
29,MO,65162,St. Thomas town
29,MO,65234,Salem city
29,MO,65450,Salisbury city
29,MO,65954,Sappington CDP
29,MO,65990,Sarcoxie city
29,MO,66044,Savannah city
29,MO,66062,Saverton CDP
29,MO,66134,Schell City city
29,MO,66337,Scotsdale town
29,MO,66368,Scott City city
29,MO,66440,Sedalia city
29,MO,66476,Sedgewickville village
29,MO,66530,Seligman city
29,MO,66638,Senath city
29,MO,66674,Seneca city
29,MO,66800,Seymour city
29,MO,66935,Shakertowne CDP
29,MO,67124,Shawneetown CDP
29,MO,67178,Shelbina city
29,MO,67196,Shelbyville city
29,MO,67214,Sheldon city
29,MO,67232,Shell Knob CDP
29,MO,67358,Sheridan town
29,MO,67628,Shoal Creek Drive village
29,MO,67632,Shoal Creek Estates village
29,MO,67700,Shrewsbury city
29,MO,67718,Sibley village
29,MO,67790,Sikeston city
29,MO,67808,Silex city
29,MO,68132,Skidmore city
29,MO,68204,Slater city
29,MO,68384,Smithton city
29,MO,68420,Smithville city
29,MO,68762,South Fork CDP
29,MO,68852,South Gifford village
29,MO,68870,South Gorin town
29,MO,68888,South Greenfield village
29,MO,68942,South Lineville town
29,MO,69230,Southwest City town
29,MO,69266,Spanish Lake CDP
29,MO,69302,Sparta city
29,MO,69464,Spickard city
29,MO,69518,Spokane CDP
29,MO,70000,Springfield city
29,MO,70270,Stanberry city
29,MO,70342,Stanton CDP
29,MO,70414,Stark City town
29,MO,70558,Steele city
29,MO,70576,Steelville city
29,MO,70648,Stella town
29,MO,70738,Stewartsville city
29,MO,70828,Stockton city
29,MO,70954,Stotesbury town
29,MO,70990,Stotts City city
29,MO,71008,Stoutland city
29,MO,71026,Stoutsville village
29,MO,71044,Stover city
29,MO,71062,Strafford city
29,MO,71098,Strasburg city
29,MO,71224,Sturgeon city
29,MO,71368,Sugar Creek city
29,MO,71440,Sullivan city
29,MO,71508,Summer Set CDP
29,MO,71512,Summersville city
29,MO,71620,Sumner town
29,MO,71628,Sundown CDP
29,MO,71728,Sunrise Beach village
29,MO,71746,Sunset Hills city
29,MO,71890,Sweet Springs city
29,MO,72034,Sycamore Hills village
29,MO,72106,Syracuse city
29,MO,72196,Tallapoosa city
29,MO,72232,Taneyville village
29,MO,72304,Taos city
29,MO,72340,Tarkio city
29,MO,72376,Tarrants village
29,MO,72412,Tarsney Lakes CDP
29,MO,72574,Tebbetts CDP
29,MO,72772,Terre du Lac CDP
29,MO,72826,Thayer city
29,MO,72898,Theodosia village
29,MO,73006,Thomasville CDP
29,MO,73127,Three Creeks village
29,MO,73240,Tightwad village
29,MO,73330,Tina village
29,MO,73348,Tindall town
29,MO,73420,Tipton city
29,MO,73618,Town and Country city
29,MO,73690,Tracy city
29,MO,73816,Trenton city
29,MO,73852,Trimble city
29,MO,73870,Triplett city
29,MO,73942,Troy city
29,MO,73978,Truesdale city
29,MO,74014,Truxton village
29,MO,74176,Turney village
29,MO,74194,Tuscumbia town
29,MO,74284,Twin Oaks village
29,MO,74473,Umber View Heights village
29,MO,74626,Union city
29,MO,75130,Union Star town
29,MO,75166,Unionville city
29,MO,75202,Unity Village village
29,MO,75220,University City city
29,MO,75238,Uplands Park village
29,MO,75310,Urbana city
29,MO,75346,Urich city
29,MO,75364,Utica village
29,MO,75472,Valley Park city
29,MO,75580,Van Buren town
29,MO,75688,Vandalia city
29,MO,75706,Vandiver village
29,MO,75724,Vanduser village
29,MO,75796,Velda City city
29,MO,75814,Velda Village Hills city
29,MO,75886,Verona town
29,MO,75922,Versailles city
29,MO,75994,Vibbard CDP
29,MO,76012,Viburnum city
29,MO,76102,Vienna city
29,MO,76157,Village of Four Seasons village
29,MO,76192,Villa Ridge CDP
29,MO,76246,Vinita Park city
29,MO,76390,Vista village
29,MO,76444,Waco city
29,MO,76660,Walker city
29,MO,76840,Walnut Grove city
29,MO,76966,Wardell town
29,MO,77002,Wardsville village
29,MO,77092,Warrensburg city
29,MO,77128,Warrenton city
29,MO,77146,Warsaw city
29,MO,77182,Warson Woods city
29,MO,77200,Washburn city
29,MO,77416,Washington city
29,MO,77794,Wasola CDP
29,MO,77848,Watson village
29,MO,77866,Waverly city
29,MO,77920,Wayland city
29,MO,77992,Waynesville city
29,MO,78028,Weatherby town
29,MO,78046,Weatherby Lake city
29,MO,78064,Weaubleau city
29,MO,78118,Webb City city
29,MO,78154,Webster Groves city
29,MO,78226,Weingarten CDP
29,MO,78314,Weldon Spring city
29,MO,78334,Weldon Spring Heights town
29,MO,78352,Wellington city
29,MO,78370,Wellston city
29,MO,78406,Wellsville city
29,MO,78424,Wentworth village
29,MO,78442,Wentzville city
29,MO,78514,West Alton city
29,MO,78622,Westboro city
29,MO,78838,West Line village
29,MO,78856,Weston city
29,MO,78910,Westphalia city
29,MO,78928,West Plains city
29,MO,79000,West Sullivan town
29,MO,79054,Westwood village
29,MO,79090,Wheatland city
29,MO,79126,Wheaton city
29,MO,79180,Wheeling city
29,MO,79288,White Branch CDP
29,MO,79432,Whiteman AFB CDP
29,MO,79468,White Oak CDP
29,MO,79558,Whiteside village
29,MO,79612,Whitewater town
29,MO,79684,Whiting CDP
29,MO,79756,Wilbur Park village
29,MO,79820,Wildwood city
29,MO,79882,Willard city
29,MO,80008,Williamstown CDP
29,MO,80026,Williamsville city
29,MO,80098,Willow Springs city
29,MO,80260,Wilson City village
29,MO,80314,Winchester city
29,MO,80350,Windsor city
29,MO,80380,Windsor Place village
29,MO,80422,Winfield city
29,MO,80440,Winigan CDP
29,MO,80512,Winona city
29,MO,80548,Winston village
29,MO,80767,Wood Heights city
29,MO,80962,Woodson Terrace city
29,MO,81016,Wooldridge village
29,MO,81070,Worth village
29,MO,81088,Wortham CDP
29,MO,81106,Worthington village
29,MO,81124,Wright City city
29,MO,81142,Wyaconda city
29,MO,81178,Wyatt city
29,MO,81430,Zalma CDP
30,MT,00175,Absarokee CDP
30,MT,00400,Acton CDP
30,MT,00700,Alberton town
30,MT,00850,Alder CDP
30,MT,01300,Alzada CDP
30,MT,01525,Amsterdam CDP
30,MT,01675,Anaconda-Deer Lodge County
30,MT,02050,Antelope CDP
30,MT,02350,Argenta CDP
30,MT,02425,Arlee CDP
30,MT,02800,Ashland CDP
30,MT,03025,Augusta CDP
30,MT,03175,Avon CDP
30,MT,03196,Ayers Ranch Colony CDP
30,MT,03212,Azure CDP
30,MT,03250,Babb CDP
30,MT,03400,Bainville town
30,MT,03475,Baker city
30,MT,03625,Ballantine CDP
30,MT,04150,Basin CDP
30,MT,04230,Batavia CDP
30,MT,04300,Bearcreek town
30,MT,04410,Bear Dance CDP
30,MT,04575,Beaver Creek CDP
30,MT,04900,Belfry CDP
30,MT,04975,Belgrade city
30,MT,05050,Belknap CDP
30,MT,05275,Belt town
30,MT,05650,Biddle CDP
30,MT,05800,Big Arm CDP
30,MT,05875,Bigfork CDP
30,MT,06250,Big Sandy town
30,MT,06325,Big Sky CDP
30,MT,06410,Big Sky Colony CDP
30,MT,06440,Big Stone Colony CDP
30,MT,06475,Big Timber city
30,MT,06550,Billings city
30,MT,06815,Birch Creek Colony CDP
30,MT,06925,Birney CDP
30,MT,07150,Black Eagle CDP
30,MT,07300,Blackfoot CDP
30,MT,07675,Bloomfield CDP
30,MT,08162,Boneau CDP
30,MT,08462,Bonner-West Riverside CDP
30,MT,08575,Boulder city
30,MT,08725,Box Elder CDP
30,MT,08800,Boyd CDP
30,MT,08950,Bozeman city
30,MT,09250,Brady CDP
30,MT,09400,Brandon CDP
30,MT,09475,Bridger town
30,MT,09500,Bridger CDP
30,MT,09700,Broadus town
30,MT,09775,Broadview town
30,MT,10000,Brockton CDP
30,MT,10075,Brockway CDP
30,MT,10150,Brooks CDP
30,MT,10375,Browning town
30,MT,10935,Bull Lake CDP
30,MT,11200,Busby CDP
30,MT,11397,Butte-Silver Bow (balance)
30,MT,11500,Bynum CDP
30,MT,11800,Camas CDP
30,MT,11995,Camp Three CDP
30,MT,11999,Camrose Colony CDP
30,MT,12025,Canyon Creek CDP
30,MT,12400,Cardwell CDP
30,MT,12435,Carlton CDP
30,MT,12625,Carter CDP
30,MT,12775,Cascade town
30,MT,12783,Cascade Colony CDP
30,MT,13375,Centerville CDP
30,MT,13900,Charlo CDP
30,MT,13975,Charlos Heights CDP
30,MT,14200,Chester town
30,MT,14575,Chinook city
30,MT,14650,Choteau city
30,MT,14875,Churchill CDP
30,MT,14950,Circle town
30,MT,15100,Clancy CDP
30,MT,15475,Clinton CDP
30,MT,15550,Clyde Park town
30,MT,16000,Coffee Creek CDP
30,MT,16525,Colstrip city
30,MT,16600,Columbia Falls city
30,MT,16825,Columbus town
30,MT,17050,Condon CDP
30,MT,17200,Conner CDP
30,MT,17275,Conrad city
30,MT,17350,Cooke City CDP
30,MT,17500,Coram CDP
30,MT,17725,Corvallis CDP
30,MT,17800,Corwin Springs CDP
30,MT,18025,Craig CDP
30,MT,18100,Crane CDP
30,MT,18250,Crow Agency CDP
30,MT,18475,Culbertson town
30,MT,18700,Custer CDP
30,MT,18775,Cut Bank city
30,MT,18850,Cyr CDP
30,MT,19225,Danvers CDP
30,MT,19300,Darby town
30,MT,19525,Dayton CDP
30,MT,19675,De Borgia CDP
30,MT,19800,Deerfield Colony CDP
30,MT,19825,Deer Lodge city
30,MT,20050,Dell CDP
30,MT,20425,Denton town
30,MT,20725,Dewey CDP
30,MT,20800,Dillon city
30,MT,20950,Dixon CDP
30,MT,21025,Dodson town
30,MT,21850,Drummond town
30,MT,22130,Duncan Ranch Colony CDP
30,MT,22450,Dupuyer CDP
30,MT,22600,Dutton town
30,MT,22655,Eagle Creek Colony CDP
30,MT,22943,East End Colony CDP
30,MT,22985,East Glacier Park Village CDP
30,MT,23125,East Helena city
30,MT,23168,East Malta Colony CDP
30,MT,23200,East Missoula CDP
30,MT,23500,Edgar CDP
30,MT,23650,Ekalaka town
30,MT,23865,Elkhorn CDP
30,MT,23950,Elliston CDP
30,MT,24100,Elmo CDP
30,MT,24325,Emigrant CDP
30,MT,24475,Ennis town
30,MT,24700,Essex CDP
30,MT,24850,Eureka town
30,MT,25000,Evaro CDP
30,MT,25075,Evergreen CDP
30,MT,25225,Fairfield town
30,MT,25245,Fair Haven Colony CDP
30,MT,25300,Fairview town
30,MT,25375,Fallon CDP
30,MT,26226,Finley Point CDP
30,MT,26575,Fishtail CDP
30,MT,26733,Flat Willow Colony CDP
30,MT,26800,Flaxville town
30,MT,26950,Florence CDP
30,MT,27025,Floweree CDP
30,MT,27360,Fords Creek Colony CDP
30,MT,27595,Forest Hill Village CDP
30,MT,27700,Forsyth city
30,MT,27850,Fort Belknap Agency CDP
30,MT,28000,Fort Benton city
30,MT,28150,Fortine CDP
30,MT,28450,Fort Peck town
30,MT,28600,Fort Shaw CDP
30,MT,28650,Fort Smith CDP
30,MT,28725,Forty Mile Colony CDP
30,MT,28862,Four Corners CDP
30,MT,29050,Fox CDP
30,MT,29087,Fox Lake CDP
30,MT,29275,Frazer CDP
30,MT,29350,Frenchtown CDP
30,MT,29500,Froid town
30,MT,29575,Fromberg town
30,MT,29875,Gallatin Gateway CDP
30,MT,29885,Gallatin River Ranch CDP
30,MT,29950,Gardiner CDP
30,MT,30175,Garrison CDP
30,MT,30400,Geraldine town
30,MT,30550,Geyser CDP
30,MT,30625,Gibson Flats CDP
30,MT,30700,Gildford CDP
30,MT,30704,Gildford Colony CDP
30,MT,30750,Gilman CDP
30,MT,30925,Glacier Colony CDP
30,MT,31075,Glasgow city
30,MT,31375,Glen CDP
30,MT,31418,Glendale Colony CDP
30,MT,31450,Glendive city
30,MT,31825,Goldcreek CDP
30,MT,31991,Golden Valley Colony CDP
30,MT,32350,Grant CDP
30,MT,32575,Grass Range town
30,MT,32800,Great Falls city
30,MT,33250,Greycliff CDP
30,MT,33625,Hall CDP
30,MT,33775,Hamilton city
30,MT,34110,Happys Inn CDP
30,MT,34225,Hardin city
30,MT,34300,Hardy CDP
30,MT,34375,Harlem city
30,MT,34450,Harlowton city
30,MT,34525,Harrison CDP
30,MT,34584,Hartland Colony CDP
30,MT,34825,Haugan CDP
30,MT,35050,Havre city
30,MT,35125,Havre North CDP
30,MT,35275,Hays CDP
30,MT,35350,Heart Butte CDP
30,MT,35435,Hebgen Lake Estates CDP
30,MT,35600,Helena city
30,MT,35622,Helena Flats CDP
30,MT,35628,Helena Valley Northeast CDP
30,MT,35631,Helena Valley Northwest CDP
30,MT,35634,Helena Valley Southeast CDP
30,MT,35637,Helena Valley West Central CDP
30,MT,35640,Helena West Side CDP
30,MT,35725,Helmville CDP
30,MT,35875,Heron CDP
30,MT,35912,Herron CDP
30,MT,36055,Hidden Lake Colony CDP
30,MT,36250,Highwood CDP
30,MT,36325,Hilger CDP
30,MT,36333,Hilldale Colony CDP
30,MT,36385,Hillside Colony CDP
30,MT,36400,Hingham town
30,MT,36475,Hinsdale CDP
30,MT,36700,Hobson city
30,MT,36925,Hogeland CDP
30,MT,37450,Homestead CDP
30,MT,37710,Horizon Colony CDP
30,MT,37825,Hot Springs town
30,MT,38125,Hungry Horse CDP
30,MT,38200,Huntley CDP
30,MT,38275,Huson CDP
30,MT,38350,Hysham town
30,MT,38480,Indian Springs CDP
30,MT,38725,Inverness CDP
30,MT,38950,Ismay town
30,MT,39025,Jackson CDP
30,MT,39175,Jardine CDP
30,MT,39325,Jeffers CDP
30,MT,39400,Jefferson City CDP
30,MT,39627,Jette CDP
30,MT,39700,Joliet town
30,MT,39775,Joplin CDP
30,MT,39925,Jordan town
30,MT,40000,Judith Gap city
30,MT,40075,Kalispell city
30,MT,40355,Kerr CDP
30,MT,40525,Kevin town
30,MT,40580,Kicking Horse CDP
30,MT,40675,Kila CDP
30,MT,40680,Kilby Butte Colony CDP
30,MT,40685,King Arthur Park CDP
30,MT,40718,King Ranch Colony CDP
30,MT,40720,Kingsbury Colony CDP
30,MT,40725,Kings Point CDP
30,MT,41050,Klein CDP
30,MT,41725,Kremlin CDP
30,MT,41910,Lake Mary Ronan CDP
30,MT,41950,Lakeside CDP
30,MT,42100,Lakeview CDP
30,MT,42250,Lame Deer CDP
30,MT,42325,Landusky CDP
30,MT,42475,Laredo CDP
30,MT,42700,Laurel city
30,MT,42850,Lavina town
30,MT,43375,Lewistown city
30,MT,43400,Lewistown Heights CDP
30,MT,43450,Libby city
30,MT,43525,Lima town
30,MT,43675,Lincoln CDP
30,MT,43710,Lindisfarne CDP
30,MT,43750,Lindsay CDP
30,MT,43830,Little Bitterroot Lake CDP
30,MT,43835,Little Browning CDP
30,MT,43975,Livingston city
30,MT,44200,Lockwood CDP
30,MT,44275,Lodge Grass town
30,MT,44350,Lodge Pole CDP
30,MT,44500,Logan CDP
30,MT,44650,Lolo CDP
30,MT,44800,Loma CDP
30,MT,44950,Lonepine CDP
30,MT,45179,Loring Colony CDP
30,MT,46150,Luther CDP
30,MT,46225,McAllister CDP
30,MT,47275,Malmstrom AFB CDP
30,MT,47425,Malta city
30,MT,47460,Mammoth CDP
30,MT,47575,Manhattan town
30,MT,47875,Marion CDP
30,MT,48100,Martin City CDP
30,MT,48175,Martinsdale CDP
30,MT,48190,Martinsdale Colony CDP
30,MT,48250,Marysville CDP
30,MT,48585,Maverick Mountain CDP
30,MT,48625,Maxville CDP
30,MT,48775,Medicine Lake town
30,MT,49000,Melstone town
30,MT,49418,Midway Colony CDP
30,MT,49525,Miles City city
30,MT,49600,Milford Colony CDP
30,MT,49750,Miller Colony CDP
30,MT,50200,Missoula city
30,MT,50575,Moccasin CDP
30,MT,50950,Monarch CDP
30,MT,51175,Montana City CDP
30,MT,51475,Montaqua CDP
30,MT,51550,Moore town
30,MT,52185,Mountain View Colony CDP
30,MT,52315,Muddy CDP
30,MT,52600,Musselshell CDP
30,MT,52900,Nashua town
30,MT,53200,Neihart town
30,MT,53476,New Miami Colony CDP
30,MT,53500,New Rockport Colony CDP
30,MT,53725,Niarada CDP
30,MT,53800,Nibbe CDP
30,MT,54475,Norris CDP
30,MT,54510,North Browning CDP
30,MT,54684,North Harlem Colony CDP
30,MT,54925,Noxon CDP
30,MT,55075,Nye CDP
30,MT,55260,Old Agency CDP
30,MT,55450,Olney CDP
30,MT,55525,Opheim town
30,MT,55675,Orchard Homes CDP
30,MT,56050,Outlook town
30,MT,56125,Ovando CDP
30,MT,56350,Pablo CDP
30,MT,56425,Paradise CDP
30,MT,56575,Park City CDP
30,MT,56650,Parker School CDP
30,MT,56800,Peerless CDP
30,MT,56875,Pendroy CDP
30,MT,57175,Philipsburg town
30,MT,57475,Piltzville CDP
30,MT,57550,Pine Creek CDP
30,MT,57700,Pinesdale town
30,MT,57775,Pinnacle CDP
30,MT,57950,Pioneer Junction CDP
30,MT,58150,Plains town
30,MT,58310,Pleasant Valley Colony CDP
30,MT,58375,Plentywood city
30,MT,58450,Plevna town
30,MT,58675,Polebridge CDP
30,MT,58750,Polson city
30,MT,58825,Pompeys Pillar CDP
30,MT,58834,Pondera Colony CDP
30,MT,58840,Ponderosa Pines CDP
30,MT,58900,Pony CDP
30,MT,58975,Poplar city
30,MT,59350,Potomac CDP
30,MT,59500,Power CDP
30,MT,59650,Prairie Elk Colony CDP
30,MT,59725,Pray CDP
30,MT,59950,Pryor CDP
30,MT,60400,Racetrack CDP
30,MT,60450,Rader Creek CDP
30,MT,60475,Radersburg CDP
30,MT,60850,Rapelje CDP
30,MT,61075,Ravalli CDP
30,MT,61300,Raynesford CDP
30,MT,61525,Red Lodge city
30,MT,61675,Redstone CDP
30,MT,61900,Reed Point CDP
30,MT,62125,Reserve CDP
30,MT,62200,Rexford town
30,MT,62230,Rhodes CDP
30,MT,62245,Riceville CDP
30,MT,62275,Richey town
30,MT,62650,Rimini CDP
30,MT,62825,Rimrock Colony CDP
30,MT,63042,Riverbend CDP
30,MT,63266,Riverview Colony CDP
30,MT,63400,Roberts CDP
30,MT,63590,Rockport Colony CDP
30,MT,63700,Rockvale CDP
30,MT,63900,Rocky Boy's Agency CDP
30,MT,63928,Rocky Boy West CDP
30,MT,63940,Rocky Point CDP
30,MT,64075,Rollins CDP
30,MT,64150,Ronan city
30,MT,64300,Roscoe CDP
30,MT,64375,Rosebud CDP
30,MT,64525,Roundup city
30,MT,64675,Roy CDP
30,MT,64900,Rudyard CDP
30,MT,64975,Ryegate town
30,MT,65050,Saco town
30,MT,65065,Saddle Butte CDP
30,MT,65160,Sage Creek Colony CDP
30,MT,65275,St. Ignatius town
30,MT,65400,St. Marie CDP
30,MT,65425,St. Mary CDP
30,MT,65537,St. Pierre CDP
30,MT,65575,St. Regis CDP
30,MT,65650,St. Xavier CDP
30,MT,65875,Saltese CDP
30,MT,65950,Sand Coulee CDP
30,MT,66212,Sangrey CDP
30,MT,66250,Santa Rita CDP
30,MT,66317,Sapphire Ridge CDP
30,MT,66550,Savage CDP
30,MT,66925,Scobey city
30,MT,67075,Sedan CDP
30,MT,67150,Seeley Lake CDP
30,MT,67192,Seville Colony CDP
30,MT,67225,Shawmut CDP
30,MT,67450,Shelby city
30,MT,67525,Shepherd CDP
30,MT,67600,Sheridan town
30,MT,67900,Sidney city
30,MT,68050,Silesia CDP
30,MT,68425,Silver Gate CDP
30,MT,68500,Silver Star CDP
30,MT,68575,Simms CDP
30,MT,68985,Sleeping Buffalo CDP
30,MT,69345,Snowslip CDP
30,MT,69475,Somers CDP
30,MT,69680,South Browning CDP
30,MT,69713,South Glastonbury CDP
30,MT,69725,South Hills CDP
30,MT,69900,Spokane Creek CDP
30,MT,70000,Spring Creek Colony CDP
30,MT,70150,Springdale CDP
30,MT,70225,Springdale Colony CDP
30,MT,70375,Springhill CDP
30,MT,70434,Springwater Colony CDP
30,MT,70600,Square Butte CDP
30,MT,70675,Stanford town
30,MT,70825,Starr School CDP
30,MT,71200,Stevensville town
30,MT,71350,Stockett CDP
30,MT,71575,Stryker CDP
30,MT,71800,Sula CDP
30,MT,72175,Sunburst town
30,MT,72305,Sunnybrook Colony CDP
30,MT,72380,Sun Prairie CDP
30,MT,72475,Sun River CDP
30,MT,72625,Superior town
30,MT,72660,Surprise Creek Colony CDP
30,MT,72850,Swan Lake CDP
30,MT,73075,Sweet Grass CDP
30,MT,73165,Sylvanite CDP
30,MT,73675,Terry town
30,MT,73760,The Silos CDP
30,MT,73825,Thompson Falls city
30,MT,73975,Three Forks city
30,MT,74500,Toston CDP
30,MT,74575,Townsend city
30,MT,74650,Tracy CDP
30,MT,74725,Trego CDP
30,MT,74950,Trout Creek CDP
30,MT,75025,Troy city
30,MT,75175,Turah CDP
30,MT,75250,Turner CDP
30,MT,75258,Turner Colony CDP
30,MT,75287,Turtle Lake CDP
30,MT,75475,Twin Bridges town
30,MT,75550,Twin Creeks CDP
30,MT,75590,Twin Hills Colony CDP
30,MT,75700,Twodot CDP
30,MT,75775,Ulm CDP
30,MT,75905,Unionville CDP
30,MT,76075,Utica CDP
30,MT,76225,Valier town
30,MT,76675,Vaughn CDP
30,MT,76900,Victor CDP
30,MT,76975,Vida CDP
30,MT,77125,Virginia City town
30,MT,77650,Walkerville town
30,MT,78143,Warm Spring Creek CDP
30,MT,78775,Weeksville CDP
30,MT,78925,Westby town
30,MT,79075,West Glacier CDP
30,MT,79086,West Glendive CDP
30,MT,79098,West Havre CDP
30,MT,79105,West Kootenai CDP
30,MT,79525,West Yellowstone town
30,MT,79695,Wheatland CDP
30,MT,79825,Whitefish city
30,MT,79900,Whitehall town
30,MT,79935,White Haven CDP
30,MT,80050,White Sulphur Springs city
30,MT,80125,Whitetail CDP
30,MT,80200,Whitewater CDP
30,MT,80275,Whitlash CDP
30,MT,80350,Wibaux town
30,MT,80800,Willow Creek CDP
30,MT,80875,Wilsall CDP
30,MT,80950,Windham CDP
30,MT,80975,Wineglass CDP
30,MT,81025,Winifred town
30,MT,81100,Winnett town
30,MT,81175,Winston CDP
30,MT,81250,Wisdom CDP
30,MT,81325,Wise River CDP
30,MT,81400,Wolf Creek CDP
30,MT,81475,Wolf Point city
30,MT,81700,Woods Bay CDP
30,MT,81925,Worden CDP
30,MT,81980,Wye CDP
30,MT,82075,Wyola CDP
30,MT,82130,Yaak CDP
30,MT,82525,York CDP
30,MT,82635,Zenith Colony CDP
30,MT,82675,Zortman CDP
30,MT,82750,Zurich CDP
31,NE,00205,Abie village
31,NE,00240,Adams village
31,NE,00380,Agnew CDP
31,NE,00415,Ainsworth city
31,NE,00555,Albion city
31,NE,00625,Alda village
31,NE,00730,Alexandria village
31,NE,00870,Allen village
31,NE,00905,Alliance city
31,NE,00975,Alma city
31,NE,01150,Alvo village
31,NE,01220,Ames CDP
31,NE,01290,Amherst village
31,NE,01465,Anoka village
31,NE,01500,Anselmo village
31,NE,01535,Ansley village
31,NE,01780,Arapahoe city
31,NE,01850,Arcadia village
31,NE,01920,Archer CDP
31,NE,01990,Arlington village
31,NE,02095,Arnold village
31,NE,02200,Arthur village
31,NE,02305,Ashland city
31,NE,02375,Ashton village
31,NE,02480,Aten CDP
31,NE,02550,Atkinson city
31,NE,02620,Atlanta village
31,NE,02655,Auburn city
31,NE,02690,Aurora city
31,NE,02795,Avoca village
31,NE,02830,Axtell village
31,NE,02865,Ayr village
31,NE,03005,Bancroft village
31,NE,03040,Barada village
31,NE,03075,Barneston village
31,NE,03145,Bartlett village
31,NE,03180,Bartley village
31,NE,03215,Bassett city
31,NE,03250,Battle Creek city
31,NE,03285,Bayard city
31,NE,03355,Bazile Mills village
31,NE,03377,Beacon View CDP
31,NE,03390,Beatrice city
31,NE,03495,Beaver City city
31,NE,03530,Beaver Crossing village
31,NE,03546,Beaver Lake CDP
31,NE,03600,Bee village
31,NE,03635,Beemer village
31,NE,03775,Belden village
31,NE,03810,Belgrade village
31,NE,03950,Bellevue city
31,NE,04020,Bellwood village
31,NE,04055,Belmar CDP
31,NE,04160,Belvidere village
31,NE,04195,Benedict village
31,NE,04230,Benkelman city
31,NE,04300,Bennet village
31,NE,04405,Bennington city
31,NE,04545,Berea CDP
31,NE,04615,Bertrand village
31,NE,04650,Berwyn village
31,NE,04895,Big Springs village
31,NE,05140,Bladen village
31,NE,05350,Blair city
31,NE,05455,Bloomfield city
31,NE,05490,Bloomington village
31,NE,05560,Blue Hill city
31,NE,05630,Blue Springs city
31,NE,05980,Bow Valley CDP
31,NE,06015,Boys Town village
31,NE,06050,Bradshaw village
31,NE,06085,Brady village
31,NE,06120,Brainard village
31,NE,06260,Brewster village
31,NE,06295,Bridgeport city
31,NE,06400,Bristow village
31,NE,06470,Broadwater village
31,NE,06505,Brock village
31,NE,06610,Broken Bow city
31,NE,06680,Brownlee CDP
31,NE,06750,Brownville village
31,NE,06785,Brule village
31,NE,06820,Bruning village
31,NE,06855,Bruno village
31,NE,06890,Brunswick village
31,NE,06945,Buccaneer Bay CDP
31,NE,07065,Burchard village
31,NE,07205,Burr village
31,NE,07310,Burton village
31,NE,07345,Burwell city
31,NE,07415,Bushnell village
31,NE,07485,Butte village
31,NE,07555,Byron village
31,NE,07625,Cairo village
31,NE,07660,Callaway village
31,NE,07730,Cambridge city
31,NE,07870,Campbell village
31,NE,07975,Carleton village
31,NE,08010,Carroll village
31,NE,08150,Cedar Bluffs village
31,NE,08185,Cedar Creek village
31,NE,08220,Cedar Rapids village
31,NE,08360,Center village
31,NE,08535,Central City city
31,NE,08570,Ceresco village
31,NE,08605,Chadron city
31,NE,08640,Chalco CDP
31,NE,08675,Chambers village
31,NE,08745,Champion CDP
31,NE,08780,Chapman village
31,NE,08885,Chappell city
31,NE,08990,Cheney CDP
31,NE,09095,Chester village
31,NE,09165,Clarks village
31,NE,09200,Clarkson city
31,NE,09270,Clatonia village
31,NE,09375,Clay Center city
31,NE,09445,Clearwater village
31,NE,09655,Clinton village
31,NE,09760,Cody village
31,NE,09865,Coleridge village
31,NE,10005,Colon village
31,NE,10110,Columbus city
31,NE,10180,Comstock village
31,NE,10250,Concord village
31,NE,10390,Cook village
31,NE,10495,Cordova village
31,NE,10600,Cornlea village
31,NE,10635,Cortland village
31,NE,10740,Cotesfield village
31,NE,10985,Cowles village
31,NE,11020,Cozad city
31,NE,11055,Crab Orchard village
31,NE,11090,Craig village
31,NE,11195,Crawford city
31,NE,11230,Creighton city
31,NE,11300,Creston village
31,NE,11370,Crete city
31,NE,11440,Crofton city
31,NE,11475,Crookston village
31,NE,11615,Culbertson village
31,NE,11825,Curtis city
31,NE,11860,Cushing village
31,NE,12000,Dakota City city
31,NE,12070,Dalton village
31,NE,12105,Danbury village
31,NE,12140,Dannebrog village
31,NE,12245,Davenport village
31,NE,12280,Davey village
31,NE,12315,David City city
31,NE,12420,Dawson village
31,NE,12455,Daykin village
31,NE,12525,Decatur village
31,NE,12770,Denton village
31,NE,12840,Deshler city
31,NE,12945,Deweese village
31,NE,13015,De Witt village
31,NE,13085,Diller village
31,NE,13190,Dix village
31,NE,13225,Dixon village
31,NE,13295,Dodge village
31,NE,13365,Doniphan village
31,NE,13435,Dorchester village
31,NE,13505,Douglas village
31,NE,13750,Du Bois village
31,NE,13855,Dunbar village
31,NE,13890,Duncan village
31,NE,13960,Dunning village
31,NE,14065,Dwight village
31,NE,14100,Eagle village
31,NE,14380,Eddyville village
31,NE,14450,Edgar city
31,NE,14520,Edison village
31,NE,14555,Elba village
31,NE,14730,Elgin city
31,NE,14975,Elk Creek village
31,NE,15360,Elm Creek village
31,NE,15430,Elmwood village
31,NE,15500,Elsie village
31,NE,15570,Elwood village
31,NE,15605,Elyria village
31,NE,15675,Emerald CDP
31,NE,15710,Emerson village
31,NE,15815,Emmet village
31,NE,15885,Enders CDP
31,NE,15920,Endicott village
31,NE,16025,Ericson village
31,NE,16165,Eustis village
31,NE,16270,Ewing village
31,NE,16340,Exeter village
31,NE,16410,Fairbury city
31,NE,16445,Fairfield city
31,NE,16550,Fairmont village
31,NE,16655,Falls City city
31,NE,16725,Farnam village
31,NE,16760,Farwell village
31,NE,16830,Filley village
31,NE,16935,Firth village
31,NE,17040,Fontanelle CDP
31,NE,17110,Fordyce village
31,NE,17145,Fort Calhoun city
31,NE,17320,Foster village
31,NE,17530,Franklin city
31,NE,17670,Fremont city
31,NE,17775,Friend city
31,NE,17810,Fullerton city
31,NE,17880,Funk village
31,NE,17950,Gandy village
31,NE,18230,Garland village
31,NE,18300,Garrison village
31,NE,18405,Geneva city
31,NE,18475,Genoa city
31,NE,18580,Gering city
31,NE,18615,Gibbon city
31,NE,18720,Gilead village
31,NE,18825,Giltner village
31,NE,19070,Glenvil village
31,NE,19160,Glenwood CDP
31,NE,19245,Goehner village
31,NE,19350,Gordon city
31,NE,19385,Gothenburg city
31,NE,19455,Grafton village
31,NE,19595,Grand Island city
31,NE,19910,Grant city
31,NE,20050,Greeley Center village
31,NE,20190,Greenwood village
31,NE,20225,Gresham village
31,NE,20260,Gretna city
31,NE,20295,Gross village
31,NE,20365,Guide Rock village
31,NE,20435,Gurley village
31,NE,20470,Hadar village
31,NE,20540,Haigler village
31,NE,20610,Hallam village
31,NE,20680,Halsey village
31,NE,20750,Hamlet village
31,NE,20785,Hampton village
31,NE,20960,Harbine village
31,NE,20995,Hardy village
31,NE,21030,Harrisburg CDP
31,NE,21240,Harrison village
31,NE,21275,Hartington city
31,NE,21345,Harvard city
31,NE,21415,Hastings city
31,NE,21660,Hayes Center village
31,NE,21730,Hay Springs village
31,NE,21765,Hazard village
31,NE,21835,Heartwell village
31,NE,21905,Hebron city
31,NE,22045,Hemingford village
31,NE,22080,Henderson city
31,NE,22115,Hendley village
31,NE,22150,Henry village
31,NE,22185,Herman village
31,NE,22290,Hershey village
31,NE,22325,Hickman city
31,NE,22430,Hildreth village
31,NE,22605,Holbrook village
31,NE,22640,Holdrege city
31,NE,22780,Holmesville CDP
31,NE,22815,Holstein village
31,NE,22920,Homer village
31,NE,23025,Hooper city
31,NE,23200,Hordville village
31,NE,23235,Hoskins village
31,NE,23270,Howard City (Boelus) village
31,NE,23340,Howells village
31,NE,23375,Hubbard village
31,NE,23410,Hubbell village
31,NE,23445,Humboldt city
31,NE,23480,Humphrey city
31,NE,23550,Huntley village
31,NE,23655,Hyannis village
31,NE,23690,Imperial city
31,NE,23725,Inavale CDP
31,NE,23830,Indianola city
31,NE,23970,Inglewood village
31,NE,24005,Inland CDP
31,NE,24075,Inman village
31,NE,24285,Ithaca village
31,NE,24355,Jackson village
31,NE,24530,Jansen village
31,NE,24670,Johnson village
31,NE,24740,Johnstown village
31,NE,24915,Julian village
31,NE,24950,Juniata village
31,NE,25055,Kearney city
31,NE,25160,Kenesaw village
31,NE,25230,Kennard village
31,NE,25335,Keystone CDP
31,NE,25405,Kilgore village
31,NE,25475,Kimball city
31,NE,25510,King Lake CDP
31,NE,25720,Kramer CDP
31,NE,26150,Lakeview CDP
31,NE,26156,Lake Waconda CDP
31,NE,26175,Lamar village
31,NE,26315,La Platte CDP
31,NE,26350,Laurel city
31,NE,26385,La Vista city
31,NE,26420,Lawrence village
31,NE,26455,Lebanon village
31,NE,26560,Leigh village
31,NE,26595,Lemoyne CDP
31,NE,26630,Leshara village
31,NE,26805,Lewellen village
31,NE,26875,Lewiston village
31,NE,26910,Lexington city
31,NE,26980,Liberty village
31,NE,28000,Lincoln city
31,NE,28105,Lindsay village
31,NE,28140,Lindy CDP
31,NE,28165,Linoma Beach CDP
31,NE,28245,Linwood village
31,NE,28315,Lisco CDP
31,NE,28350,Litchfield village
31,NE,28420,Lodgepole village
31,NE,29050,Long Pine city
31,NE,29085,Loomis village
31,NE,29120,Lorenzo CDP
31,NE,29155,Loretto CDP
31,NE,29175,Lorton village
31,NE,29260,Louisville city
31,NE,29470,Loup City city
31,NE,29645,Lushton village
31,NE,29715,Lyman village
31,NE,29750,Lynch village
31,NE,29855,Lyons city
31,NE,29925,McCook city
31,NE,29960,McCool Junction village
31,NE,30030,McGrew village
31,NE,30065,McLean village
31,NE,30170,Macy CDP
31,NE,30240,Madison city
31,NE,30275,Madrid village
31,NE,30310,Magnet village
31,NE,30345,Malcolm village
31,NE,30380,Malmo village
31,NE,30415,Manley village
31,NE,30730,Marquette village
31,NE,30835,Martell CDP
31,NE,30905,Martin CDP
31,NE,30940,Martinsburg village
31,NE,31045,Maskell village
31,NE,31115,Mason City village
31,NE,31150,Max CDP
31,NE,31220,Maxwell village
31,NE,31325,Maywood village
31,NE,31395,Mead village
31,NE,31465,Meadow Grove village
31,NE,31570,Melbeta village
31,NE,31605,Melia CDP
31,NE,31640,Memphis village
31,NE,31780,Merna village
31,NE,31815,Merriman village
31,NE,32060,Milford city
31,NE,32130,Miller village
31,NE,32200,Milligan village
31,NE,32305,Minatare city
31,NE,32340,Minden city
31,NE,32410,Mitchell city
31,NE,32550,Monowi village
31,NE,32585,Monroe village
31,NE,32760,Moorefield village
31,NE,32830,Morrill village
31,NE,32865,Morse Bluff village
31,NE,33250,Mullen village
31,NE,33320,Murdock village
31,NE,33425,Murray village
31,NE,33530,Naper village
31,NE,33565,Naponee village
31,NE,33705,Nebraska City city
31,NE,33740,Nehawka village
31,NE,33775,Neligh city
31,NE,33880,Nelson city
31,NE,33950,Nemaha village
31,NE,33985,Nenzel village
31,NE,34090,Newcastle village
31,NE,34230,Newman Grove city
31,NE,34265,Newport village
31,NE,34300,Nickerson village
31,NE,34370,Niobrara village
31,NE,34545,Nora village
31,NE,34615,Norfolk city
31,NE,34650,Norman village
31,NE,34720,North Bend city
31,NE,34825,North Loup village
31,NE,35000,North Platte city
31,NE,35245,Oak village
31,NE,35385,Oakdale village
31,NE,35490,Oakland city
31,NE,35560,Obert village
31,NE,35665,Oconto village
31,NE,35700,Octavia village
31,NE,35735,Odell village
31,NE,35770,Odessa CDP
31,NE,35875,Offutt AFB CDP
31,NE,35980,Ogallala city
31,NE,36015,Ohiowa village
31,NE,37000,Omaha city
31,NE,37105,O'Neill city
31,NE,37140,Ong village
31,NE,37210,Orchard village
31,NE,37280,Ord city
31,NE,37420,Orleans village
31,NE,37525,Osceola city
31,NE,37560,Oshkosh city
31,NE,37595,Osmond city
31,NE,37630,Otoe village
31,NE,37735,Overland CDP
31,NE,37770,Overton village
31,NE,37910,Oxford village
31,NE,38085,Page village
31,NE,38130,Palisade village
31,NE,38160,Palmer village
31,NE,38190,Palmyra village
31,NE,38225,Panama village
31,NE,38295,Papillion city
31,NE,38365,Parks CDP
31,NE,38575,Pawnee City city
31,NE,38610,Paxton village
31,NE,38750,Pender village
31,NE,38960,Peru city
31,NE,38995,Petersburg village
31,NE,39030,Phillips village
31,NE,39065,Pickrell village
31,NE,39100,Pierce city
31,NE,39135,Pilger village
31,NE,39170,Plainview city
31,NE,39310,Platte Center village
31,NE,39345,Plattsmouth city
31,NE,39380,Pleasant Dale village
31,NE,39450,Pleasanton village
31,NE,39590,Plymouth village
31,NE,39660,Polk village
31,NE,39695,Ponca city
31,NE,39835,Poole CDP
31,NE,39870,Potter village
31,NE,39975,Prague village
31,NE,40255,Prairie Home CDP
31,NE,40325,Preston CDP
31,NE,40360,Primrose village
31,NE,40395,Princeton CDP
31,NE,40430,Prosser village
31,NE,40535,Raeville CDP
31,NE,40570,Ragan village
31,NE,40605,Ralston city
31,NE,40675,Randolph city
31,NE,40710,Ravenna city
31,NE,40780,Raymond village
31,NE,40920,Red Cloud city
31,NE,41130,Republican City village
31,NE,41235,Reynolds village
31,NE,41340,Richfield CDP
31,NE,41375,Richland village
31,NE,41480,Rising City village
31,NE,41515,Riverdale village
31,NE,41760,Riverton village
31,NE,41830,Roca village
31,NE,42075,Rockville village
31,NE,42145,Rogers village
31,NE,42250,Rosalie village
31,NE,42285,Roscoe CDP
31,NE,42355,Roseland village
31,NE,42495,Royal village
31,NE,42670,Rulo village
31,NE,42775,Rushville city
31,NE,42810,Ruskin village
31,NE,43055,St. Edward city
31,NE,43090,St. Helena village
31,NE,43160,St. Libory CDP
31,NE,43265,St. Paul city
31,NE,43370,Salem village
31,NE,43475,Santee village
31,NE,43650,Sarben CDP
31,NE,43685,Sargent city
31,NE,43755,Saronville village
31,NE,44035,Schuyler city
31,NE,44070,Scotia village
31,NE,44245,Scottsbluff city
31,NE,44280,Scribner city
31,NE,44385,Seneca CDP
31,NE,44420,Seward city
31,NE,44595,Shelby village
31,NE,44700,Shelton village
31,NE,45085,Shickley village
31,NE,45190,Sholes village
31,NE,45225,Shubert village
31,NE,45295,Sidney city
31,NE,45400,Silver Creek village
31,NE,45575,Smithfield village
31,NE,45610,Snyder village
31,NE,45680,South Bend village
31,NE,46030,South Sioux City city
31,NE,46135,Spalding village
31,NE,46275,Spencer village
31,NE,46380,Sprague village
31,NE,46520,Springfield city
31,NE,46625,Springview village
31,NE,46695,Stamford village
31,NE,46800,Stanton city
31,NE,46835,Staplehurst village
31,NE,46870,Stapleton village
31,NE,47010,Steele City village
31,NE,47080,Steinauer village
31,NE,47115,Stella village
31,NE,47150,Sterling village
31,NE,47220,Stockham village
31,NE,47290,Stockville village
31,NE,47360,Strang village
31,NE,47395,Stratton village
31,NE,47465,Stromsburg city
31,NE,47500,Stuart village
31,NE,47675,Sumner village
31,NE,47745,Sunol CDP
31,NE,47815,Superior city
31,NE,47850,Surprise village
31,NE,47920,Sutherland village
31,NE,47955,Sutton city
31,NE,48060,Swanton village
31,NE,48235,Syracuse city
31,NE,48270,Table Rock village
31,NE,48305,Talmage village
31,NE,48340,Tamora CDP
31,NE,48410,Tarnov village
31,NE,48445,Taylor village
31,NE,48480,Tecumseh city
31,NE,48515,Tekamah city
31,NE,48585,Terrytown city
31,NE,48690,Thayer village
31,NE,48760,Thedford village
31,NE,48900,Thurston village
31,NE,48935,Tilden city
31,NE,49005,Tobias village
31,NE,49145,Trenton village
31,NE,49285,Trumbull village
31,NE,49320,Tryon CDP
31,NE,49425,Uehling village
31,NE,49460,Ulysses village
31,NE,49530,Unadilla village
31,NE,49635,Union village
31,NE,49880,Upland village
31,NE,49915,Utica village
31,NE,49950,Valentine city
31,NE,50020,Valley city
31,NE,50125,Valparaiso village
31,NE,50230,Venango village
31,NE,50265,Venice CDP
31,NE,50335,Verdel village
31,NE,50370,Verdigre village
31,NE,50510,Verdon village
31,NE,50790,Virginia village
31,NE,50895,Waco village
31,NE,50965,Wahoo city
31,NE,51070,Wakefield city
31,NE,51175,Wallace village
31,NE,51245,Walthill village
31,NE,51280,Walton CDP
31,NE,51350,Wann CDP
31,NE,51595,Washington village
31,NE,51630,Waterbury village
31,NE,51665,Waterloo village
31,NE,51700,Wauneta village
31,NE,51735,Wausa village
31,NE,51770,Waverly city
31,NE,51840,Wayne city
31,NE,52015,Weeping Water city
31,NE,52085,Wellfleet village
31,NE,52295,Western village
31,NE,52330,Westerville CDP
31,NE,52540,Weston village
31,NE,52575,West Point city
31,NE,52855,White Clay CDP
31,NE,52925,Whitney village
31,NE,52960,Wilber city
31,NE,52995,Wilcox village
31,NE,53205,Willow Island CDP
31,NE,53240,Wilsonville village
31,NE,53275,Winnebago village
31,NE,53345,Winnetoon village
31,NE,53380,Winside village
31,NE,53415,Winslow village
31,NE,53450,Wisner city
31,NE,53520,Wolbach village
31,NE,53555,Wood Lake village
31,NE,53575,Woodland Hills CDP
31,NE,53580,Woodland Park CDP
31,NE,53660,Wood River city
31,NE,53835,Wymore city
31,NE,53905,Wynot village
31,NE,54020,Yankee Hill CDP
31,NE,54045,York city
31,NE,54115,Yutan city
32,NV,00500,Alamo CDP
32,NV,01000,Amargosa Valley CDP
32,NV,03700,Austin CDP
32,NV,04100,Baker CDP
32,NV,04900,Battle Mountain CDP
32,NV,05100,Beatty CDP
32,NV,05125,Beaverdam CDP
32,NV,05275,Bennett Springs CDP
32,NV,05700,Blue Diamond CDP
32,NV,06500,Boulder City city
32,NV,08100,Bunkerville CDP
32,NV,08500,Caliente city
32,NV,08600,Cal-Nev-Ari CDP
32,NV,08900,Carlin city
32,NV,09700,Carson City
32,NV,10200,Carter Springs CDP
32,NV,14090,Cold Springs CDP
32,NV,16300,Crescent Valley CDP
32,NV,16700,Crystal Bay CDP
32,NV,17500,Dayton CDP
32,NV,18500,Denio CDP
32,NV,19150,Double Spring CDP
32,NV,19800,Dry Valley CDP
32,NV,20700,Dyer CDP
32,NV,21520,East Valley CDP
32,NV,22500,Elko city
32,NV,23500,Ely city
32,NV,23700,Empire CDP
32,NV,23770,Enterprise CDP
32,NV,23900,Eureka CDP
32,NV,24100,Fallon city
32,NV,24500,Fallon Station CDP
32,NV,24900,Fernley city
32,NV,25000,Fish Springs CDP
32,NV,25490,Fort McDermitt CDP
32,NV,25900,Gabbs CDP
32,NV,26300,Gardnerville CDP
32,NV,26500,Gardnerville Ranchos CDP
32,NV,27100,Genoa CDP
32,NV,27300,Gerlach CDP
32,NV,27900,Glenbrook CDP
32,NV,28500,Golconda CDP
32,NV,28860,Golden Valley CDP
32,NV,28900,Goldfield CDP
32,NV,29500,Goodsprings CDP
32,NV,30220,Grass Valley CDP
32,NV,31300,Hawthorne CDP
32,NV,31900,Henderson city
32,NV,32900,Hiko CDP
32,NV,34100,Humboldt River Ranch CDP
32,NV,34700,Imlay CDP
32,NV,35100,Incline Village CDP
32,NV,35275,Indian Hills CDP
32,NV,35300,Indian Springs CDP
32,NV,36500,Jackpot CDP
32,NV,37190,Johnson Lane CDP
32,NV,38000,Kingsbury CDP
32,NV,38100,Kingston CDP
32,NV,39100,Lakeridge CDP
32,NV,39300,Lamoille CDP
32,NV,40000,Las Vegas city
32,NV,41000,Laughlin CDP
32,NV,41800,Lemmon Valley CDP
32,NV,42350,Logan Creek CDP
32,NV,43000,Lovelock city
32,NV,43400,Lund CDP
32,NV,44000,McDermitt CDP
32,NV,44200,McGill CDP
32,NV,46000,Mesquite city
32,NV,46800,Mina CDP
32,NV,47000,Minden CDP
32,NV,47840,Moapa Town CDP
32,NV,47880,Moapa Valley CDP
32,NV,48000,Mogul CDP
32,NV,48400,Montello CDP
32,NV,49200,Mountain City CDP
32,NV,49310,Mount Charleston CDP
32,NV,49425,Mount Wilson CDP
32,NV,50400,Nellis AFB CDP
32,NV,50600,Nelson CDP
32,NV,51200,Nixon CDP
32,NV,51800,North Las Vegas city
32,NV,52200,Oasis CDP
32,NV,53000,Orovada CDP
32,NV,53200,Osino CDP
32,NV,53600,Owyhee CDP
32,NV,53800,Pahrump CDP
32,NV,54200,Panaca CDP
32,NV,54600,Paradise CDP
32,NV,55400,Paradise Valley CDP
32,NV,57400,Pioche CDP
32,NV,58000,Preston CDP
32,NV,58820,Rachel CDP
32,NV,60600,Reno city
32,NV,62170,Round Hill Village CDP
32,NV,63450,Ruhenstroth CDP
32,NV,63800,Ruth CDP
32,NV,64600,Sandy Valley CDP
32,NV,65400,Schurz CDP
32,NV,65600,Searchlight CDP
32,NV,66800,Silver City CDP
32,NV,67000,Silver Peak CDP
32,NV,67200,Silver Springs CDP
32,NV,67600,Skyland CDP
32,NV,68050,Smith Valley CDP
32,NV,68350,Spanish Springs CDP
32,NV,68400,Sparks city
32,NV,68550,Spring Creek CDP
32,NV,68585,Spring Valley CDP
32,NV,68800,Stagecoach CDP
32,NV,69200,Stateline CDP
32,NV,70900,Summerlin South CDP
32,NV,71400,Sunrise Manor CDP
32,NV,71600,Sun Valley CDP
32,NV,71800,Sutcliffe CDP
32,NV,73600,Tonopah CDP
32,NV,74200,Topaz Lake CDP
32,NV,74400,Topaz Ranch Estates CDP
32,NV,76400,Unionville CDP
32,NV,77200,Ursine CDP
32,NV,78200,Valmy CDP
32,NV,79400,Verdi CDP
32,NV,80000,Virginia City CDP
32,NV,81000,Wadsworth CDP
32,NV,81100,Walker Lake CDP
32,NV,82250,Washoe Valley CDP
32,NV,83000,Wells city
32,NV,83730,West Wendover city
32,NV,83800,Whitney CDP
32,NV,84600,Winchester CDP
32,NV,84800,Winnemucca city
32,NV,85400,Yerington city
32,NV,86200,Zephyr Cove CDP
33,NH,00980,Alton CDP
33,NH,01220,Amherst CDP
33,NH,01620,Antrim CDP
33,NH,01940,Ashland CDP
33,NH,03620,Bartlett CDP
33,NH,04660,Belmont CDP
33,NH,04820,Bennington CDP
33,NH,05140,Berlin city
33,NH,05380,Bethlehem CDP
33,NH,06020,Blodgett Landing CDP
33,NH,06900,Bradford CDP
33,NH,07620,Bristol CDP
33,NH,08900,Canaan CDP
33,NH,10820,Center Ossipee CDP
33,NH,10900,Center Sandwich CDP
33,NH,11300,Charlestown CDP
33,NH,12900,Claremont city
33,NH,13700,Colebrook CDP
33,NH,14200,Concord city
33,NH,14340,Contoocook CDP
33,NH,14580,Conway CDP
33,NH,17860,Derry CDP
33,NH,18820,Dover city
33,NH,19620,Durham CDP
33,NH,21780,East Merrimack CDP
33,NH,24260,Enfield CDP
33,NH,24580,Epping CDP
33,NH,25300,Exeter CDP
33,NH,25940,Farmington CDP
33,NH,27060,Francestown CDP
33,NH,27380,Franklin city
33,NH,29780,Goffstown CDP
33,NH,30180,Gorham CDP
33,NH,31860,Greenville CDP
33,NH,32260,Groveton CDP
33,NH,32980,Hampton CDP
33,NH,33140,Hampton Beach CDP
33,NH,33620,Hancock CDP
33,NH,33780,Hanover CDP
33,NH,35460,Henniker CDP
33,NH,36020,Hillsborough CDP
33,NH,36580,Hinsdale CDP
33,NH,37220,Hooksett CDP
33,NH,37860,Hudson CDP
33,NH,38420,Jaffrey CDP
33,NH,39300,Keene city
33,NH,40120,Klondike Corner CDP
33,NH,40180,Laconia city
33,NH,40340,Lancaster CDP
33,NH,41300,Lebanon city
33,NH,41780,Lincoln CDP
33,NH,41940,Lisbon CDP
33,NH,42500,Littleton CDP
33,NH,43140,Londonderry CDP
33,NH,43300,Loudon CDP
33,NH,45140,Manchester city
33,NH,45380,Marlborough CDP
33,NH,46980,Melvin Village CDP
33,NH,47060,Meredith CDP
33,NH,47940,Milford CDP
33,NH,48580,Milton CDP
33,NH,48740,Milton Mills CDP
33,NH,49600,Mountain Lakes CDP
33,NH,50260,Nashua city
33,NH,50660,New Boston CDP
33,NH,51300,Newfields CDP
33,NH,51460,New Hampton CDP
33,NH,52020,New London CDP
33,NH,52260,Newmarket CDP
33,NH,52500,Newport CDP
33,NH,53860,North Conway CDP
33,NH,54740,North Haverhill CDP
33,NH,56420,North Walpole CDP
33,NH,57220,North Woodstock CDP
33,NH,60500,Peterborough CDP
33,NH,61220,Pinardville CDP
33,NH,61860,Pittsfield CDP
33,NH,62260,Plainfield CDP
33,NH,62580,Plymouth CDP
33,NH,62900,Portsmouth city
33,NH,63940,Raymond CDP
33,NH,65140,Rochester city
33,NH,67460,Sanbornville CDP
33,NH,68340,Seabrook Beach CDP
33,NH,69940,Somersworth city
33,NH,71220,South Hooksett CDP
33,NH,74780,Suissevale CDP
33,NH,75140,Suncook CDP
33,NH,77100,Tilton Northfield CDP
33,NH,77300,Troy CDP
33,NH,77780,Union CDP
33,NH,78340,Walpole CDP
33,NH,78500,Warner CDP
33,NH,83620,West Stewartstown CDP
33,NH,83700,West Swanzey CDP
33,NH,84340,Whitefield CDP
33,NH,85140,Wilton CDP
33,NH,85460,Winchester CDP
33,NH,86340,Wolfeboro CDP
33,NH,87140,Woodsville CDP
34,NJ,00100,Absecon city
34,NJ,00160,Absecon Highlands CDP
34,NJ,00640,Allamuchy CDP
34,NJ,00700,Allendale borough
34,NJ,00730,Allenhurst borough
34,NJ,00760,Allentown borough
34,NJ,00790,Allenwood CDP
34,NJ,00850,Alloway CDP
34,NJ,01030,Alpha borough
34,NJ,01090,Alpine borough
34,NJ,01184,Ampere North CDP
34,NJ,01300,Anderson CDP
34,NJ,01330,Andover borough
34,NJ,01480,Annandale CDP
34,NJ,01825,Arrowhead Lake CDP
34,NJ,01900,Asbury CDP
34,NJ,01960,Asbury Park city
34,NJ,01990,Ashland CDP
34,NJ,02020,Atco CDP
34,NJ,02080,Atlantic City city
34,NJ,02110,Atlantic Highlands borough
34,NJ,02170,Auburn CDP
34,NJ,02200,Audubon borough
34,NJ,02230,Audubon Park borough
34,NJ,02320,Avalon borough
34,NJ,02350,Avenel CDP
34,NJ,02440,Avon-by-the-Sea borough
34,NJ,02880,Barclay CDP
34,NJ,02920,Bargaintown CDP
34,NJ,03040,Barnegat CDP
34,NJ,03130,Barnegat Light borough
34,NJ,03250,Barrington borough
34,NJ,03340,Basking Ridge CDP
34,NJ,03520,Bay Head borough
34,NJ,03580,Bayonne city
34,NJ,03940,Beach Haven borough
34,NJ,04120,Beach Haven West CDP
34,NJ,04180,Beachwood borough
34,NJ,04252,Beattystown CDP
34,NJ,04400,Beckett CDP
34,NJ,04420,Bedminster CDP
34,NJ,04540,Beesleys Point CDP
34,NJ,04600,Belford CDP
34,NJ,04630,Belle Mead CDP
34,NJ,04660,Belleplain CDP
34,NJ,04750,Bellmawr borough
34,NJ,04930,Belmar borough
34,NJ,04990,Belvidere town
34,NJ,05170,Bergenfield borough
34,NJ,05440,Berlin borough
34,NJ,05590,Bernardsville borough
34,NJ,05740,Beverly city
34,NJ,06025,Blackwells Mills CDP
34,NJ,06040,Blackwood CDP
34,NJ,06130,Blairstown CDP
34,NJ,06190,Blawenburg CDP
34,NJ,06340,Bloomingdale borough
34,NJ,06370,Bloomsbury borough
34,NJ,06490,Bogota borough
34,NJ,06610,Boonton town
34,NJ,06670,Bordentown city
34,NJ,06790,Bound Brook borough
34,NJ,06970,Bradley Beach borough
34,NJ,07000,Bradley Gardens CDP
34,NJ,07120,Brainards CDP
34,NJ,07300,Branchville borough
34,NJ,07360,Brass Castle CDP
34,NJ,07570,Bridgeport CDP
34,NJ,07600,Bridgeton city
34,NJ,07660,Bridgeville CDP
34,NJ,07728,Bridgewater Center CDP
34,NJ,07750,Brielle borough
34,NJ,07810,Brigantine city
34,NJ,08020,Broadway CDP
34,NJ,08110,Brookdale CDP
34,NJ,08140,Brookfield CDP
34,NJ,08170,Brooklawn borough
34,NJ,08260,Brookside CDP
34,NJ,08455,Browns Mills CDP
34,NJ,08492,Brownville CDP
34,NJ,08620,Budd Lake CDP
34,NJ,08680,Buena borough
34,NJ,08890,Burleigh CDP
34,NJ,08920,Burlington city
34,NJ,09040,Butler borough
34,NJ,09100,Buttzville CDP
34,NJ,09170,Byram Center CDP
34,NJ,09250,Caldwell borough
34,NJ,09280,Califon borough
34,NJ,10000,Camden city
34,NJ,10270,Cape May city
34,NJ,10300,Cape May Court House CDP
34,NJ,10330,Cape May Point borough
34,NJ,10450,Carlls Corner CDP
34,NJ,10480,Carlstadt borough
34,NJ,10600,Carneys Point CDP
34,NJ,10750,Carteret borough
34,NJ,11140,Cedar Glen Lakes CDP
34,NJ,11155,Cedar Glen West CDP
34,NJ,11290,Cedar Knolls CDP
34,NJ,11410,Cedarville CDP
34,NJ,11770,Centre Grove CDP
34,NJ,12100,Chatham borough
34,NJ,12385,Cherry Hill Mall CDP
34,NJ,12550,Chesilhurst borough
34,NJ,12580,Chester borough
34,NJ,13360,Clayton borough
34,NJ,13395,Clearbrook CDP
34,NJ,13420,Clementon borough
34,NJ,13570,Cliffside Park borough
34,NJ,13630,Cliffwood Beach CDP
34,NJ,13690,Clifton city
34,NJ,13720,Clinton town
34,NJ,13810,Closter borough
34,NJ,13990,Clyde CDP
34,NJ,14230,Collings Lakes CDP
34,NJ,14260,Collingswood borough
34,NJ,14350,Cologne CDP
34,NJ,14380,Colonia CDP
34,NJ,14590,Columbia CDP
34,NJ,14758,Concordia CDP
34,NJ,14815,Connecticut Farms CDP
34,NJ,14980,Cookstown CDP
34,NJ,15160,Corbin City city
34,NJ,15250,Country Lake Estates CDP
34,NJ,15520,Cranbury CDP
34,NJ,15610,Crandon Lakes CDP
34,NJ,15638,Cranford CDP
34,NJ,15730,Cream Ridge CDP
34,NJ,15820,Cresskill borough
34,NJ,15910,Crestwood Village CDP
34,NJ,16060,Crosswicks CDP
34,NJ,16278,Cumberland-Hesstown CDP
34,NJ,16630,Dayton CDP
34,NJ,16660,Deal borough
34,NJ,16720,Deans CDP
34,NJ,16960,Deerfield Street CDP
34,NJ,17200,Delaware CDP
34,NJ,17260,Delaware Park CDP
34,NJ,17410,Delmont CDP
34,NJ,17530,Demarest borough
34,NJ,17590,Dennisville CDP
34,NJ,17815,Diamond Beach CDP
34,NJ,17890,Dividing Creek CDP
34,NJ,18010,Dorchester CDP
34,NJ,18040,Dorothy CDP
34,NJ,18070,Dover town
34,NJ,18148,Dover Beaches North CDP
34,NJ,18151,Dover Beaches South CDP
34,NJ,18400,Dumont borough
34,NJ,18490,Dunellen borough
34,NJ,18632,Dutch Neck CDP
34,NJ,19130,East Franklin CDP
34,NJ,19150,East Freehold CDP
34,NJ,19330,East Millstone CDP
34,NJ,19360,East Newark borough
34,NJ,19390,East Orange city
34,NJ,19490,East Rocky Hill CDP
34,NJ,19510,East Rutherford borough
34,NJ,19690,East Vineland CDP
34,NJ,19840,Eatontown borough
34,NJ,19900,Echelon CDP
34,NJ,20020,Edgewater borough
34,NJ,20350,Egg Harbor City city
34,NJ,21000,Elizabeth city
34,NJ,21120,Ellisburg CDP
34,NJ,21240,Elmer borough
34,NJ,21300,Elmwood Park borough
34,NJ,21420,Elwood CDP
34,NJ,21450,Emerson borough
34,NJ,21473,Encore at Monroe CDP
34,NJ,21480,Englewood city
34,NJ,21510,Englewood Cliffs borough
34,NJ,21540,English Creek CDP
34,NJ,21570,Englishtown borough
34,NJ,21660,Erma CDP
34,NJ,21840,Essex Fells borough
34,NJ,21870,Estell Manor city
34,NJ,22440,Fair Haven borough
34,NJ,22470,Fair Lawn borough
34,NJ,22530,Fairton CDP
34,NJ,22560,Fairview borough
34,NJ,22740,Fairview CDP
34,NJ,22860,Fanwood borough
34,NJ,22890,Far Hills borough
34,NJ,22950,Farmingdale borough
34,NJ,23250,Fieldsboro borough
34,NJ,23310,Finderne CDP
34,NJ,23340,Finesville CDP
34,NJ,23610,Flagtown CDP
34,NJ,23640,Flanders CDP
34,NJ,23700,Flemington borough
34,NJ,23820,Florence CDP
34,NJ,23910,Florham Park borough
34,NJ,23940,Folsom borough
34,NJ,24030,Fords CDP
34,NJ,24180,Forked River CDP
34,NJ,24285,Forsgate CDP
34,NJ,24300,Fort Dix CDP
34,NJ,24360,Fortescue CDP
34,NJ,24420,Fort Lee borough
34,NJ,24930,Franklin borough
34,NJ,24965,Franklin Center CDP
34,NJ,24990,Franklin Lakes borough
34,NJ,25020,Franklin Park CDP
34,NJ,25050,Franklinville CDP
34,NJ,25200,Freehold borough
34,NJ,25350,Frenchtown borough
34,NJ,25590,Gandys Beach CDP
34,NJ,25770,Garfield city
34,NJ,25800,Garwood borough
34,NJ,26010,Germania CDP
34,NJ,26070,Gibbsboro borough
34,NJ,26100,Gibbstown CDP
34,NJ,26220,Gillette CDP
34,NJ,26340,Glassboro borough
34,NJ,26520,Glendora CDP
34,NJ,26550,Glen Gardner borough
34,NJ,26610,Glen Ridge borough
34,NJ,26640,Glen Rock borough
34,NJ,26820,Gloucester City city
34,NJ,26902,Golden Triangle CDP
34,NJ,27030,Goshen CDP
34,NJ,27060,Gouldtown CDP
34,NJ,27360,Great Meadows CDP
34,NJ,27390,Great Notch CDP
34,NJ,27840,Green Knoll CDP
34,NJ,27995,Greentree CDP
34,NJ,28020,Green Village CDP
34,NJ,28140,Greenwich CDP (Cumberland County)
34,NJ,28250,Greenwich CDP (Warren County)
34,NJ,28380,Grenloch CDP
34,NJ,28470,Griggstown CDP
34,NJ,28620,Groveville CDP
34,NJ,28650,Guttenberg town
34,NJ,28680,Hackensack city
34,NJ,28710,Hackettstown town
34,NJ,28770,Haddonfield borough
34,NJ,28800,Haddon Heights borough
34,NJ,28920,Hainesburg CDP
34,NJ,29070,Haledon borough
34,NJ,29220,Hamburg borough
34,NJ,29370,Hamilton Square CDP
34,NJ,29430,Hammonton town
34,NJ,29460,Hampton borough
34,NJ,29520,Hancocks Bridge CDP
34,NJ,29940,Harlingen CDP
34,NJ,30060,Harmony CDP
34,NJ,30150,Harrington Park borough
34,NJ,30210,Harrison town
34,NJ,30270,Harrisonville CDP
34,NJ,30390,Harvey Cedars borough
34,NJ,30420,Hasbrouck Heights borough
34,NJ,30540,Haworth borough
34,NJ,30570,Hawthorne borough
34,NJ,30738,Heathcote CDP
34,NJ,30810,Heislerville CDP
34,NJ,30840,Helmetta borough
34,NJ,31110,Hewitt CDP
34,NJ,31170,Hibernia CDP
34,NJ,31320,High Bridge borough
34,NJ,31410,Highland Lakes CDP
34,NJ,31470,Highland Park borough
34,NJ,31500,Highlands borough
34,NJ,31620,Hightstown borough
34,NJ,31880,Hillsborough CDP
34,NJ,31920,Hillsdale borough
34,NJ,32220,Hi-Nella borough
34,NJ,32250,Hoboken city
34,NJ,32310,Ho-Ho-Kus borough
34,NJ,32415,Holiday City-Berkeley CDP
34,NJ,32418,Holiday City South CDP
34,NJ,32424,Holiday Heights CDP
34,NJ,32910,Hopatcong borough
34,NJ,33030,Hope CDP
34,NJ,33090,Hopelawn CDP
34,NJ,33150,Hopewell borough
34,NJ,33690,Hutchinson CDP
34,NJ,34200,Interlaken borough
34,NJ,34470,Iselin CDP
34,NJ,34530,Island Heights borough
34,NJ,34890,Jamesburg borough
34,NJ,36000,Jersey City city
34,NJ,36120,Jobstown CDP
34,NJ,36150,Johnsonburg CDP
34,NJ,36300,Juliustown CDP
34,NJ,36480,Keansburg borough
34,NJ,36484,Kean University CDP
34,NJ,36510,Kearny town
34,NJ,36570,Keasbey CDP
34,NJ,36660,Kendall Park CDP
34,NJ,36690,Kenilworth borough
34,NJ,36720,Kenvil CDP
34,NJ,36810,Keyport borough
34,NJ,36930,Kingston CDP
34,NJ,36960,Kingston Estates CDP
34,NJ,37110,Kinnelon borough
34,NJ,37560,Lake Como borough
34,NJ,37680,Lake Hiawatha CDP
34,NJ,37710,Lake Hopatcong CDP
34,NJ,37770,Lakehurst borough
34,NJ,38040,Lake Mohawk CDP
34,NJ,38296,Lakeside-Beebe Run CDP
34,NJ,38430,Lake Telemark CDP
34,NJ,38580,Lakewood CDP
34,NJ,38610,Lambertville city
34,NJ,38670,Lamington CDP
34,NJ,38700,Landing CDP
34,NJ,39045,Laurel Heights CDP
34,NJ,39120,Laurel Lake CDP
34,NJ,39210,Laurel Springs borough
34,NJ,39360,Laurence Harbor CDP
34,NJ,39390,Lavallette borough
34,NJ,39420,Lawnside borough
34,NJ,39570,Lawrenceville CDP
34,NJ,39600,Layton CDP
34,NJ,39630,Lebanon borough
34,NJ,39750,Ledgewood CDP
34,NJ,39810,Leeds Point CDP
34,NJ,39870,Leesburg CDP
34,NJ,39883,Leisure Knoll CDP
34,NJ,39885,Leisuretowne CDP
34,NJ,39900,Leisure Village CDP
34,NJ,39910,Leisure Village East CDP
34,NJ,39916,Leisure Village West CDP
34,NJ,39990,Leonardo CDP
34,NJ,40020,Leonia borough
34,NJ,40140,Liberty Corner CDP
34,NJ,40290,Lincoln Park borough
34,NJ,40320,Lincroft CDP
34,NJ,40350,Linden city
34,NJ,40440,Lindenwold borough
34,NJ,40530,Linwood city
34,NJ,40680,Little Ferry borough
34,NJ,40770,Little Silver borough
34,NJ,40990,Llewellyn Park CDP
34,NJ,41010,Loch Arbour village
34,NJ,41100,Lodi borough
34,NJ,41310,Long Branch city
34,NJ,41370,Longport borough
34,NJ,41400,Long Valley CDP
34,NJ,41495,Lopatcong Overlook CDP
34,NJ,41700,Lower Berkshire Valley CDP
34,NJ,42180,Lyons CDP
34,NJ,42390,McGuire AFB CDP
34,NJ,42420,McKee City CDP
34,NJ,42450,Macopin CDP
34,NJ,42510,Madison borough
34,NJ,42540,Madison Park CDP
34,NJ,42630,Magnolia borough
34,NJ,42840,Malaga CDP
34,NJ,42930,Manahawkin CDP
34,NJ,43050,Manasquan borough
34,NJ,43380,Mantoloking borough
34,NJ,43620,Manville borough
34,NJ,43890,Margate City city
34,NJ,43980,Marksboro CDP
34,NJ,44010,Marlboro CDP
34,NJ,44100,Marlton CDP
34,NJ,44280,Marmora CDP
34,NJ,44345,Marshallville CDP
34,NJ,44430,Martinsville CDP
34,NJ,44520,Matawan borough
34,NJ,44670,Mauricetown CDP
34,NJ,44820,Mays Landing CDP
34,NJ,44880,Maywood borough
34,NJ,45210,Medford Lakes borough
34,NJ,45330,Mendham borough
34,NJ,45450,Menlo Park Terrace CDP
34,NJ,45480,Mercerville CDP
34,NJ,45510,Merchantville borough
34,NJ,45690,Metuchen borough
34,NJ,45780,Mickleton CDP
34,NJ,45870,Middlebush CDP
34,NJ,45900,Middlesex borough
34,NJ,46110,Midland Park borough
34,NJ,46260,Milford borough
34,NJ,46470,Millington CDP
34,NJ,46590,Millstone borough
34,NJ,46620,Milltown borough
34,NJ,46680,Millville city
34,NJ,46710,Milmay CDP
34,NJ,46980,Mizpah CDP
34,NJ,47006,Money Island CDP
34,NJ,47130,Monmouth Beach borough
34,NJ,47190,Monmouth Junction CDP
34,NJ,47380,Monroe Manor CDP
34,NJ,47524,Montclair State University CDP
34,NJ,47610,Montvale borough
34,NJ,47700,Moonachie borough
34,NJ,47895,Moorestown-Lenola CDP
34,NJ,48030,Morganville CDP
34,NJ,48210,Morris Plains borough
34,NJ,48300,Morristown town
34,NJ,48450,Mountain Lake CDP
34,NJ,48480,Mountain Lakes borough
34,NJ,48510,Mountainside borough
34,NJ,48690,Mount Arlington borough
34,NJ,48750,Mount Ephraim borough
34,NJ,48840,Mount Hermon CDP
34,NJ,48930,Mount Hope CDP
34,NJ,49200,Mount Royal CDP
34,NJ,49290,Mount Tabor CDP
34,NJ,49440,Mullica Hill CDP
34,NJ,49560,Mystic Island CDP
34,NJ,49680,National Park borough
34,NJ,49740,Navesink CDP
34,NJ,49920,Neptune City borough
34,NJ,50010,Nesco CDP
34,NJ,50040,Neshanic CDP
34,NJ,50100,Neshanic Station CDP
34,NJ,50130,Netcong borough
34,NJ,51000,Newark city
34,NJ,51210,New Brunswick city
34,NJ,51360,New Egypt CDP
34,NJ,51390,Newfield borough
34,NJ,51420,Newfoundland CDP
34,NJ,51450,New Gretna CDP
34,NJ,51660,New Milford borough
34,NJ,51750,Newport CDP
34,NJ,51810,New Providence borough
34,NJ,51930,Newton town
34,NJ,51990,Newtonville CDP
34,NJ,52020,New Vernon CDP
34,NJ,52050,New Village CDP
34,NJ,52320,North Arlington borough
34,NJ,52410,North Beach Haven CDP
34,NJ,52620,North Caldwell borough
34,NJ,52650,North Cape May CDP
34,NJ,52950,Northfield city
34,NJ,53040,North Haledon borough
34,NJ,53205,North Middletown CDP
34,NJ,53280,North Plainfield borough
34,NJ,53430,Northvale borough
34,NJ,53490,North Wildwood city
34,NJ,53610,Norwood borough
34,NJ,53790,Oakhurst CDP
34,NJ,53850,Oakland borough
34,NJ,53880,Oaklyn borough
34,NJ,53910,Oak Ridge CDP
34,NJ,54060,Oak Valley CDP
34,NJ,54315,Ocean Acres CDP
34,NJ,54360,Ocean City city
34,NJ,54450,Ocean Gate borough
34,NJ,54480,Ocean Grove CDP
34,NJ,54570,Oceanport borough
34,NJ,54600,Ocean View CDP
34,NJ,54630,Oceanville CDP
34,NJ,54660,Ogdensburg borough
34,NJ,54690,Old Bridge CDP
34,NJ,54870,Old Tappan borough
34,NJ,54900,Oldwick CDP
34,NJ,54960,Olivet CDP
34,NJ,54990,Oradell borough
34,NJ,55320,Othello CDP
34,NJ,55500,Oxford CDP
34,NJ,55620,Packanack Lake CDP
34,NJ,55710,Palermo CDP
34,NJ,55770,Palisades Park borough
34,NJ,55800,Palmyra borough
34,NJ,55895,Panther Valley CDP
34,NJ,55950,Paramus borough
34,NJ,56130,Park Ridge borough
34,NJ,56430,Parsippany CDP
34,NJ,56550,Passaic city
34,NJ,57000,Paterson city
34,NJ,57150,Paulsboro borough
34,NJ,57300,Peapack and Gladstone borough
34,NJ,57360,Pedricktown CDP
34,NJ,57480,Pemberton borough
34,NJ,57540,Pemberton Heights CDP
34,NJ,57600,Pennington borough
34,NJ,57750,Penns Grove borough
34,NJ,57840,Pennsville CDP
34,NJ,58200,Perth Amboy city
34,NJ,58350,Phillipsburg town
34,NJ,58590,Pine Beach borough
34,NJ,58650,Pine Brook CDP
34,NJ,58770,Pine Hill borough
34,NJ,58830,Pine Lake Park CDP
34,NJ,58852,Pine Ridge at Crestwood CDP
34,NJ,58860,Pines Lake CDP
34,NJ,59070,Pitman borough
34,NJ,59190,Plainfield city
34,NJ,59285,Plainsboro Center CDP
34,NJ,59385,Pleasantdale CDP
34,NJ,59500,Pleasant Plains CDP
34,NJ,59640,Pleasantville city
34,NJ,59730,Pluckemin CDP
34,NJ,59880,Point Pleasant borough
34,NJ,59910,Point Pleasant Beach borough
34,NJ,60030,Pomona CDP
34,NJ,60090,Pompton Lakes borough
34,NJ,60120,Pompton Plains CDP
34,NJ,60210,Port Colden CDP
34,NJ,60240,Port Elizabeth CDP
34,NJ,60360,Port Monmouth CDP
34,NJ,60390,Port Morris CDP
34,NJ,60450,Port Murray CDP
34,NJ,60510,Port Norris CDP
34,NJ,60540,Port Reading CDP
34,NJ,60600,Port Republic city
34,NJ,60750,Pottersville CDP
34,NJ,60810,Preakness CDP
34,NJ,60840,Presidential Lakes Estates CDP
34,NJ,60900,Princeton
34,NJ,60960,Princeton Junction CDP
34,NJ,60975,Princeton Meadows CDP
34,NJ,61170,Prospect Park borough
34,NJ,61440,Quinton CDP
34,NJ,61530,Rahway city
34,NJ,61560,Rainbow Lakes CDP
34,NJ,61632,Ramapo College of New Jersey CDP
34,NJ,61650,Ramblewood CDP
34,NJ,61680,Ramsey borough
34,NJ,61725,Ramtown CDP
34,NJ,61980,Raritan borough
34,NJ,62430,Red Bank borough
34,NJ,62585,Regency at Monroe CDP
34,NJ,62605,Renaissance at Monroe CDP
34,NJ,62790,Richland CDP
34,NJ,62820,Richwood CDP
34,NJ,62910,Ridgefield borough
34,NJ,62940,Ridgefield Park village
34,NJ,63000,Ridgewood village
34,NJ,63120,Ringoes CDP
34,NJ,63150,Ringwood borough
34,NJ,63180,Rio Grande CDP
34,NJ,63300,Riverdale borough
34,NJ,63360,River Edge borough
34,NJ,63660,Riverton borough
34,NJ,63810,Roadstown CDP
34,NJ,63858,Robbinsville Center CDP
34,NJ,63900,Robertsville CDP
34,NJ,64050,Rockaway borough
34,NJ,64170,Rockleigh borough
34,NJ,64320,Rocky Hill borough
34,NJ,64350,Roebling CDP
34,NJ,64410,Roosevelt borough
34,NJ,64590,Roseland borough
34,NJ,64620,Roselle borough
34,NJ,64650,Roselle Park borough
34,NJ,64740,Rosenhayn CDP
34,NJ,64860,Ross Corner CDP
34,NJ,64865,Rossmoor CDP
34,NJ,65130,Rumson borough
34,NJ,65160,Runnemede borough
34,NJ,65249,Rutgers University-Busch Campus CDP
34,NJ,65260,Rutgers University-Livingston Campus CDP
34,NJ,65280,Rutherford borough
34,NJ,65400,Saddle River borough
34,NJ,65490,Salem city
34,NJ,65790,Sayreville borough
34,NJ,66240,Sea Bright borough
34,NJ,66300,Seabrook Farms CDP
34,NJ,66330,Sea Girt borough
34,NJ,66390,Sea Isle City city
34,NJ,66450,Seaside Heights borough
34,NJ,66480,Seaside Park borough
34,NJ,66540,Seaville CDP
34,NJ,66570,Secaucus town
34,NJ,66615,Seeley CDP
34,NJ,66720,Sewaren CDP
34,NJ,66750,Sewell CDP
34,NJ,66840,Shark River Hills CDP
34,NJ,66970,Sheppards Mill CDP
34,NJ,67020,Shiloh borough
34,NJ,67110,Ship Bottom borough
34,NJ,67320,Short Hills CDP
34,NJ,67350,Shrewsbury borough
34,NJ,67470,Sicklerville CDP
34,NJ,67583,Silver Lake CDP (Cumberland County)
34,NJ,67590,Silver Lake CDP (Essex County)
34,NJ,67650,Silver Lake CDP (Warren County)
34,NJ,67665,Silver Ridge CDP
34,NJ,67770,Singac CDP
34,NJ,67820,Six Mile Run CDP
34,NJ,67860,Skillman CDP
34,NJ,68190,Smithville CDP
34,NJ,68340,Somerdale borough
34,NJ,68370,Somerset CDP
34,NJ,68430,Somers Point city
34,NJ,68460,Somerville borough
34,NJ,68550,South Amboy city
34,NJ,68730,South Bound Brook borough
34,NJ,68850,South Dennis CDP
34,NJ,69390,South Plainfield borough
34,NJ,69420,South River borough
34,NJ,69480,South Seaville CDP
34,NJ,69510,South Toms River borough
34,NJ,69810,Spotswood borough
34,NJ,69900,Springdale CDP
34,NJ,70018,Springfield CDP
34,NJ,70110,Spring Lake borough
34,NJ,70140,Spring Lake Heights borough
34,NJ,70380,Stanhope borough
34,NJ,70800,Stewartsville CDP
34,NJ,70920,Stirling CDP
34,NJ,70980,Stockton borough
34,NJ,70984,Stockton University CDP
34,NJ,70987,Stonebridge CDP
34,NJ,71010,Stone Harbor borough
34,NJ,71220,Stratford borough
34,NJ,71250,Strathmere CDP
34,NJ,71280,Strathmore CDP
34,NJ,71370,Succasunna CDP
34,NJ,71430,Summit city
34,NJ,71628,Sunset Lake CDP
34,NJ,71640,Surf City borough
34,NJ,71670,Sussex borough
34,NJ,71850,Swedesboro borough
34,NJ,71880,Sweetwater CDP
34,NJ,72240,Tavistock borough
34,NJ,72420,Tenafly borough
34,NJ,72435,Ten Mile Run CDP
34,NJ,72480,Teterboro borough
34,NJ,72580,The College of New Jersey CDP
34,NJ,72635,The Hills CDP
34,NJ,72726,The Ponds CDP
34,NJ,72810,Thorofare CDP
34,NJ,72870,Three Bridges CDP
34,NJ,73020,Tinton Falls borough
34,NJ,73050,Titusville CDP
34,NJ,73110,Toms River CDP
34,NJ,73140,Totowa borough
34,NJ,73170,Towaco CDP
34,NJ,74000,Trenton city
34,NJ,74150,Troy Hills CDP
34,NJ,74180,Tuckahoe CDP
34,NJ,74210,Tuckerton borough
34,NJ,74270,Turnersville CDP
34,NJ,74330,Twin Rivers CDP
34,NJ,74478,Union CDP
34,NJ,74540,Union Beach borough
34,NJ,74630,Union City city
34,NJ,74930,Upper Greenwood Lake CDP
34,NJ,75020,Upper Montclair CDP
34,NJ,75120,Upper Pohatcong CDP
34,NJ,75140,Upper Saddle River borough
34,NJ,75145,Upper Stewartsville CDP
34,NJ,75590,Vauxhall CDP
34,NJ,75620,Ventnor City city
34,NJ,75745,Vernon Center CDP
34,NJ,75750,Vernon Valley CDP
34,NJ,75890,Victory Gardens borough
34,NJ,75920,Victory Lakes CDP
34,NJ,75950,Vienna CDP
34,NJ,76010,Villas CDP
34,NJ,76040,Vincentown CDP
34,NJ,76070,Vineland city
34,NJ,76107,Vista Center CDP
34,NJ,76250,Voorhees CDP
34,NJ,76400,Waldwick borough
34,NJ,76490,Wallington borough
34,NJ,76700,Wanamassa CDP
34,NJ,76730,Wanaque borough
34,NJ,76820,Waretown CDP
34,NJ,77270,Washington borough
34,NJ,77330,Washington Crossing CDP
34,NJ,77600,Watchung borough
34,NJ,77750,Watsessing CDP
34,NJ,78110,Wenonah borough
34,NJ,78350,West Belmar CDP
34,NJ,78410,West Berlin CDP
34,NJ,78530,West Cape May borough
34,NJ,79040,Westfield town
34,NJ,79100,West Freehold CDP
34,NJ,79310,West Long Branch borough
34,NJ,79520,Westmont CDP
34,NJ,79610,West New York town
34,NJ,79715,Weston CDP
34,NJ,79810,West Park CDP
34,NJ,80120,Westville borough
34,NJ,80210,West Wildwood borough
34,NJ,80270,Westwood borough
34,NJ,80390,Wharton borough
34,NJ,80540,Whippany CDP
34,NJ,80630,White Horse CDP
34,NJ,80720,White House Station CDP
34,NJ,80750,White Meadow Lake CDP
34,NJ,80840,Whitesboro CDP
34,NJ,81042,Whittingham CDP
34,NJ,81170,Wildwood city
34,NJ,81200,Wildwood Crest borough
34,NJ,81365,William Paterson University of New Jersey CDP
34,NJ,81380,Williamstown CDP
34,NJ,81620,Windsor CDP
34,NJ,81890,Woodbine borough
34,NJ,81950,Woodbridge CDP
34,NJ,82120,Woodbury city
34,NJ,82180,Woodbury Heights borough
34,NJ,82300,Woodcliff Lake borough
34,NJ,82423,Woodland Park borough
34,NJ,82450,Woodlynne borough
34,NJ,82570,Wood-Ridge borough
34,NJ,82720,Woodstown borough
34,NJ,82960,Wrightstown borough
34,NJ,83170,Yardville CDP
34,NJ,83245,Yorketown CDP
34,NJ,83290,Zarephath CDP
35,NM,00240,Abeytas CDP
35,NM,00310,Abiquiu CDP
35,NM,00765,Acomita Lake CDP
35,NM,00940,Adelino CDP
35,NM,01220,Agua Fria CDP
35,NM,01640,Alamillo CDP
35,NM,01710,Alamo CDP
35,NM,01780,Alamogordo city
35,NM,02000,Albuquerque city
35,NM,02070,Alcalde CDP
35,NM,02210,Algodones CDP
35,NM,02560,Alma CDP
35,NM,03400,Angel Fire village
35,NM,03680,Angustura CDP
35,NM,03750,Animas CDP
35,NM,03820,Anthony city
35,NM,03890,Anton Chico CDP
35,NM,03970,Anzac Village CDP
35,NM,04030,Apache Creek CDP
35,NM,04450,Aragon CDP
35,NM,04660,Arenas Valley CDP
35,NM,04870,Arrey CDP
35,NM,05002,Arroyo Hondo CDP (Santa Fe County)
35,NM,05010,Arroyo Hondo CDP (Taos County)
35,NM,05150,Arroyo Seco CDP
35,NM,05220,Artesia city
35,NM,05430,Atoka CDP
35,NM,05780,Aztec city
35,NM,06220,Barton CDP
35,NM,06270,Bayard city
35,NM,06340,Becenti CDP
35,NM,06425,Beclabito CDP
35,NM,06480,Belen city
35,NM,06760,Bent CDP
35,NM,06830,Berino CDP
35,NM,06970,Bernalillo town
35,NM,07145,Bibo CDP
35,NM,07492,Black Hat CDP
35,NM,07670,Black Rock CDP
35,NM,07810,Blanco CDP
35,NM,07880,Bloomfield city
35,NM,08180,Bluewater CDP
35,NM,08190,Bluewater Village CDP
35,NM,08440,Boles Acres CDP
35,NM,08493,Borrego Pass CDP
35,NM,08580,Bosque Farms village
35,NM,08860,Brazos CDP
35,NM,09035,Brimhall Nizhoni CDP
35,NM,09202,Broadview CDP
35,NM,09630,Buckhorn CDP
35,NM,09980,Butterfield Park CDP
35,NM,10050,Caballo CDP
35,NM,10470,Cañada de los Alamos CDP
35,NM,10592,Candy Kitchen CDP
35,NM,10610,Canjilon CDP
35,NM,10750,Cannon AFB CDP
35,NM,10770,Cañon CDP
35,NM,11256,Cañoncito CDP
35,NM,11310,Cañones CDP
35,NM,11520,Canova CDP
35,NM,11800,Capitan village
35,NM,12010,Capulin CDP
35,NM,12150,Carlsbad city
35,NM,12430,Carnuel CDP
35,NM,12500,Carrizozo town
35,NM,12786,Casa Colorada CDP
35,NM,12833,Casas Adobes CDP
35,NM,12844,Catalpa Canyon CDP
35,NM,12850,Causey village
35,NM,13200,Cedar Crest CDP
35,NM,13270,Cedar Grove CDP
35,NM,13340,Cedar Hill CDP
35,NM,13450,Cedro CDP
35,NM,13540,Center Point CDP
35,NM,13970,Chama village
35,NM,14040,Chamberino CDP
35,NM,14110,Chamisal CDP
35,NM,14180,Chamita CDP
35,NM,14200,Chamizal CDP
35,NM,14250,Chaparral CDP
35,NM,14670,Chical CDP
35,NM,14810,Chili CDP
35,NM,14880,Chilili CDP
35,NM,14950,Chimayo CDP
35,NM,15300,Chupadero CDP
35,NM,15370,Church Rock CDP
35,NM,15440,Cimarron village
35,NM,15560,City of the Sun CDP
35,NM,15720,Clayton town
35,NM,15860,Cliff CDP
35,NM,16280,Cloudcroft village
35,NM,16420,Clovis city
35,NM,16490,Cobre CDP
35,NM,16560,Cochiti CDP
35,NM,16585,Cochiti Lake CDP
35,NM,17050,Columbus village
35,NM,17260,Conchas Dam CDP
35,NM,17295,Conejo CDP
35,NM,17330,Continental Divide CDP
35,NM,17610,Cordova CDP
35,NM,17680,Corona village
35,NM,17960,Corrales village
35,NM,18240,Costilla CDP
35,NM,18310,Cotton City CDP
35,NM,18660,Coyote CDP
35,NM,18770,Crestview CDP
35,NM,18905,Crouch Mesa CDP
35,NM,18940,Crownpoint CDP
35,NM,19010,Cruzville CDP
35,NM,19080,Crystal CDP
35,NM,19110,Cuartelez CDP
35,NM,19150,Cuba village
35,NM,19220,Cubero CDP
35,NM,19500,Cundiyo CDP
35,NM,19640,Cuyamungue CDP
35,NM,19645,Cuyamungue Grant CDP
35,NM,19920,Datil CDP
35,NM,20015,Deer Canyon CDP
35,NM,20270,Deming city
35,NM,20480,Des Moines village
35,NM,20620,Dexter town
35,NM,20830,Dixon CDP
35,NM,21110,Doña Ana CDP
35,NM,21180,Dora village
35,NM,21390,Dulce CDP
35,NM,21810,Duran CDP
35,NM,22020,Eagle Nest village
35,NM,22230,East Pecos CDP
35,NM,22380,Edgewood town
35,NM,22389,Edith Enclave CDP
35,NM,22580,El Cerro CDP
35,NM,22582,El Cerro Mission CDP
35,NM,22625,Eldorado at Santa Fe CDP
35,NM,22650,El Duende CDP
35,NM,22720,Elephant Butte city
35,NM,23000,Elida town
35,NM,23497,El Morro Valley CDP
35,NM,23840,El Rancho CDP
35,NM,24120,El Rito CDP
35,NM,24347,El Valle de Arroyo Seco CDP
35,NM,24453,Encantado CDP
35,NM,24540,Encinal CDP
35,NM,24610,Encino village
35,NM,24960,Ensenada CDP
35,NM,25100,Escondida CDP
35,NM,25135,Escudilla Bonita CDP
35,NM,25170,Española city
35,NM,25380,Estancia town
35,NM,25450,Eunice city
35,NM,25590,Fairacres CDP
35,NM,25800,Farmington city
35,NM,25870,Faywood CDP
35,NM,26010,Fence Lake CDP
35,NM,26360,Flora Vista CDP
35,NM,26570,Floyd village
35,NM,26780,Folsom village
35,NM,27340,Fort Sumner village
35,NM,27410,Fort Wingate CDP
35,NM,27760,Fruitland CDP
35,NM,27970,Galisteo CDP
35,NM,28180,Gallina CDP
35,NM,28460,Gallup city
35,NM,28530,Gamerco CDP
35,NM,28670,Garfield CDP
35,NM,29160,Gila CDP
35,NM,29230,Gila Hot Springs CDP
35,NM,29540,Glen Acres CDP
35,NM,29790,Glenwood CDP
35,NM,29860,Glorieta CDP
35,NM,30000,Golden CDP
35,NM,30035,Golden Acres CDP
35,NM,30210,Grady village
35,NM,30490,Grants city
35,NM,30770,Grenville village
35,NM,31190,Hachita CDP
35,NM,31330,Hagerman town
35,NM,31540,Hanover CDP
35,NM,31680,Happy Valley CDP
35,NM,31820,Hatch village
35,NM,31925,Haystack CDP
35,NM,32100,Hernandez CDP
35,NM,32148,Highland Meadows CDP
35,NM,32160,High Rolls CDP
35,NM,32380,Hillsboro CDP
35,NM,32520,Hobbs city
35,NM,32940,Holloman AFB CDP
35,NM,33122,Homer C Jones CDP
35,NM,33130,Homestead CDP
35,NM,33290,Hope village
35,NM,33640,Hot Springs Landing CDP
35,NM,33710,House village
35,NM,33850,Hurley town
35,NM,33920,Hyde Park CDP
35,NM,34430,Indian Hills CDP
35,NM,34620,Isleta CDP
35,NM,34830,Iyanbito CDP
35,NM,34900,Jacona CDP
35,NM,34925,Jaconita CDP
35,NM,35040,Jal city
35,NM,35070,Jamestown CDP
35,NM,35110,Jarales CDP
35,NM,35250,Jemez Pueblo CDP
35,NM,35320,Jemez Springs village
35,NM,35595,Keeler Farm CDP
35,NM,36090,Kingston CDP
35,NM,36230,Kirtland town
35,NM,36300,Kirtland AFB CDP
35,NM,36555,La Bajada CDP
35,NM,36567,La Boca CDP
35,NM,36720,La Cienega CDP
35,NM,36880,La Cueva CDP (Sandoval County)
35,NM,36930,La Cueva CDP (Santa Fe County)
35,NM,37070,Laguna CDP
35,NM,37407,La Hacienda CDP
35,NM,37420,La Huerta CDP
35,NM,37490,La Jara CDP
35,NM,37700,La Joya CDP
35,NM,37840,Lake Arthur town
35,NM,37860,Lake Roberts CDP
35,NM,37862,Lake Roberts Heights CDP
35,NM,37875,Lake Sumner CDP
35,NM,37910,Lake Valley CDP
35,NM,38330,La Luz CDP
35,NM,38470,La Madera CDP (Rio Arriba County)
35,NM,38540,La Madera CDP (Sandoval County)
35,NM,38680,La Mesa CDP
35,NM,38820,La Mesilla CDP
35,NM,38890,Lamy CDP
35,NM,39030,La Plata CDP
35,NM,39170,La Puebla CDP
35,NM,39332,Las Campanas CDP
35,NM,39380,Las Cruces city
35,NM,39430,Las Maravillas CDP
35,NM,39450,Las Nutrias CDP
35,NM,39520,Las Palomas CDP
35,NM,39792,Las Tusas CDP
35,NM,39940,Las Vegas city
35,NM,40074,La Tierra CDP
35,NM,40220,La Union CDP
35,NM,40360,La Villita CDP
35,NM,40525,Lee Acres CDP
35,NM,40570,Lemitar CDP
35,NM,41130,Lindrith CDP
35,NM,41340,Little Walnut Village CDP
35,NM,41420,Livingston Wheeler CDP
35,NM,41620,Llano del Medio CDP
35,NM,41953,Lobo Canyon CDP
35,NM,41970,Loco Hills CDP
35,NM,42040,Logan village
35,NM,42180,Lordsburg city
35,NM,42320,Los Alamos CDP
35,NM,42600,Los Cerrillos CDP
35,NM,42740,Los Chaves CDP
35,NM,43300,Los Luceros CDP
35,NM,43370,Los Lunas village
35,NM,43510,Los Ojos CDP
35,NM,43930,Los Ranchos de Albuquerque village
35,NM,44420,Loving village
35,NM,44490,Lovington city
35,NM,44595,Lower Frisco CDP
35,NM,45190,Luis Lopez CDP
35,NM,45260,Lumberton CDP
35,NM,45330,Luna CDP
35,NM,45365,Lybrook CDP
35,NM,45400,Lyden CDP
35,NM,45690,McCartys Village CDP
35,NM,45890,McGaffey CDP
35,NM,46030,McIntosh CDP
35,NM,46100,Madrid CDP
35,NM,46170,Madrone CDP
35,NM,46310,Magdalena village
35,NM,46380,Malaga CDP
35,NM,46660,Manuelito CDP
35,NM,46730,Manzano CDP
35,NM,46770,Manzano Springs CDP
35,NM,47080,Maxwell village
35,NM,47150,Mayhill CDP
35,NM,47220,Meadow Lake CDP
35,NM,47360,Medanales CDP
35,NM,47570,Melrose village
35,NM,47920,Mescalero CDP
35,NM,48060,Mesilla town
35,NM,48200,Mesita CDP
35,NM,48270,Mesquite CDP
35,NM,48425,Middle Frisco CDP
35,NM,48435,Middle Mesa CDP
35,NM,48480,Midway CDP
35,NM,48620,Milan village
35,NM,48830,Mimbres CDP
35,NM,49180,Mogollon CDP
35,NM,49515,Monterey Park CDP
35,NM,49950,Monument CDP
35,NM,50020,Moquino CDP
35,NM,50090,Mora CDP
35,NM,50160,Moriarty city
35,NM,50195,Morningside CDP
35,NM,50300,Mosquero village
35,NM,50370,Mountainair town
35,NM,50512,Mountain View CDP (Cibola County)
35,NM,50515,Mountain View CDP (Luna County)
35,NM,50615,Mount Taylor CDP
35,NM,50720,Nadine CDP
35,NM,50790,Nageezi CDP
35,NM,50860,Nakaibito CDP
35,NM,50930,Nambe CDP
35,NM,51035,Napi Headquarters CDP
35,NM,51140,Nara Visa CDP
35,NM,51280,Naschitti CDP
35,NM,51420,Navajo CDP
35,NM,51490,Navajo Dam CDP
35,NM,51715,Nenahnezad CDP
35,NM,51770,Newcomb CDP
35,NM,51840,Newkirk CDP
35,NM,52190,Nogal CDP
35,NM,52300,North Acomita Village CDP
35,NM,52500,North Hobbs CDP
35,NM,52540,North Hurley CDP
35,NM,52560,North Light Plant CDP
35,NM,52680,North San Ysidro CDP
35,NM,52750,North Valley CDP
35,NM,53010,Oasis CDP
35,NM,53150,Ohkay Owingeh CDP
35,NM,53485,Ojo Amarillo CDP
35,NM,53590,Ojo Caliente CDP
35,NM,53620,Ojo Encino CDP
35,NM,53730,Ojo Sarco CDP
35,NM,54097,Old Town CDP
35,NM,54430,Organ CDP
35,NM,54500,Orogrande CDP
35,NM,54675,Paa-Ko CDP
35,NM,54710,Paguate CDP
35,NM,54940,Pajarito Mesa CDP
35,NM,55270,Paradise Hills CDP
35,NM,55340,Paraje CDP
35,NM,55550,Pastura CDP
35,NM,55595,Peak Place CDP
35,NM,55605,Pecan Park CDP
35,NM,55620,Pecos village
35,NM,55830,Peña Blanca CDP
35,NM,55900,Peñasco CDP
35,NM,56180,Peralta town
35,NM,56748,Picacho Hills CDP
35,NM,56810,Picuris Pueblo CDP
35,NM,56950,Pie Town CDP
35,NM,57160,Pinedale CDP
35,NM,57175,Pinehaven CDP
35,NM,57190,Pinehill CDP
35,NM,57440,Pinon CDP
35,NM,57510,Pinos Altos CDP
35,NM,57990,Placitas CDP (Doña Ana County)
35,NM,58070,Placitas CDP (Sandoval County)
35,NM,58210,Playas CDP
35,NM,58420,Pleasanton CDP
35,NM,58630,Pojoaque CDP
35,NM,58910,Polvadera CDP
35,NM,58980,Ponderosa CDP
35,NM,59120,Ponderosa Pine CDP
35,NM,59260,Portales city
35,NM,59540,Prewitt CDP
35,NM,59750,Pueblito CDP
35,NM,59820,Pueblitos CDP
35,NM,59840,Pueblo CDP
35,NM,59950,Pueblo of Sandia Village CDP
35,NM,60000,Pueblo Pintado CDP
35,NM,60170,Puerto de Luna CDP
35,NM,60205,Pulpotio Bareas CDP
35,NM,60310,Punta de Agua CDP
35,NM,60327,Purty Rock CDP
35,NM,60730,Quemado CDP
35,NM,60870,Questa village
35,NM,61010,Radium Springs CDP
35,NM,61220,Ramah CDP
35,NM,61675,Rancho Grande CDP
35,NM,61710,Ranchos de Taos CDP
35,NM,62060,Raton city
35,NM,62200,Red River town
35,NM,62270,Redrock CDP
35,NM,62295,Red Rock Ranch CDP
35,NM,62340,Regina CDP
35,NM,62620,Reserve village
35,NM,62760,Ribera CDP
35,NM,62900,Rincon CDP
35,NM,63110,Rio Chiquito CDP
35,NM,63145,Rio Communities city
35,NM,63168,Rio en Medio CDP
35,NM,63250,Rio Lucio CDP
35,NM,63460,Rio Rancho city
35,NM,63530,Rio Rancho Estates CDP
35,NM,63660,Rivers CDP
35,NM,64230,Rock Springs CDP
35,NM,64370,Rodeo CDP
35,NM,64440,Rodey CDP
35,NM,64900,Rosedale CDP
35,NM,64930,Roswell city
35,NM,65000,Rowe CDP
35,NM,65070,Roy village
35,NM,65210,Ruidoso village
35,NM,65280,Ruidoso Downs city
35,NM,65560,Sacramento CDP
35,NM,65595,Sagar CDP
35,NM,65840,Salem CDP
35,NM,65910,San Acacia CDP
35,NM,66120,San Antonio CDP
35,NM,66330,San Antonito CDP (Bernalillo County)
35,NM,66400,San Antonito CDP (Socorro County)
35,NM,66540,San Cristobal CDP
35,NM,66765,Sandia Heights CDP
35,NM,66890,Sandia Knolls CDP
35,NM,66960,Sandia Park CDP
35,NM,67450,San Felipe Pueblo CDP
35,NM,67520,San Fidel CDP
35,NM,68010,San Ildefonso Pueblo CDP
35,NM,68150,San Jon village
35,NM,68430,San Jose CDP (Rio Arriba County)
35,NM,68500,San Jose CDP (San Miguel County)
35,NM,68920,San Lorenzo CDP
35,NM,69060,San Luis CDP
35,NM,69270,San Mateo CDP
35,NM,69410,San Miguel CDP
35,NM,69620,Sanostee CDP
35,NM,69645,San Pablo CDP
35,NM,69825,San Pedro CDP
35,NM,69875,San Rafael CDP
35,NM,70250,Santa Ana Pueblo CDP
35,NM,70270,Santa Clara village
35,NM,70390,Santa Clara Pueblo CDP
35,NM,70460,Santa Cruz CDP
35,NM,70500,Santa Fe city
35,NM,70505,Santa Fe Foothills CDP
35,NM,70670,Santa Rosa city
35,NM,70700,Santa Teresa CDP
35,NM,70810,Santo Domingo Pueblo CDP
35,NM,71015,San Ysidro CDP
35,NM,71020,San Ysidro village
35,NM,71145,Sausal CDP
35,NM,71440,Seama CDP
35,NM,71510,Seboyeta CDP
35,NM,71700,Sedillo CDP
35,NM,71790,Sena CDP
35,NM,72140,Seton Village CDP
35,NM,72600,Sheep Springs CDP
35,NM,72770,Shiprock CDP
35,NM,73260,Silver City town
35,NM,73440,Skyline-Ganipa CDP
35,NM,73540,Socorro city
35,NM,73680,Soham CDP
35,NM,73890,Sombrillo CDP
35,NM,73925,South Acomita Village CDP
35,NM,74275,South River CDP
35,NM,74520,South Valley CDP
35,NM,74660,Spencerville CDP
35,NM,74800,Springer town
35,NM,75010,Stanley CDP
35,NM,75465,Stoneridge CDP
35,NM,75605,Sundance CDP
35,NM,75640,Sunland Park city
35,NM,75650,Sunlit Hills CDP
35,NM,75710,Sunshine CDP
35,NM,76060,Tajique CDP
35,NM,76130,Talpa CDP
35,NM,76165,Tano Road CDP
35,NM,76200,Taos town
35,NM,76410,Taos Pueblo CDP
35,NM,76480,Taos Ski Valley village
35,NM,76620,Tatum town
35,NM,76760,Tecolote CDP
35,NM,76830,Tecolotito CDP
35,NM,77040,Tesuque CDP
35,NM,77100,Tesuque Pueblo CDP
35,NM,77250,Texico city
35,NM,77530,Thoreau CDP
35,NM,77635,Thunder Mountain CDP
35,NM,77670,Tierra Amarilla CDP
35,NM,77880,Tijeras village
35,NM,77930,Timberlake CDP
35,NM,77950,Timberon CDP
35,NM,78440,Tohatchi CDP
35,NM,78650,Tome CDP
35,NM,79070,Torreon CDP (Sandoval County)
35,NM,79140,Torreon CDP (Torrance County)
35,NM,79210,Tortugas CDP
35,NM,79264,Totah Vista CDP
35,NM,79500,Tres Arroyos CDP
35,NM,79680,Trout Valley CDP
35,NM,79700,Truchas CDP
35,NM,79840,Truth or Consequences city
35,NM,79885,Tse Bonito CDP
35,NM,79910,Tucumcari city
35,NM,79980,Tularosa village
35,NM,80120,Turley CDP
35,NM,80470,Twin Forks CDP
35,NM,80540,Twin Lakes CDP
35,NM,80820,Tyrone CDP
35,NM,81030,University Park CDP
35,NM,81177,Upper Fruitland CDP
35,NM,81450,Ute Park CDP
35,NM,81520,Vadito CDP
35,NM,81590,Vado CDP
35,NM,81775,Valencia CDP (Santa Fe County)
35,NM,81800,Valencia CDP (Valencia County)
35,NM,82332,Valle Vista CDP
35,NM,82430,Vanderwagen CDP
35,NM,82570,Vaughn town
35,NM,82640,Veguita CDP
35,NM,82710,Velarde CDP
35,NM,82800,Ventura CDP
35,NM,83130,Villanueva CDP
35,NM,83200,Virden village
35,NM,83340,Wagon Mound village
35,NM,83760,Waterflow CDP
35,NM,83830,Watrous CDP
35,NM,83970,Weed CDP
35,NM,84200,West Hammond CDP
35,NM,84505,White Cliffs CDP
35,NM,84740,White Rock CDP
35,NM,84845,White Sands CDP
35,NM,84950,Whites City CDP
35,NM,84975,White Signal CDP
35,NM,85160,Willard village
35,NM,85230,Williams Acres CDP
35,NM,85300,Williamsburg village
35,NM,85485,Windmill CDP
35,NM,85720,Winston CDP
35,NM,85860,Yah-ta-hey CDP
35,NM,86210,Youngsville CDP
35,NM,86420,Zia Pueblo CDP
35,NM,86595,Zuni Pueblo CDP
36,NY,00155,Accord CDP
36,NY,00199,Adams village
36,NY,00232,Adams Center CDP
36,NY,00276,Addison village
36,NY,00342,Afton village
36,NY,00408,Airmont village
36,NY,00441,Akron village
36,NY,00457,Akwesasne CDP
36,NY,01000,Albany city
36,NY,01011,Albertson CDP
36,NY,01033,Albion village
36,NY,01088,Alden village
36,NY,01154,Alexander village
36,NY,01187,Alexandria Bay village
36,NY,01198,Alfred village
36,NY,01286,Allegany village
36,NY,01440,Almond village
36,NY,01517,Altamont village
36,NY,01550,Altmar CDP
36,NY,01572,Altona CDP
36,NY,01594,Amagansett CDP
36,NY,01682,Amenia CDP
36,NY,01737,Ames village
36,NY,02044,Amityville village
36,NY,02066,Amsterdam city
36,NY,02121,Andes CDP
36,NY,02143,Andover village
36,NY,02176,Angelica village
36,NY,02198,Angola village
36,NY,02220,Angola on the Lake CDP
36,NY,02286,Antwerp village
36,NY,02308,Apalachin CDP
36,NY,02374,Aquebogue CDP
36,NY,02407,Arcade village
36,NY,02506,Ardsley village
36,NY,02550,Argyle village
36,NY,02583,Arkport village
36,NY,02616,Arlington CDP
36,NY,02649,Armonk CDP
36,NY,02737,Asharoken village
36,NY,02902,Athens village
36,NY,02968,Atlantic Beach village
36,NY,03001,Attica village
36,NY,03078,Auburn city
36,NY,03188,Aurora village
36,NY,03254,Au Sable Forks CDP
36,NY,03320,Averill Park CDP
36,NY,03331,Avoca village
36,NY,03353,Avon village
36,NY,03408,Babylon village
36,NY,04033,Bainbridge village
36,NY,04055,Baiting Hollow CDP
36,NY,04143,Baldwin CDP
36,NY,04198,Baldwinsville village
36,NY,04253,Ballston Spa village
36,NY,04286,Balmville CDP
36,NY,04388,Bard College CDP
36,NY,04396,Bardonia CDP
36,NY,04440,Barker village
36,NY,04528,Barneveld CDP
36,NY,04550,Barnum Island CDP
36,NY,04605,Barrytown CDP
36,NY,04616,Barryville CDP
36,NY,04715,Batavia city
36,NY,04759,Bath village
36,NY,04803,Baxter Estates village
36,NY,04891,Bay Park CDP
36,NY,04913,Bayport CDP
36,NY,04935,Bay Shore CDP
36,NY,05034,Bayville village
36,NY,05039,Baywood CDP
36,NY,05100,Beacon city
36,NY,05188,Beaver Dam Lake CDP
36,NY,05309,Bedford CDP
36,NY,05342,Bedford Hills CDP
36,NY,05562,Belfast CDP
36,NY,05639,Bellerose village
36,NY,05661,Bellerose Terrace CDP
36,NY,05672,Belle Terre village
36,NY,05683,Belleville CDP
36,NY,05738,Bellmore CDP
36,NY,05771,Bellport village
36,NY,05815,Belmont village
36,NY,05848,Bemus Point village
36,NY,06046,Bergen village
36,NY,06387,Bethpage CDP
36,NY,06464,Big Flats CDP
36,NY,06574,Billington Heights CDP
36,NY,06607,Binghamton city
36,NY,06644,Binghamton University CDP
36,NY,06794,Black River village
36,NY,06849,Blasdell village
36,NY,06860,Blauvelt CDP
36,NY,06904,Bliss CDP
36,NY,06937,Blodgett Mills CDP
36,NY,06945,Bloomfield village
36,NY,06959,Bloomingburg village
36,NY,07025,Bloomville CDP
36,NY,07069,Blue Point CDP
36,NY,07157,Bohemia CDP
36,NY,07190,Bolivar village
36,NY,07245,Bolton Landing CDP
36,NY,07355,Boonville village
36,NY,07960,Brasher Falls CDP
36,NY,08004,Breesport CDP
36,NY,08059,Brewerton CDP
36,NY,08070,Brewster village
36,NY,08081,Brewster Heights CDP
36,NY,08092,Brewster Hill CDP
36,NY,08103,Briarcliff Manor village
36,NY,08136,Bridgehampton CDP
36,NY,08147,Bridgeport CDP
36,NY,08158,Bridgeville CDP
36,NY,08169,Bridgewater CDP
36,NY,08257,Brighton CDP
36,NY,08323,Brightwaters village
36,NY,08334,Brinckerhoff CDP
36,NY,08422,Broadalbin village
36,NY,08466,Brockport village
36,NY,08488,Brocton village
36,NY,08532,Bronxville village
36,NY,09000,Brookhaven CDP
36,NY,10077,Brooktondale CDP
36,NY,10132,Brookville village
36,NY,10231,Brownville village
36,NY,10286,Brushton village
36,NY,10341,Buchanan village
36,NY,11000,Buffalo city
36,NY,11132,Burdett village
36,NY,11154,Burke village
36,NY,11220,Burlington Flats CDP
36,NY,11440,Busti CDP
36,NY,11550,Byersville CDP
36,NY,11616,Cadyville CDP
36,NY,11638,Cairo CDP
36,NY,11671,Calcium CDP
36,NY,11704,Caledonia village
36,NY,11748,Callicoon CDP
36,NY,11781,Calverton CDP
36,NY,11825,Cambridge village
36,NY,11847,Camden village
36,NY,11902,Camillus village
36,NY,11935,Campbell CDP
36,NY,12111,Canajoharie village
36,NY,12144,Canandaigua city
36,NY,12177,Canaseraga village
36,NY,12188,Canastota village
36,NY,12210,Candor village
36,NY,12254,Canisteo village
36,NY,12331,Canton village
36,NY,12353,Cape Vincent village
36,NY,12402,Captree CDP
36,NY,12419,Carle Place CDP
36,NY,12518,Carmel CDP
36,NY,12584,Caroga Lake CDP
36,NY,12683,Carthage village
36,NY,12749,Cassadaga village
36,NY,12771,Castile village
36,NY,12870,Castleton-on-Hudson village
36,NY,12881,Castorland village
36,NY,12958,Cato village
36,NY,13002,Catskill village
36,NY,13024,Cattaraugus village
36,NY,13068,Cayuga village
36,NY,13079,Cayuga Heights village
36,NY,13145,Cazenovia village
36,NY,13233,Cedarhurst village
36,NY,13288,Celoron village
36,NY,13299,Cementon CDP
36,NY,13376,Centereach CDP
36,NY,13420,Center Moriches CDP
36,NY,13442,Centerport CDP
36,NY,13530,Central Bridge CDP
36,NY,13552,Central Islip CDP
36,NY,13585,Central Square village
36,NY,13618,Centre Island village
36,NY,13662,Chadwicks CDP
36,NY,13739,Champlain village
36,NY,13805,Chappaqua CDP
36,NY,13981,Chateaugay village
36,NY,14003,Chatham village
36,NY,14036,Chaumont village
36,NY,14058,Chautauqua CDP
36,NY,14102,Chazy CDP
36,NY,15000,Cheektowaga CDP
36,NY,15060,Chelsea Cove CDP
36,NY,15121,Chenango Bridge CDP
36,NY,15187,Cherry Creek CDP
36,NY,15242,Cherry Valley village
36,NY,15297,Chester village
36,NY,15363,Chestertown CDP
36,NY,15400,Chestnut Ridge village
36,NY,15561,Chittenango village
36,NY,15638,Churchville village
36,NY,15814,Clarence CDP
36,NY,15836,Clarence Center CDP
36,NY,15902,Clark Mills CDP
36,NY,15946,Clarkson CDP
36,NY,16050,Claverack-Red Mills CDP
36,NY,16089,Clayton village
36,NY,16111,Clayville village
36,NY,16188,Cleveland village
36,NY,16298,Clifton Gardens CDP
36,NY,16322,Clifton Knolls-Mill Creek CDP
36,NY,16375,Clifton Springs village
36,NY,16419,Clinton village
36,NY,16452,Clintondale CDP
36,NY,16573,Clyde village
36,NY,16628,Cobleskill village
36,NY,16727,Cohocton village
36,NY,16749,Cohoes city
36,NY,16815,Cold Brook village
36,NY,16936,Cold Spring village
36,NY,16958,Cold Spring Harbor CDP
36,NY,17332,Colonie village
36,NY,17398,Colton CDP
36,NY,17530,Commack CDP
36,NY,17607,Conesus CDP
36,NY,17622,Conesus Lake CDP
36,NY,17739,Congers CDP
36,NY,17882,Constableville village
36,NY,17893,Constantia CDP
36,NY,18036,Coopers Plains CDP
36,NY,18047,Cooperstown village
36,NY,18091,Copake CDP
36,NY,18113,Copake Falls CDP
36,NY,18124,Copake Lake CDP
36,NY,18135,Copenhagen village
36,NY,18146,Copiague CDP
36,NY,18157,Coram CDP
36,NY,18201,Corfu village
36,NY,18212,Corinth village
36,NY,18256,Corning city
36,NY,18333,Cornwall-on-Hudson village
36,NY,18388,Cortland city
36,NY,18443,Cortland West CDP
36,NY,18542,Country Knolls CDP
36,NY,18597,Cove Neck village
36,NY,18718,Coxsackie village
36,NY,18762,Cragsmoor CDP
36,NY,18817,Cranberry Lake CDP
36,NY,18993,Crest View Heights CDP
36,NY,19070,Croghan village
36,NY,19092,Crompond CDP
36,NY,19213,Croton-on-Hudson village
36,NY,19229,Crown Heights CDP
36,NY,19290,Crugers CDP
36,NY,19308,Crystal Beach CDP
36,NY,19356,Cuba village
36,NY,19408,Cumberland Head CDP
36,NY,19411,Cumminsville CDP
36,NY,19466,Cutchogue CDP
36,NY,19510,Cuylerville CDP
36,NY,19587,Dalton CDP
36,NY,19609,Danby CDP
36,NY,19642,Dannemora village
36,NY,19664,Dansville village
36,NY,19774,Davenport Center CDP
36,NY,19972,Deer Park CDP
36,NY,19994,Deferiet village
36,NY,20049,DeKalb Junction CDP
36,NY,20082,Delanson village
36,NY,20115,Delevan village
36,NY,20126,Delhi village
36,NY,20302,Depauville CDP
36,NY,20313,Depew village
36,NY,20346,Deposit village
36,NY,20379,Dering Harbor village
36,NY,20390,DeRuyter village
36,NY,20467,De Witt CDP
36,NY,20500,Dexter village
36,NY,20687,Dix Hills CDP
36,NY,20698,Dobbs Ferry village
36,NY,20731,Dolgeville village
36,NY,20841,Dover Plains CDP
36,NY,20852,Downsville CDP
36,NY,20896,Dresden village
36,NY,20951,Dryden village
36,NY,20989,Duane Lake CDP
36,NY,20995,Duanesburg CDP
36,NY,21050,Dundee village
36,NY,21105,Dunkirk city
36,NY,21226,Durhamville CDP
36,NY,21380,Eagle Bay CDP
36,NY,21523,Earlville village
36,NY,21578,East Atlantic Beach CDP
36,NY,21589,East Aurora village
36,NY,21600,East Avon CDP
36,NY,21809,Eastchester CDP
36,NY,21919,East Durham CDP
36,NY,21985,East Farmingdale CDP
36,NY,22029,East Frankfort CDP
36,NY,22084,East Glenville CDP
36,NY,22106,East Greenbush CDP
36,NY,22183,East Hampton village
36,NY,22200,East Hampton North CDP
36,NY,22238,East Herkimer CDP
36,NY,22260,East Hills village
36,NY,22315,East Islip CDP
36,NY,22326,East Ithaca CDP
36,NY,22370,East Kingston CDP
36,NY,22447,East Marion CDP
36,NY,22480,East Massapequa CDP
36,NY,22502,East Meadow CDP
36,NY,22546,East Moriches CDP
36,NY,22557,East Nassau village
36,NY,22612,East Northport CDP
36,NY,22623,East Norwich CDP
36,NY,22733,East Patchogue CDP
36,NY,22810,Eastport CDP
36,NY,22832,East Quogue CDP
36,NY,22843,East Randolph CDP
36,NY,22865,East Rochester village
36,NY,22876,East Rockaway village
36,NY,22964,East Setauket CDP
36,NY,22980,East Shoreham CDP
36,NY,23052,East Syracuse village
36,NY,23217,East Williston village
36,NY,23283,East Worcester CDP
36,NY,23316,Eatons Neck CDP
36,NY,23404,Eden CDP
36,NY,23602,Edmeston CDP
36,NY,23635,Edwards CDP
36,NY,23701,Eggertsville CDP
36,NY,23745,Elba village
36,NY,23789,Elbridge village
36,NY,23811,Eldred CDP
36,NY,23822,Elizabethtown CDP
36,NY,23965,Ellenville village
36,NY,24020,Ellicottville village
36,NY,24075,Ellisburg village
36,NY,24141,Elma Center CDP
36,NY,24229,Elmira city
36,NY,24251,Elmira Heights village
36,NY,24273,Elmont CDP
36,NY,24295,Elmsford village
36,NY,24405,Elwood CDP
36,NY,24515,Endicott village
36,NY,24526,Endwell CDP
36,NY,24625,Erin CDP
36,NY,24713,Esperance village
36,NY,24823,Evans Mills village
36,NY,24867,Fabius village
36,NY,24988,Fair Haven village
36,NY,25043,Fairmount CDP
36,NY,25076,Fairport village
36,NY,25109,Fairview CDP (Dutchess County)
36,NY,25120,Fairview CDP (Westchester County)
36,NY,25164,Falconer village
36,NY,25230,Fallsburg CDP
36,NY,25384,Farmingdale village
36,NY,25417,Farmingville CDP
36,NY,25428,Farnham village
36,NY,25527,Fayetteville village
36,NY,25571,Felts Mills CDP
36,NY,25747,Fillmore CDP
36,NY,25839,Fire Island CDP
36,NY,25857,Firthcliffe CDP
36,NY,25923,Fishers Island CDP
36,NY,25934,Fishers Landing CDP
36,NY,25967,Fishkill village
36,NY,26121,Flanders CDP
36,NY,26209,Fleischmanns village
36,NY,26264,Floral Park village
36,NY,26319,Florida village
36,NY,26352,Flower Hill village
36,NY,26418,Fly Creek CDP
36,NY,26462,Fonda village
36,NY,26561,Forest Home CDP
36,NY,26649,Forestville CDP
36,NY,26704,Fort Ann village
36,NY,26726,Fort Covington CDP
36,NY,26759,Fort Drum CDP
36,NY,26770,Fort Edward village
36,NY,26880,Fort Johnson village
36,NY,26902,Fort Montgomery CDP
36,NY,26924,Fort Plain village
36,NY,26946,Fort Salonga CDP
36,NY,27133,Fowlerville CDP
36,NY,27188,Frankfort village
36,NY,27221,Franklin village
36,NY,27309,Franklin Square CDP
36,NY,27331,Franklinville village
36,NY,27419,Fredonia village
36,NY,27452,Freedom Plains CDP
36,NY,27485,Freeport village
36,NY,27529,Freeville village
36,NY,27672,Frewsburg CDP
36,NY,27694,Friendship CDP
36,NY,27815,Fulton city
36,NY,27859,Fultonville village
36,NY,27969,Gainesville village
36,NY,28035,Galeville CDP
36,NY,28101,Galway village
36,NY,28138,Gananda CDP
36,NY,28145,Gang Mills CDP
36,NY,28178,Garden City village
36,NY,28189,Garden City Park CDP
36,NY,28200,Garden City South CDP
36,NY,28244,Gardiner CDP
36,NY,28310,Gardnertown CDP
36,NY,28376,Garrattsville CDP
36,NY,28431,Gasport CDP
36,NY,28453,Gates CDP
36,NY,28618,Geneseo village
36,NY,28640,Geneva city
36,NY,28761,Germantown CDP
36,NY,28860,Ghent CDP
36,NY,28959,Gilbertsville village
36,NY,28990,Gilgo CDP
36,NY,29014,Glasco CDP
36,NY,29058,Glen Aubrey CDP
36,NY,29113,Glen Cove city
36,NY,29245,Glen Head CDP
36,NY,29322,Glen Park village
36,NY,29333,Glens Falls city
36,NY,29338,Glens Falls North CDP
36,NY,29421,Glenwood Landing CDP
36,NY,29443,Gloversville city
36,NY,29476,Golden's Bridge CDP
36,NY,29509,Gordon Heights CDP
36,NY,29520,Gorham CDP
36,NY,29542,Goshen village
36,NY,29597,Gouverneur village
36,NY,29630,Gowanda village
36,NY,29707,Grahamsville CDP
36,NY,29872,Grand View-on-Hudson village
36,NY,29894,Grandyle Village CDP
36,NY,30026,Granville village
36,NY,30136,Great Bend CDP
36,NY,30169,Great Neck village
36,NY,30191,Great Neck Estates village
36,NY,30202,Great Neck Gardens CDP
36,NY,30213,Great Neck Plaza village
36,NY,30235,Great River CDP
36,NY,30279,Greece CDP
36,NY,30411,Greene village
36,NY,30521,Green Island village
36,NY,30543,Greenlawn CDP
36,NY,30576,Greenport village
36,NY,30581,Greenport West CDP
36,NY,30598,Greenvale CDP
36,NY,30609,Greenville CDP (Greene County)
36,NY,30642,Greenville CDP (Westchester County)
36,NY,30675,Greenwich village
36,NY,30752,Greenwood Lake village
36,NY,30807,Greigsville CDP
36,NY,30961,Groton village
36,NY,31022,Groveland Station CDP
36,NY,31137,Guilford CDP
36,NY,31258,Hadley CDP
36,NY,31291,Hagaman village
36,NY,31346,Hailesboro CDP
36,NY,31357,Haines Falls CDP
36,NY,31445,Halesite CDP
36,NY,31533,Hall CDP
36,NY,31643,Hamburg village
36,NY,31709,Hamilton village
36,NY,31746,Hamilton College CDP
36,NY,31786,Hamlin CDP
36,NY,31830,Hammond village
36,NY,31852,Hammondsport village
36,NY,31896,Hampton Bays CDP
36,NY,31918,Hampton Manor CDP
36,NY,31940,Hancock village
36,NY,31973,Hankins CDP
36,NY,32006,Hannawa Falls CDP
36,NY,32017,Hannibal village
36,NY,32094,Harbor Hills CDP
36,NY,32105,Harbor Isle CDP
36,NY,32325,Harriman village
36,NY,32391,Harris Hill CDP
36,NY,32402,Harrison village
36,NY,32523,Hartsdale CDP
36,NY,32578,Hartwick CDP
36,NY,32597,Hartwick Seminary CDP
36,NY,32710,Hastings-on-Hudson village
36,NY,32732,Hauppauge CDP
36,NY,32754,Haverstraw village
36,NY,32776,Haviland CDP
36,NY,32842,Hawthorne CDP
36,NY,32963,Head of the Harbor village
36,NY,33128,Hemlock CDP
36,NY,33139,Hempstead village
36,NY,34044,Henderson CDP
36,NY,34118,Heritage Hills CDP
36,NY,34121,Herkimer village
36,NY,34165,Hermon CDP
36,NY,34198,Herricks CDP
36,NY,34220,Herrings CDP
36,NY,34264,Heuvelton village
36,NY,34286,Hewlett CDP
36,NY,34297,Hewlett Bay Park village
36,NY,34308,Hewlett Harbor village
36,NY,34319,Hewlett Neck village
36,NY,34374,Hicksville CDP
36,NY,34451,High Falls CDP
36,NY,34484,Highland CDP
36,NY,34495,Highland Falls village
36,NY,34528,Highland-on-the-Lake CDP
36,NY,34660,Hillburn village
36,NY,34693,Hillcrest CDP
36,NY,34786,Hillside CDP
36,NY,34803,Hillside Lake CDP
36,NY,34847,Hilton village
36,NY,34979,Hobart village
36,NY,35056,Holbrook CDP
36,NY,35111,Holland CDP
36,NY,35144,Holland Patent village
36,NY,35155,Holley village
36,NY,35254,Holtsville CDP
36,NY,35276,Homer village
36,NY,35353,Honeoye CDP
36,NY,35364,Honeoye Falls village
36,NY,35474,Hoosick Falls village
36,NY,35573,Hopewell Junction CDP
36,NY,35672,Hornell city
36,NY,35694,Horseheads village
36,NY,35710,Horseheads North CDP
36,NY,35738,Hortonville CDP
36,NY,35771,Houghton CDP
36,NY,35969,Hudson city
36,NY,35980,Hudson Falls village
36,NY,36156,Hunt CDP
36,NY,36167,Hunter village
36,NY,36233,Huntington CDP
36,NY,37022,Huntington Bay village
36,NY,37044,Huntington Station CDP
36,NY,37132,Hurley CDP
36,NY,37154,Hurleyville CDP
36,NY,37198,Hyde Park CDP
36,NY,37275,Ilion village
36,NY,37528,Interlaken village
36,NY,37583,Inwood CDP
36,NY,37737,Irondequoit CDP
36,NY,37803,Irvington village
36,NY,37840,Islandia village
36,NY,37847,Island Park village
36,NY,37869,Islip CDP
36,NY,38022,Islip Terrace CDP
36,NY,38077,Ithaca city
36,NY,38209,Jacksonville CDP
36,NY,38253,Jamesport CDP
36,NY,38264,Jamestown city
36,NY,38275,Jamestown West CDP
36,NY,38429,Jefferson CDP
36,NY,38451,Jefferson Heights CDP
36,NY,38500,Jefferson Valley-Yorktown CDP
36,NY,38506,Jeffersonville village
36,NY,38539,Jericho CDP
36,NY,38748,Johnson City village
36,NY,38781,Johnstown city
36,NY,38825,Jordan village
36,NY,38934,Kaser village
36,NY,38946,Katonah CDP
36,NY,38985,Kauneonga Lake CDP
36,NY,39089,Keeseville CDP
36,NY,39232,Kenmore village
36,NY,39243,Kennedy CDP
36,NY,39309,Kensington village
36,NY,39397,Kerhonkson CDP
36,NY,39463,Keuka Park CDP
36,NY,39485,Kiamesha Lake CDP
36,NY,39562,Kinderhook village
36,NY,39672,Kings Park CDP
36,NY,39694,Kings Point village
36,NY,39727,Kingston city
36,NY,39853,Kiryas Joel village
36,NY,40175,Kysorville CDP
36,NY,40189,Lackawanna city
36,NY,40200,Lacona village
36,NY,40233,La Fargeville CDP
36,NY,40398,Lake Carmel CDP
36,NY,40475,Lake Delta CDP
36,NY,40486,Lake Erie Beach CDP
36,NY,40508,Lake George village
36,NY,40530,Lake Grove village
36,NY,40552,Lake Huntington CDP
36,NY,40585,Lake Katrine CDP
36,NY,40607,Lakeland CDP
36,NY,40651,Lake Luzerne CDP
36,NY,40689,Lake Mohegan CDP
36,NY,40761,Lake Placid village
36,NY,40838,Lake Ronkonkoma CDP
36,NY,40937,Lake Success village
36,NY,41003,Lakeview CDP
36,NY,41036,Lakeville CDP
36,NY,41069,Lakewood village
36,NY,41135,Lancaster village
36,NY,41223,Lansing village
36,NY,41333,Larchmont village
36,NY,41399,Latham CDP
36,NY,41432,Lattingtown village
36,NY,41465,Laurel CDP
36,NY,41487,Laurel Hollow village
36,NY,41520,Laurens village
36,NY,41553,Lawrence village
36,NY,41784,Leeds CDP
36,NY,41872,Leicester village
36,NY,42026,Le Roy village
36,NY,42081,Levittown CDP
36,NY,42147,Lewiston village
36,NY,42224,Liberty village
36,NY,42279,Lido Beach CDP
36,NY,42323,Lima village
36,NY,42345,Lime Lake CDP
36,NY,42378,Limestone CDP
36,NY,42455,Lincolndale CDP
36,NY,42488,Lincoln Park CDP
36,NY,42554,Lindenhurst village
36,NY,42609,Linwood CDP
36,NY,42642,Lisle village
36,NY,42741,Little Falls city
36,NY,42829,Little Valley village
36,NY,42884,Liverpool village
36,NY,42928,Livingston Manor CDP
36,NY,42950,Livonia village
36,NY,42972,Livonia Center CDP
36,NY,43005,Lloyd Harbor village
36,NY,43038,Loch Sheldrake CDP
36,NY,43082,Lockport city
36,NY,43192,Locust Valley CDP
36,NY,43214,Lodi village
36,NY,43335,Long Beach city
36,NY,43401,Long Lake CDP
36,NY,43511,Lorenz Park CDP
36,NY,43533,Lorraine CDP
36,NY,43566,Loudonville CDP
36,NY,43720,Lowville village
36,NY,43874,Lynbrook village
36,NY,43885,Lyncourt CDP
36,NY,43918,Lyndonville village
36,NY,43951,Lyon Mountain CDP
36,NY,43962,Lyons CDP
36,NY,44006,Lyons Falls village
36,NY,44105,MacDonnell Heights CDP
36,NY,44149,Macedon CDP
36,NY,44193,McGraw village
36,NY,44226,Machias CDP
36,NY,44358,McLean CDP
36,NY,44424,Madison village
36,NY,44479,Madrid CDP
36,NY,44534,Mahopac CDP
36,NY,44677,Malden-on-Hudson CDP
36,NY,44710,Malone village
36,NY,44787,Malverne village
36,NY,44792,Malverne Park Oaks CDP
36,NY,44831,Mamaroneck village
36,NY,44853,Manchester village
36,NY,44897,Manhasset CDP
36,NY,44908,Manhasset Hills CDP
36,NY,45018,Manlius village
36,NY,45073,Mannsville village
36,NY,45106,Manorhaven village
36,NY,45139,Manorville CDP
36,NY,45392,Marathon village
36,NY,45480,Marcellus village
36,NY,45524,Marcy CDP
36,NY,45557,Margaretville village
36,NY,45573,Mariaville Lake CDP
36,NY,45634,Marion CDP
36,NY,45659,Marist College CDP
36,NY,45700,Marlboro CDP
36,NY,45986,Massapequa CDP
36,NY,45997,Massapequa Park village
36,NY,46019,Massena village
36,NY,46074,Mastic CDP
36,NY,46085,Mastic Beach CDP
36,NY,46107,Matinecock village
36,NY,46140,Mattituck CDP
36,NY,46151,Mattydale CDP
36,NY,46162,Maybrook village
36,NY,46206,Mayfield village
36,NY,46239,Mayville village
36,NY,46349,Mechanicstown CDP
36,NY,46360,Mechanicville city
36,NY,46404,Medford CDP
36,NY,46415,Medina village
36,NY,46503,Melrose Park CDP
36,NY,46514,Melville CDP
36,NY,46536,Menands village
36,NY,46646,Meridian village
36,NY,46668,Merrick CDP
36,NY,46750,Merritt Park CDP
36,NY,46811,Mexico village
36,NY,46866,Middleburgh village
36,NY,46976,Middle Island CDP
36,NY,46998,Middleport village
36,NY,47042,Middletown city
36,NY,47108,Middleville village
36,NY,47229,Milford village
36,NY,47273,Millbrook village
36,NY,47306,Miller Place CDP
36,NY,47361,Millerton village
36,NY,47405,Mill Neck village
36,NY,47427,Millport village
36,NY,47482,Millwood CDP
36,NY,47548,Milton CDP (Saratoga County)
36,NY,47554,Milton CDP (Ulster County)
36,NY,47636,Mineola village
36,NY,47680,Minetto CDP
36,NY,47702,Mineville CDP
36,NY,47757,Minoa village
36,NY,47823,Mohawk village
36,NY,47977,Mongaup Valley CDP
36,NY,47988,Monroe village
36,NY,48010,Monsey CDP
36,NY,48054,Montauk CDP
36,NY,48090,Montebello village
36,NY,48142,Montgomery village
36,NY,48175,Monticello village
36,NY,48197,Montour Falls village
36,NY,48208,Montrose CDP
36,NY,48241,Mooers CDP
36,NY,48296,Moravia village
36,NY,48450,Moriches CDP
36,NY,48483,Morris village
36,NY,48538,Morrisonville CDP
36,NY,48593,Morrisville village
36,NY,48736,Mountain Dale CDP
36,NY,48750,Mountain Lodge Park CDP
36,NY,48879,Mount Ivy CDP
36,NY,48890,Mount Kisco village
36,NY,48945,Mount Morris village
36,NY,49066,Mount Sinai CDP
36,NY,49121,Mount Vernon city
36,NY,49143,Mount Vision CDP
36,NY,49220,Munnsville village
36,NY,49231,Munsey Park village
36,NY,49242,Munsons Corners CDP
36,NY,49330,Muttontown village
36,NY,49363,Myers Corner CDP
36,NY,49407,Nanuet CDP
36,NY,49418,Napanoch CDP
36,NY,49424,Napeague CDP
36,NY,49429,Naples village
36,NY,49473,Narrowsburg CDP
36,NY,49506,Nassau village
36,NY,49555,Nassau Lake CDP
36,NY,49605,Natural Bridge CDP
36,NY,49715,Nazareth College CDP
36,NY,49726,Nedrow CDP
36,NY,49748,Nelliston village
36,NY,49781,Nelsonville village
36,NY,49825,Nesconset CDP
36,NY,49891,Newark village
36,NY,49902,Newark Valley village
36,NY,49924,New Baltimore CDP
36,NY,49946,New Berlin village
36,NY,50034,Newburgh city
36,NY,50067,New Cassel CDP
36,NY,50100,New City CDP
36,NY,50221,Newfane CDP
36,NY,50243,Newfield CDP
36,NY,50265,New Hackensack CDP
36,NY,50276,New Hamburg CDP
36,NY,50298,New Hartford village
36,NY,50353,New Hempstead village
36,NY,50397,New Hyde Park village
36,NY,50551,New Paltz village
36,NY,50573,Newport village
36,NY,50617,New Rochelle city
36,NY,50705,New Square village
36,NY,50727,New Suffolk CDP
36,NY,50837,New Windsor CDP
36,NY,51000,New York city
36,NY,51011,New York Mills village
36,NY,51055,Niagara Falls city
36,NY,51088,Niagara University CDP
36,NY,51110,Nichols village
36,NY,51262,Niskayuna CDP
36,NY,51286,Nissequogue village
36,NY,51297,Niverville CDP
36,NY,51319,Norfolk CDP
36,NY,51396,North Amityville CDP
36,NY,51418,Northampton CDP
36,NY,51440,North Babylon CDP
36,NY,51467,North Ballston Spa CDP
36,NY,51484,North Bay CDP
36,NY,51495,North Bay Shore CDP
36,NY,51517,North Bellmore CDP
36,NY,51528,North Bellport CDP
36,NY,51561,North Blenheim CDP
36,NY,51583,North Boston CDP
36,NY,51792,North Collins village
36,NY,51847,North Creek CDP
36,NY,51915,Northeast Ithaca CDP
36,NY,52040,North Gates CDP
36,NY,52067,North Granville CDP
36,NY,52078,North Great River CDP
36,NY,52188,North Haven village
36,NY,53022,North Hills village
36,NY,53055,North Hornell village
36,NY,53198,North Lindenhurst CDP
36,NY,53231,North Lynbrook CDP
36,NY,53253,North Massapequa CDP
36,NY,53264,North Merrick CDP
36,NY,53275,North New Hyde Park CDP
36,NY,53319,North Patchogue CDP
36,NY,53396,Northport village
36,NY,53462,North Rose CDP
36,NY,53561,North Sea CDP
36,NY,53660,North Syracuse village
36,NY,53682,North Tonawanda city
36,NY,53748,North Valley Stream CDP
36,NY,53770,Northville village
36,NY,53775,Northville CDP
36,NY,53792,North Wantagh CDP
36,NY,53852,Northwest Harbor CDP
36,NY,53853,Northwest Ithaca CDP
36,NY,53979,Norwich city
36,NY,54012,Norwood village
36,NY,54056,Noyack CDP
36,NY,54078,Nunda village
36,NY,54100,Nyack village
36,NY,54111,Oak Beach CDP
36,NY,54144,Oakdale CDP
36,NY,54155,Oakfield village
36,NY,54430,Ocean Beach village
36,NY,54441,Oceanside CDP
36,NY,54452,Odessa village
36,NY,54485,Ogdensburg city
36,NY,54540,Olcott CDP
36,NY,54551,Old Bethpage CDP
36,NY,54562,Old Brookville village
36,NY,54617,Old Field village
36,NY,54639,Old Forge CDP
36,NY,54705,Old Westbury village
36,NY,54716,Olean city
36,NY,54837,Oneida city
36,NY,54848,Oneida Castle village
36,NY,54881,Oneonta city
36,NY,55002,Ontario CDP
36,NY,55167,Orangeburg CDP
36,NY,55189,Orange Lake CDP
36,NY,55266,Orchard Park village
36,NY,55321,Orient CDP
36,NY,55365,Oriskany village
36,NY,55376,Oriskany Falls village
36,NY,55530,Ossining village
36,NY,55574,Oswego city
36,NY,55618,Otego village
36,NY,55673,Otisville village
36,NY,55750,Otter Lake CDP
36,NY,55816,Ovid village
36,NY,55882,Owego village
36,NY,55937,Oxbow CDP
36,NY,55948,Oxford village
36,NY,55992,Oyster Bay CDP
36,NY,56011,Oyster Bay Cove village
36,NY,56088,Painted Post village
36,NY,56110,Palatine Bridge village
36,NY,56132,Palenville CDP
36,NY,56187,Palmyra village
36,NY,56212,Pamelia Center CDP
36,NY,56231,Panama village
36,NY,56291,Parc CDP
36,NY,56341,Parish village
36,NY,56363,Parishville CDP
36,NY,56660,Patchogue village
36,NY,56770,Paul Smiths CDP
36,NY,56781,Pavilion CDP
36,NY,56814,Pawling village
36,NY,56869,Peach Lake CDP
36,NY,56902,Pearl River CDP
36,NY,56968,Peconic CDP
36,NY,56979,Peekskill city
36,NY,57001,Pelham village
36,NY,57023,Pelham Manor village
36,NY,57177,Penn Yan village
36,NY,57243,Perry village
36,NY,57287,Perrysburg CDP
36,NY,57364,Peru CDP
36,NY,57518,Phelps village
36,NY,57551,Philadelphia village
36,NY,57639,Philmont village
36,NY,57650,Phoenicia CDP
36,NY,57661,Phoenix village
36,NY,57749,Piermont village
36,NY,57782,Pierrepont Manor CDP
36,NY,57804,Piffard CDP
36,NY,57815,Pike CDP
36,NY,57980,Pine Bush CDP
36,NY,58057,Pine Hill CDP
36,NY,58145,Pine Plains CDP
36,NY,58189,Pine Valley CDP
36,NY,58354,Pittsford village
36,NY,58409,Plainedge CDP
36,NY,58442,Plainview CDP
36,NY,58475,Plandome village
36,NY,58486,Plandome Heights village
36,NY,58497,Plandome Manor village
36,NY,58541,Plattekill CDP
36,NY,58574,Plattsburgh city
36,NY,58601,Plattsburgh West CDP
36,NY,58684,Pleasant Valley CDP
36,NY,58728,Pleasantville village
36,NY,58739,Plessis CDP
36,NY,58794,Poestenkill CDP
36,NY,58849,Point Lookout CDP
36,NY,58937,Poland village
36,NY,58992,Pomona village
36,NY,59157,Poquott village
36,NY,59212,Port Byron village
36,NY,59223,Port Chester village
36,NY,59245,Port Dickinson village
36,NY,59311,Port Ewen CDP
36,NY,59322,Port Gibson CDP
36,NY,59333,Port Henry CDP
36,NY,59355,Port Jefferson village
36,NY,59377,Port Jefferson Station CDP
36,NY,59388,Port Jervis city
36,NY,59443,Portlandville CDP
36,NY,59454,Port Leyden village
36,NY,59498,Portville village
36,NY,59520,Port Washington CDP
36,NY,59531,Port Washington North village
36,NY,59564,Potsdam village
36,NY,59619,Pottersville CDP
36,NY,59641,Poughkeepsie city
36,NY,59708,Prattsburgh CDP
36,NY,59740,Prattsville CDP
36,NY,59831,Preston-Potter Hollow CDP
36,NY,59883,Prospect CDP
36,NY,59960,Pulaski village
36,NY,59993,Pultneyville CDP
36,NY,60103,Putnam Lake CDP
36,NY,60408,Quiogue CDP
36,NY,60422,Quogue village
36,NY,60455,Radisson CDP
36,NY,60576,Randolph CDP
36,NY,60598,Ransomville CDP
36,NY,60609,Rapids CDP
36,NY,60675,Ravena village
36,NY,60829,Red Creek village
36,NY,60884,Redford CDP
36,NY,60895,Red Hook village
36,NY,60983,Red Oaks Mill CDP
36,NY,61016,Redwood CDP
36,NY,61115,Remsen village
36,NY,61142,Remsenburg-Speonk CDP
36,NY,61148,Rensselaer city
36,NY,61159,Rensselaer Falls village
36,NY,61236,Retsof CDP
36,NY,61346,Rhinebeck village
36,NY,61368,Rhinecliff CDP
36,NY,61434,Richburg village
36,NY,61489,Richfield Springs village
36,NY,61588,Richmondville village
36,NY,61621,Richville village
36,NY,61665,Ridge CDP
36,NY,61797,Rifton CDP
36,NY,61874,Ripley CDP
36,NY,61973,Riverhead CDP
36,NY,62061,Riverside village
36,NY,62066,Riverside CDP
36,NY,63000,Rochester city
36,NY,63014,Rochester Institute of Technology CDP
36,NY,63132,Rock Hill CDP
36,NY,63264,Rockville Centre village
36,NY,63319,Rocky Point CDP
36,NY,63330,Rodman CDP
36,NY,63363,Roessleville CDP
36,NY,63418,Rome city
36,NY,63429,Romulus CDP
36,NY,63473,Ronkonkoma CDP
36,NY,63506,Roosevelt CDP
36,NY,63583,Roscoe CDP
36,NY,63725,Rosendale CDP
36,NY,63770,Roslyn village
36,NY,63792,Roslyn Estates village
36,NY,63803,Roslyn Harbor village
36,NY,63814,Roslyn Heights CDP
36,NY,63924,Rotterdam CDP
36,NY,63957,Round Lake village
36,NY,63968,Round Top CDP
36,NY,63979,Rouses Point village
36,NY,64056,Ruby CDP
36,NY,64155,Rushford CDP
36,NY,64199,Rushville village
36,NY,64232,Russell Gardens village
36,NY,64309,Rye city
36,NY,64325,Rye Brook village
36,NY,64408,Sackets Harbor village
36,NY,64430,Saddle Rock village
36,NY,64441,Saddle Rock Estates CDP
36,NY,64452,Sagaponack village
36,NY,64485,Sag Harbor village
36,NY,64551,St. Bonaventure CDP
36,NY,64584,St. James CDP
36,NY,64606,St. John Fisher College CDP
36,NY,64639,St. Johnsville village
36,NY,64716,St. Regis Falls CDP
36,NY,64749,Salamanca city
36,NY,64771,Salem CDP
36,NY,64842,Salisbury CDP
36,NY,64848,Salisbury Center CDP
36,NY,64859,Salisbury Mills CDP
36,NY,64881,Saltaire village
36,NY,64892,Salt Point CDP
36,NY,64958,Sanborn CDP
36,NY,65024,Sand Ridge CDP
36,NY,65035,Sands Point village
36,NY,65068,Sandy Creek village
36,NY,65233,Saranac Lake village
36,NY,65255,Saratoga Springs city
36,NY,65288,Saugerties village
36,NY,65310,Saugerties South CDP
36,NY,65332,Savannah CDP
36,NY,65354,Savona village
36,NY,65409,Sayville CDP
36,NY,65431,Scarsdale village
36,NY,65475,Schaghticoke village
36,NY,65508,Schenectady city
36,NY,65519,Schenevus CDP
36,NY,65585,Schoharie village
36,NY,65640,Schroon Lake CDP
36,NY,65739,Schuyler Lake CDP
36,NY,65750,Schuylerville village
36,NY,65761,Scio CDP
36,NY,65882,Scotchtown CDP
36,NY,65893,Scotia village
36,NY,65926,Scottsburg CDP
36,NY,65948,Scotts Corners CDP
36,NY,65959,Scottsville village
36,NY,66047,Sea Cliff village
36,NY,66058,Seaford CDP
36,NY,66102,Searingtown CDP
36,NY,66212,Selden CDP
36,NY,66322,Seneca Falls CDP
36,NY,66366,Seneca Knolls CDP
36,NY,66465,Setauket CDP
36,NY,66663,Sharon Springs village
36,NY,66828,Shelter Island CDP
36,NY,66850,Shelter Island Heights CDP
36,NY,66872,Shenorock CDP
36,NY,66883,Sherburne village
36,NY,66949,Sherman village
36,NY,66993,Sherrill city
36,NY,67048,Shinnecock Hills CDP
36,NY,67070,Shirley CDP
36,NY,67081,Shokan CDP
36,NY,67191,Shoreham village
36,NY,67207,Shorehaven CDP
36,NY,67257,Shortsville village
36,NY,67279,Shrub Oak CDP
36,NY,67334,Sidney village
36,NY,67367,Siena College CDP
36,NY,67411,Silver Creek village
36,NY,67466,Silver Springs village
36,NY,67488,Sinclairville village
36,NY,67510,Skaneateles village
36,NY,67631,Slaterville Springs CDP
36,NY,67638,Sleepy Hollow village
36,NY,67640,Sleepy Hollow Lake CDP
36,NY,67686,Sloan village
36,NY,67708,Sloatsburg village
36,NY,67730,Smallwood CDP
36,NY,67851,Smithtown CDP
36,NY,68088,Smithville Flats CDP
36,NY,68099,Smyrna village
36,NY,68209,Sodus village
36,NY,68242,Sodus Point village
36,NY,68286,Solvay village
36,NY,68374,Sound Beach CDP
36,NY,68462,Southampton village
36,NY,68610,South Blooming Grove village
36,NY,68737,South Cairo CDP
36,NY,68847,South Corning village
36,NY,68891,South Dayton village
36,NY,68946,South Edmeston CDP
36,NY,68968,South Fallsburg CDP
36,NY,69001,South Farmingdale CDP
36,NY,69023,South Floral Park village
36,NY,69078,South Glens Falls village
36,NY,69188,South Hempstead CDP
36,NY,69199,South Hill CDP
36,NY,69254,South Huntington CDP
36,NY,69265,South Ilion CDP
36,NY,69342,South Lansing CDP
36,NY,69364,South Lima CDP
36,NY,69386,South Lockport CDP
36,NY,69452,Southold CDP
36,NY,69606,Southport CDP
36,NY,69892,South Valley Stream CDP
36,NY,70035,Spackenkill CDP
36,NY,70068,Sparkill CDP
36,NY,70090,Sparrow Bush CDP
36,NY,70123,Speculator village
36,NY,70167,Spencer village
36,NY,70189,Spencerport village
36,NY,70321,Springfield Center CDP
36,NY,70387,Springs CDP
36,NY,70420,Spring Valley village
36,NY,70442,Springville village
36,NY,70464,Springwater CDP
36,NY,70552,Staatsburg CDP
36,NY,70618,Stamford village
36,NY,70717,Stannards CDP
36,NY,70849,Star Lake CDP
36,NY,71267,Stewart Manor village
36,NY,71322,Stillwater village
36,NY,71377,Stittville CDP
36,NY,71597,Stone Ridge CDP
36,NY,71608,Stony Brook CDP
36,NY,71620,Stony Brook University CDP
36,NY,71663,Stony Point CDP
36,NY,71718,Stottville CDP
36,NY,71817,Strykersville CDP
36,NY,71894,Suffern village
36,NY,72246,Sunset Bay CDP
36,NY,72327,SUNY Oswego CDP
36,NY,72400,Swan Lake CDP
36,NY,72521,Sylvan Beach village
36,NY,72554,Syosset CDP
36,NY,73000,Syracuse city
36,NY,73057,Taconic Shores CDP
36,NY,73143,Tannersville village
36,NY,73154,Tappan CDP
36,NY,73176,Tarrytown village
36,NY,73352,Terryville CDP
36,NY,73495,Thendara CDP
36,NY,73517,Theresa village
36,NY,73583,Thiells CDP
36,NY,73605,Thomaston village
36,NY,73715,Thornwood CDP
36,NY,73726,Thousand Island Park CDP
36,NY,73737,Three Mile Bay CDP
36,NY,73880,Ticonderoga CDP
36,NY,73902,Tillson CDP
36,NY,73990,Tioga Terrace CDP
36,NY,74017,Titusville CDP
36,NY,74023,Tivoli village
36,NY,74166,Tonawanda city
36,NY,75021,Tonawanda Town CDP
36,NY,75121,Town Line CDP
36,NY,75341,Tribes Hill CDP
36,NY,75484,Troy city
36,NY,75506,Trumansburg village
36,NY,75572,Tuckahoe CDP
36,NY,75583,Tuckahoe village
36,NY,75627,Tully village
36,NY,75671,Tupper Lake village
36,NY,75682,Turin village
36,NY,75726,Tuscarora CDP
36,NY,75779,Tuxedo village
36,NY,75803,Tuxedo Park village
36,NY,76001,Unadilla village
36,NY,76023,Unadilla Forks CDP
36,NY,76089,Uniondale CDP
36,NY,76155,Union Springs village
36,NY,76210,Unionville village
36,NY,76280,University at Buffalo CDP
36,NY,76287,University Gardens CDP
36,NY,76331,Upper Brookville village
36,NY,76386,Upper Nyack village
36,NY,76397,Upper Red Hook CDP
36,NY,76540,Utica city
36,NY,76584,Vails Gate CDP
36,NY,76617,Valatie village
36,NY,76639,Valhalla CDP
36,NY,76661,Valley Cottage CDP
36,NY,76672,Valley Falls village
36,NY,76705,Valley Stream village
36,NY,76881,Van Etten CDP
36,NY,76969,Varna CDP
36,NY,76985,Vassar College CDP
36,NY,77112,Vernon village
36,NY,77167,Verona CDP
36,NY,77211,Verplanck CDP
36,NY,77376,Victor village
36,NY,77431,Victory village
36,NY,77513,Village Green CDP
36,NY,77519,Village of the Branch village
36,NY,77574,Viola CDP
36,NY,77585,Virgil CDP
36,NY,77684,Voorheesville village
36,NY,77728,Waddington village
36,NY,77772,Wading River CDP
36,NY,77783,Wadsworth CDP
36,NY,77805,Wainscott CDP
36,NY,77849,Walden village
36,NY,77948,Walker Valley CDP
36,NY,78003,Wallkill CDP
36,NY,78036,Walton village
36,NY,78063,Walton Park CDP
36,NY,78091,Walworth CDP
36,NY,78113,Wampsville village
36,NY,78124,Wanakah CDP
36,NY,78146,Wantagh CDP
36,NY,78168,Wappingers Falls village
36,NY,78289,Warrensburg CDP
36,NY,78333,Warsaw village
36,NY,78355,Warwick village
36,NY,78421,Washington Heights CDP
36,NY,78454,Washington Mills CDP
36,NY,78465,Washingtonville village
36,NY,78476,Wassaic CDP
36,NY,78520,Waterford village
36,NY,78553,Waterloo village
36,NY,78575,Water Mill CDP
36,NY,78608,Watertown city
36,NY,78663,Waterville village
36,NY,78674,Watervliet city
36,NY,78696,Watkins Glen village
36,NY,78806,Waverly village
36,NY,78850,Wayland village
36,NY,78960,Webster village
36,NY,78982,Websters Crossing CDP
36,NY,79015,Weedsport village
36,NY,79048,Wells CDP
36,NY,79070,Wells Bridge CDP
36,NY,79081,Wellsburg village
36,NY,79092,Wellsville village
36,NY,79174,Wesley Hills village
36,NY,79246,West Babylon CDP
36,NY,79301,West Bay Shore CDP
36,NY,79444,Westbury village
36,NY,79499,West Carthage village
36,NY,79543,West Chazy CDP
36,NY,79697,West Danby CDP
36,NY,79785,West Elmira CDP
36,NY,79796,West End CDP
36,NY,79895,Westernville CDP
36,NY,79939,Westfield village
36,NY,79961,Westford CDP
36,NY,80082,West Glens Falls CDP
36,NY,80170,Westhampton CDP
36,NY,80181,Westhampton Beach village
36,NY,80186,West Hampton Dunes village
36,NY,80203,West Haverstraw village
36,NY,80225,West Hempstead CDP
36,NY,80258,West Hills CDP
36,NY,80291,West Hurley CDP
36,NY,80302,West Islip CDP
36,NY,80324,West Kill CDP
36,NY,80423,Westmere CDP
36,NY,80522,Westmoreland CDP
36,NY,80599,West Nyack CDP
36,NY,80632,Weston Mills CDP
36,NY,80747,West Point CDP
36,NY,80764,Westport CDP
36,NY,80863,West Sand Lake CDP
36,NY,80885,West Sayville CDP
36,NY,80907,West Seneca CDP
36,NY,81127,Westvale CDP
36,NY,81138,West Valley CDP
36,NY,81292,West Winfield village
36,NY,81419,Wheatley Heights CDP
36,NY,81622,Whitehall village
36,NY,81644,White Lake CDP (Oneida County)
36,NY,81655,White Lake CDP (Sullivan County)
36,NY,81677,White Plains city
36,NY,81710,Whitesboro village
36,NY,81831,Whitney Point village
36,NY,82029,Williamson CDP
36,NY,82084,Williamsville village
36,NY,82117,Williston Park village
36,NY,82260,Willsboro CDP
36,NY,82282,Willsboro Point CDP
36,NY,82304,Wilmington CDP
36,NY,82359,Wilson village
36,NY,82469,Windham CDP
36,NY,82524,Windsor village
36,NY,82579,Wingdale CDP
36,NY,82612,Winthrop CDP
36,NY,82656,Witherbee CDP
36,NY,82678,Wolcott village
36,NY,82733,Woodbourne CDP
36,NY,82744,Woodbury CDP
36,NY,82750,Woodbury village
36,NY,82942,Woodmere CDP
36,NY,82953,Woodridge village
36,NY,82986,Woodsburgh village
36,NY,83041,Woodstock CDP
36,NY,83063,Woodsville CDP
36,NY,83118,Worcester CDP
36,NY,83272,Wurtsboro village
36,NY,83283,Wurtsboro Hills CDP
36,NY,83349,Wynantskill CDP
36,NY,83371,Wyoming village
36,NY,83426,Yaphank CDP
36,NY,84000,Yonkers city
36,NY,84011,York CDP
36,NY,84044,Yorkshire CDP
36,NY,84088,Yorktown Heights CDP
36,NY,84099,Yorkville village
36,NY,84143,Youngstown village
36,NY,84187,Zena CDP
37,NC,00160,Aberdeen town
37,NC,00440,Advance CDP
37,NC,00500,Ahoskie town
37,NC,00640,Alamance village
37,NC,00680,Albemarle city
37,NC,00880,Alexis CDP
37,NC,01000,Alliance town
37,NC,01140,Altamahaw CDP
37,NC,01340,Anderson Creek CDP
37,NC,01380,Andrews town
37,NC,01400,Angier town
37,NC,01420,Ansonville town
37,NC,01520,Apex town
37,NC,01560,Aquadale CDP
37,NC,01640,Arapahoe town
37,NC,01720,Archdale city
37,NC,01760,Archer Lodge town
37,NC,01972,Arrowhead Beach CDP
37,NC,02080,Asheboro city
37,NC,02140,Asheville city
37,NC,02240,Ashley Heights CDP
37,NC,02320,Askewville town
37,NC,02460,Atkinson town
37,NC,02480,Atlantic CDP
37,NC,02500,Atlantic Beach town
37,NC,02580,Aulander town
37,NC,02620,Aurora town
37,NC,02700,Autryville town
37,NC,02760,Avery Creek CDP
37,NC,02780,Avon CDP
37,NC,02840,Ayden town
37,NC,02960,Badin town
37,NC,03020,Bailey town
37,NC,03100,Bakersville town
37,NC,03150,Bald Head Island village
37,NC,03220,Balfour CDP
37,NC,03500,Banner Elk town
37,NC,03530,Barbecue CDP
37,NC,03640,Barker Heights CDP
37,NC,03665,Barker Ten Mile CDP
37,NC,03720,Barnardsville CDP
37,NC,03840,Bath town
37,NC,03960,Bayboro town
37,NC,04015,Bayshore CDP
37,NC,04040,Bayview CDP
37,NC,04180,Bear Grass town
37,NC,04260,Beaufort town
37,NC,04510,Beech Mountain town
37,NC,04640,Belhaven town
37,NC,04680,Bell Arthur CDP
37,NC,04840,Belmont city
37,NC,04950,Belville town
37,NC,04955,Belvoir CDP
37,NC,04960,Belwood town
37,NC,05020,Bennett CDP
37,NC,05040,Benson town
37,NC,05049,Bent Creek CDP
37,NC,05135,Bermuda Run town
37,NC,05220,Bessemer City city
37,NC,05340,Bethania town
37,NC,05460,Bethel town
37,NC,05530,Bethlehem CDP
37,NC,05660,Beulaville town
37,NC,05880,Biltmore Forest town
37,NC,06000,Biscoe town
37,NC,06080,Black Creek town
37,NC,06140,Black Mountain town
37,NC,06240,Bladenboro town
37,NC,06500,Blowing Rock town
37,NC,06510,Blue Clay Farms CDP
37,NC,06660,Boardman town
37,NC,06740,Bogue town
37,NC,06760,Boiling Spring Lakes city
37,NC,06800,Boiling Springs town
37,NC,06820,Bolivia town
37,NC,06860,Bolton town
37,NC,06980,Bonnetsville CDP
37,NC,07080,Boone town
37,NC,07140,Boonville town
37,NC,07220,Bostic town
37,NC,07340,Bowdens CDP
37,NC,07400,Bowmore CDP
37,NC,07588,Brandywine Bay CDP
37,NC,07720,Brevard city
37,NC,07748,Briar Chapel CDP
37,NC,07765,Brices Creek CDP
37,NC,07860,Bridgeton town
37,NC,08040,Broad Creek CDP
37,NC,08080,Broadway town
37,NC,08110,Brogden CDP
37,NC,08140,Brookford town
37,NC,08420,Brunswick town
37,NC,08480,Bryson City town
37,NC,08760,Buies Creek CDP
37,NC,08860,Bunn town
37,NC,08880,Bunnlevel CDP
37,NC,08960,Burgaw town
37,NC,09060,Burlington city
37,NC,09140,Burnsville town
37,NC,09360,Butner town
37,NC,09380,Butters CDP
37,NC,09400,Buxton CDP
37,NC,09530,Cajah's Mountain town
37,NC,09540,Calabash town
37,NC,09760,Calypso town
37,NC,09780,Camden CDP
37,NC,09800,Cameron town
37,NC,10120,Candor town
37,NC,10240,Canton town
37,NC,10260,Cape Carteret town
37,NC,10264,Cape Colony CDP
37,NC,10460,Caroleen CDP
37,NC,10500,Carolina Beach town
37,NC,10532,Carolina Meadows CDP
37,NC,10550,Carolina Shores town
37,NC,10620,Carrboro town
37,NC,10680,Carthage town
37,NC,10740,Cary town
37,NC,10760,Casar town
37,NC,10800,Cashiers CDP
37,NC,10860,Castalia town
37,NC,10880,Castle Hayne CDP
37,NC,10960,Caswell Beach town
37,NC,10980,Catawba town
37,NC,11340,Cedar Point town
37,NC,11352,Cedar Rock village
37,NC,11560,Centerville CDP
37,NC,11620,Cerro Gordo town
37,NC,11640,Chadbourn town
37,NC,11800,Chapel Hill town
37,NC,12000,Charlotte city
37,NC,12140,Cherokee CDP
37,NC,12186,Cherry Branch CDP
37,NC,12340,Cherryville city
37,NC,12460,Chimney Rock Village village
37,NC,12480,China Grove town
37,NC,12520,Chinquapin CDP
37,NC,12580,Chocowinity town
37,NC,12590,Chowan Beach CDP
37,NC,12720,Claremont city
37,NC,12780,Clarkton town
37,NC,12860,Clayton town
37,NC,12960,Clemmons village
37,NC,13000,Cleveland town
37,NC,13100,Cliffside CDP
37,NC,13240,Clinton city
37,NC,13280,Clyde town
37,NC,13360,Coats town
37,NC,13460,Cofield village
37,NC,13500,Coinjock CDP
37,NC,13560,Colerain town
37,NC,13940,Columbia town
37,NC,13980,Columbus town
37,NC,14060,Como town
37,NC,14100,Concord city
37,NC,14200,Conetoe town
37,NC,14280,Connelly Springs town
37,NC,14340,Conover city
37,NC,14400,Conway town
37,NC,14460,Cooleemee town
37,NC,14600,Cordova CDP
37,NC,14700,Cornelius town
37,NC,15020,Cove City town
37,NC,15040,Cove Creek CDP
37,NC,15260,Cramerton town
37,NC,15320,Creedmoor city
37,NC,15420,Creswell town
37,NC,15440,Cricket CDP
37,NC,15580,Crossnore town
37,NC,15640,Crouse CDP
37,NC,15880,Cullowhee CDP
37,NC,16084,Cypress Landing CDP
37,NC,16180,Dallas town
37,NC,16220,Dana CDP
37,NC,16240,Danbury town
37,NC,16400,Davidson town
37,NC,16480,Davis CDP
37,NC,16720,Deep Run CDP
37,NC,16730,Deercroft CDP
37,NC,16780,Delco CDP
37,NC,16820,Dellview town
37,NC,16860,Delway CDP
37,NC,16980,Denton town
37,NC,17000,Denver CDP
37,NC,17180,Dillsboro town
37,NC,17325,Dobbins Heights town
37,NC,17340,Dobson town
37,NC,17520,Dortches town
37,NC,17660,Dover town
37,NC,17860,Drexel town
37,NC,18040,Dublin town
37,NC,18060,Duck town
37,NC,18080,Dudley CDP
37,NC,18300,Dundarrach CDP
37,NC,18320,Dunn city
37,NC,19000,Durham city
37,NC,19140,Earl town
37,NC,19300,East Arcadia town
37,NC,19320,East Bend town
37,NC,19420,East Flat Rock CDP
37,NC,19620,East Laurinburg town
37,NC,19740,Eastover town
37,NC,19800,East Rockingham CDP
37,NC,19860,East Spencer town
37,NC,20080,Eden city
37,NC,20120,Edenton town
37,NC,20280,Edneyville CDP
37,NC,20420,Efland CDP
37,NC,20580,Elizabeth City city
37,NC,20600,Elizabethtown town
37,NC,20620,Elkin town
37,NC,20700,Elk Park town
37,NC,20780,Ellenboro town
37,NC,20840,Ellerbe town
37,NC,20980,Elm City town
37,NC,21095,Elon town
37,NC,21120,Elrod CDP
37,NC,21130,Elroy CDP
37,NC,21160,Emerald Isle town
37,NC,21260,Emma CDP
37,NC,21360,Enfield town
37,NC,21380,Engelhard CDP
37,NC,21500,Enochville CDP
37,NC,21740,Erwin town
37,NC,21880,Etowah CDP
37,NC,21960,Eureka town
37,NC,22040,Everetts town
37,NC,22080,Evergreen CDP
37,NC,22240,Fair Bluff town
37,NC,22280,Fairfield CDP
37,NC,22305,Fairfield Harbour CDP
37,NC,22360,Fairmont town
37,NC,22380,Fairplains CDP
37,NC,22440,Fairview CDP
37,NC,22500,Fairview town
37,NC,22560,Faison town
37,NC,22600,Faith town
37,NC,22620,Falcon town
37,NC,22640,Falkland town
37,NC,22720,Fallston town
37,NC,22800,Farmington CDP
37,NC,22820,Farmville town
37,NC,22920,Fayetteville city
37,NC,22982,Fearrington Village CDP
37,NC,23520,Five Points CDP
37,NC,23600,Flat Rock village
37,NC,23640,Flat Rock CDP
37,NC,23760,Fletcher town
37,NC,23980,Fontana Dam town
37,NC,24080,Forest City town
37,NC,24170,Forest Hills village
37,NC,24198,Forest Oaks CDP
37,NC,24380,Foscoe CDP
37,NC,24440,Fountain town
37,NC,24520,Four Oaks town
37,NC,24570,Foxfire village
37,NC,24640,Franklin town
37,NC,24720,Franklinton town
37,NC,24740,Franklinville town
37,NC,24900,Fremont town
37,NC,25020,Frisco CDP
37,NC,25160,Fruitland CDP
37,NC,25300,Fuquay-Varina town
37,NC,25380,Gamewell town
37,NC,25460,Garland town
37,NC,25480,Garner town
37,NC,25540,Garysburg town
37,NC,25560,Gaston town
37,NC,25580,Gastonia city
37,NC,25680,Gatesville town
37,NC,25880,Germanton CDP
37,NC,25900,Gerton CDP
37,NC,25940,Gibson town
37,NC,25980,Gibsonville town
37,NC,26200,Glen Alpine town
37,NC,26460,Glen Raven CDP
37,NC,26520,Glenville CDP
37,NC,26560,Glenwood CDP
37,NC,26680,Gloucester CDP
37,NC,26740,Godwin town
37,NC,26800,Gold Hill CDP
37,NC,26880,Goldsboro city
37,NC,26920,Goldston town
37,NC,27120,Gorman CDP
37,NC,27180,Governors Club CDP
37,NC,27182,Governors Village CDP
37,NC,27280,Graham city
37,NC,27300,Graingers CDP
37,NC,27324,Grandfather Village village
37,NC,27400,Grandy CDP
37,NC,27420,Granite Falls town
37,NC,27440,Granite Quarry town
37,NC,27520,Grantsboro town
37,NC,27780,Greenevers town
37,NC,27870,Green Level town
37,NC,28000,Greensboro city
37,NC,28080,Greenville city
37,NC,28200,Grifton town
37,NC,28240,Grimesland town
37,NC,28400,Grover town
37,NC,28600,Gulf CDP
37,NC,28900,Half Moon CDP
37,NC,28920,Halifax town
37,NC,29000,Hallsboro CDP
37,NC,29120,Hamilton town
37,NC,29160,Hamlet city
37,NC,29180,Hampstead CDP
37,NC,29560,Harkers Island CDP
37,NC,29640,Harmony town
37,NC,29680,Harrells town
37,NC,29720,Harrellsville town
37,NC,29800,Harrisburg town
37,NC,30040,Hassell town
37,NC,30100,Hatteras CDP
37,NC,30120,Havelock city
37,NC,30260,Haw River town
37,NC,30280,Hayesville town
37,NC,30340,Hays CDP
37,NC,30620,Hemby Bridge town
37,NC,30660,Henderson city
37,NC,30720,Hendersonville city
37,NC,30800,Henrietta CDP
37,NC,30900,Hertford town
37,NC,31060,Hickory city
37,NC,31260,Hiddenite CDP
37,NC,31360,Highlands town
37,NC,31400,High Point city
37,NC,31440,High Shoals city
37,NC,31490,Hightsville CDP
37,NC,31500,Hildebran town
37,NC,31620,Hillsborough town
37,NC,31860,Hobgood town
37,NC,31880,Hobucken CDP
37,NC,31920,Hoffman town
37,NC,31960,Holden Beach town
37,NC,32100,Hollister CDP
37,NC,32180,Holly Ridge town
37,NC,32260,Holly Springs town
37,NC,32540,Hookerton town
37,NC,32580,Hoopers Creek CDP
37,NC,32640,Hope Mills town
37,NC,32740,Horse Shoe CDP
37,NC,32840,Hot Springs town
37,NC,32980,Hudson town
37,NC,33120,Huntersville town
37,NC,33320,Icard CDP
37,NC,33460,Indian Beach town
37,NC,33560,Indian Trail town
37,NC,33640,Ingold CDP
37,NC,33820,Iron Station CDP
37,NC,33940,Ivanhoe CDP
37,NC,33993,JAARS CDP
37,NC,34000,Jackson town
37,NC,34038,Jackson Heights CDP
37,NC,34160,Jackson Springs CDP
37,NC,34200,Jacksonville city
37,NC,34260,James City CDP
37,NC,34300,Jamestown town
37,NC,34320,Jamesville town
37,NC,34440,Jefferson town
37,NC,34840,Jonesville town
37,NC,35200,Kannapolis city
37,NC,35340,Keener CDP
37,NC,35360,Kelford town
37,NC,35440,Kelly CDP
37,NC,35460,Kenansville town
37,NC,35540,Kenly town
37,NC,35600,Kernersville town
37,NC,35720,Kill Devil Hills town
37,NC,35760,King city
37,NC,35870,Kings Grant CDP
37,NC,35880,Kings Mountain city
37,NC,35890,Kingstown town
37,NC,35920,Kinston city
37,NC,36020,Kittrell town
37,NC,36060,Kitty Hawk town
37,NC,36080,Knightdale town
37,NC,36220,Kure Beach town
37,NC,36400,La Grange town
37,NC,36480,Lake Junaluska CDP
37,NC,36500,Lake Lure town
37,NC,36510,Lake Norman of Catawba CDP
37,NC,36511,Lake Norman of Iredell CDP
37,NC,36512,Lake Park village
37,NC,36513,Lake Royale CDP
37,NC,36514,Lake Santeetlah town
37,NC,36640,Lake Waccamaw town
37,NC,36860,Landis town
37,NC,36960,Lansing town
37,NC,37000,Lasker town
37,NC,37040,Lattimore town
37,NC,37120,Laurel Hill CDP
37,NC,37160,Laurel Park town
37,NC,37220,Laurinburg city
37,NC,37260,Lawndale town
37,NC,37640,Leggett town
37,NC,37680,Leland town
37,NC,37760,Lenoir city
37,NC,38030,Lewiston Woodville town
37,NC,38040,Lewisville town
37,NC,38060,Lexington city
37,NC,38100,Liberty town
37,NC,38170,Light Oak CDP
37,NC,38200,Lilesville town
37,NC,38220,Lillington town
37,NC,38320,Lincolnton city
37,NC,38360,Linden town
37,NC,38420,Linville CDP
37,NC,38680,Littleton town
37,NC,38860,Locust city
37,NC,39060,Long Creek CDP
37,NC,39280,Long View town
37,NC,39360,Louisburg town
37,NC,39420,Love Valley town
37,NC,39480,Lowell city
37,NC,39520,Lowesville CDP
37,NC,39540,Lowgap CDP
37,NC,39600,Lucama town
37,NC,39680,Lumber Bridge town
37,NC,39700,Lumberton city
37,NC,39880,McAdenville town
37,NC,39960,Macclesfield town
37,NC,40140,McDonald town
37,NC,40240,McFarlan town
37,NC,40460,McLeansville CDP
37,NC,40540,Macon town
37,NC,40560,Madison town
37,NC,40600,Maggie Valley town
37,NC,40640,Magnolia town
37,NC,40660,Maiden town
37,NC,40860,Mamers CDP
37,NC,40980,Manns Harbor CDP
37,NC,41060,Manteo town
37,NC,41220,Marble CDP
37,NC,41380,Marietta town
37,NC,41420,Marion city
37,NC,41540,Mar-Mac CDP
37,NC,41580,Marshall town
37,NC,41600,Marshallberg CDP
37,NC,41620,Mars Hill town
37,NC,41640,Marshville town
37,NC,41720,Marvin village
37,NC,41960,Matthews town
37,NC,42000,Maury CDP
37,NC,42020,Maxton town
37,NC,42060,Mayodan town
37,NC,42100,Maysville town
37,NC,42240,Mebane city
37,NC,42480,Mesic town
37,NC,42620,Micro town
37,NC,42640,Middleburg town
37,NC,42700,Middlesex town
37,NC,42760,Midland town
37,NC,42860,Midway town
37,NC,43160,Millers Creek CDP
37,NC,43200,Millingport CDP
37,NC,43260,Mills River town
37,NC,43300,Milton town
37,NC,43320,Milwaukee CDP
37,NC,43360,Mineral Springs town
37,NC,43440,Minnesott Beach town
37,NC,43480,Mint Hill town
37,NC,43580,Misenheimer village
37,NC,43720,Mocksville town
37,NC,43860,Momeyer town
37,NC,43880,Moncure CDP
37,NC,43920,Monroe city
37,NC,44100,Montreat town
37,NC,44160,Mooresboro town
37,NC,44220,Mooresville town
37,NC,44280,Moravian Falls CDP
37,NC,44320,Morehead City town
37,NC,44400,Morganton city
37,NC,44520,Morrisville town
37,NC,44560,Morven town
37,NC,44700,Mountain Home CDP
37,NC,44770,Mountain View CDP
37,NC,44800,Mount Airy city
37,NC,44900,Mount Gilead town
37,NC,44960,Mount Holly city
37,NC,45100,Mount Olive town
37,NC,45140,Mount Pleasant town
37,NC,45460,Moyock CDP
37,NC,45560,Mulberry CDP
37,NC,45640,Murfreesboro town
37,NC,45660,Murphy town
37,NC,45720,Murraysville CDP
37,NC,45840,Myrtle Grove CDP
37,NC,45880,Nags Head town
37,NC,46000,Nashville town
37,NC,46060,Navassa town
37,NC,46100,Nebo CDP
37,NC,46280,Neuse Forest CDP
37,NC,46340,New Bern city
37,NC,46650,New Hope CDP
37,NC,46740,Newland town
37,NC,46820,New London town
37,NC,46860,Newport town
37,NC,47000,Newton city
37,NC,47020,Newton Grove town
37,NC,47240,Norlina town
37,NC,47260,Norman town
37,NC,47485,Northchase CDP
37,NC,47695,Northlakes CDP
37,NC,47845,North Topsail Beach town
37,NC,47860,Northwest city
37,NC,47880,North Wilkesboro town
37,NC,47980,Norwood town
37,NC,48040,Oakboro town
37,NC,48060,Oak City town
37,NC,48345,Oak Island town
37,NC,48480,Oak Ridge town
37,NC,48700,Ocean Isle Beach town
37,NC,48740,Ocracoke CDP
37,NC,48790,Ogden CDP
37,NC,48920,Old Fort town
37,NC,48940,Old Hundred CDP
37,NC,49380,Oriental town
37,NC,49460,Orrum town
37,NC,49600,Ossipee town
37,NC,49800,Oxford city
37,NC,50080,Pantego town
37,NC,50340,Parkton town
37,NC,50540,Parmele town
37,NC,50700,Patterson Springs town
37,NC,50820,Peachland town
37,NC,51040,Peletier town
37,NC,51080,Pembroke town
37,NC,51780,Pikeville town
37,NC,51820,Pilot Mountain town
37,NC,51840,Pinebluff town
37,NC,51940,Pinehurst village
37,NC,52000,Pine Knoll Shores town
37,NC,52020,Pine Level town
37,NC,52140,Pinetops town
37,NC,52160,Pinetown CDP
37,NC,52220,Pineville town
37,NC,52260,Piney Green CDP
37,NC,52400,Pink Hill town
37,NC,52500,Pinnacle CDP
37,NC,52660,Pittsboro town
37,NC,52685,Plain View CDP
37,NC,52760,Pleasant Garden town
37,NC,52920,Pleasant Hill CDP
37,NC,53040,Plymouth town
37,NC,53140,Polkton town
37,NC,53160,Polkville city
37,NC,53200,Pollocksville town
37,NC,53475,Porters Neck CDP
37,NC,53580,Potters Hill CDP
37,NC,53680,Powellsville town
37,NC,53820,Princeton town
37,NC,53840,Princeville town
37,NC,53900,Proctorville town
37,NC,53950,Prospect CDP
37,NC,54160,Pumpkin Center CDP
37,NC,54580,Raeford city
37,NC,54600,Raemon CDP
37,NC,55000,Raleigh city
37,NC,55040,Ramseur town
37,NC,55080,Randleman city
37,NC,55260,Ranlo town
37,NC,55340,Raynham town
37,NC,55460,Red Cross town
37,NC,55640,Red Oak town
37,NC,55660,Red Springs town
37,NC,55900,Reidsville city
37,NC,55940,Rennert town
37,NC,56100,Rex CDP
37,NC,56240,Rhodhiss town
37,NC,56340,Richfield town
37,NC,56360,Richlands town
37,NC,56440,Rich Square town
37,NC,56600,Riegelwood CDP
37,NC,56710,River Bend town
37,NC,56815,River Road CDP
37,NC,56900,Roanoke Rapids city
37,NC,57000,Robbins town
37,NC,57020,Robbinsville town
37,NC,57039,Roberdel CDP
37,NC,57100,Robersonville town
37,NC,57200,Rockfish CDP
37,NC,57260,Rockingham city
37,NC,57340,Rockwell town
37,NC,57500,Rocky Mount city
37,NC,57540,Rocky Point CDP
37,NC,57580,Rodanthe CDP
37,NC,57640,Rolesville town
37,NC,57700,Ronda town
37,NC,57740,Roper town
37,NC,57800,Roseboro town
37,NC,57860,Rose Hill town
37,NC,58020,Rosman town
37,NC,58040,Rougemont CDP
37,NC,58140,Rowland town
37,NC,58160,Roxboro city
37,NC,58180,Roxobel town
37,NC,58260,Royal Pines CDP
37,NC,58340,Ruffin CDP
37,NC,58360,Rural Hall town
37,NC,58420,Ruth town
37,NC,58440,Rutherford College town
37,NC,58460,Rutherfordton town
37,NC,58620,St. Helena village
37,NC,58630,St. James town
37,NC,58720,St. Pauls town
37,NC,58730,St. Stephens CDP
37,NC,58740,Salem CDP
37,NC,58840,Salemburg town
37,NC,58860,Salisbury city
37,NC,58920,Saluda city
37,NC,58940,Salvo CDP
37,NC,59090,Sandy Creek town
37,NC,59135,Sandyfield town
37,NC,59280,Sanford city
37,NC,59340,Saratoga town
37,NC,59540,Sawmills town
37,NC,59580,Saxapahaw CDP
37,NC,59765,Scotch Meadows CDP
37,NC,59780,Scotland Neck town
37,NC,59980,Seaboard town
37,NC,60000,Sea Breeze CDP
37,NC,60080,Seagrove town
37,NC,60180,Sedalia town
37,NC,60320,Selma town
37,NC,60505,Seven Devils town
37,NC,60515,Seven Lakes CDP
37,NC,60540,Seven Springs town
37,NC,60560,Severn town
37,NC,60800,Shallotte town
37,NC,60940,Shannon CDP
37,NC,61060,Sharpsburg town
37,NC,61200,Shelby city
37,NC,61860,Siler City town
37,NC,61920,Silver City CDP
37,NC,61950,Silver Lake CDP
37,NC,62040,Simpson village
37,NC,62060,Sims town
37,NC,62190,Skippers Corner CDP
37,NC,62520,Smithfield town
37,NC,62580,Smithtown CDP
37,NC,62680,Sneads Ferry CDP
37,NC,62760,Snow Hill town
37,NC,63120,Southern Pines town
37,NC,63130,Southern Shores town
37,NC,63240,South Henderson CDP
37,NC,63340,South Mills CDP
37,NC,63360,Southmont CDP
37,NC,63400,Southport city
37,NC,63470,South Rosemary CDP
37,NC,63560,South Weldon CDP
37,NC,63680,Sparta town
37,NC,63720,Speed town
37,NC,63760,Spencer town
37,NC,63780,Spencer Mountain town
37,NC,63880,Spindale town
37,NC,63920,Spivey's Corner CDP
37,NC,64000,Spout Springs CDP
37,NC,64050,Springdale CDP
37,NC,64160,Spring Hope town
37,NC,64180,Spring Lake town
37,NC,64260,Spruce Pine town
37,NC,64380,Staley town
37,NC,64420,Stallings town
37,NC,64460,Stanfield town
37,NC,64500,Stanley town
37,NC,64560,Stantonsburg town
37,NC,64580,Star town
37,NC,64740,Statesville city
37,NC,64840,Stedman town
37,NC,64940,Stem town
37,NC,65020,Stokes CDP
37,NC,65040,Stokesdale town
37,NC,65100,Stoneville town
37,NC,65120,Stonewall town
37,NC,65260,Stony Point CDP
37,NC,65320,Stovall town
37,NC,65530,Sugar Mountain village
37,NC,65580,Summerfield town
37,NC,65700,Sunbury CDP
37,NC,65900,Sunset Beach town
37,NC,66040,Surf City town
37,NC,66280,Swannanoa CDP
37,NC,66340,Swan Quarter CDP
37,NC,66360,Swansboro town
37,NC,66460,Swepsonville town
37,NC,66500,Sylva town
37,NC,66520,Tabor City town
37,NC,66700,Tarboro town
37,NC,66740,Tar Heel town
37,NC,66960,Taylorsville town
37,NC,66980,Taylortown town
37,NC,67000,Teachey town
37,NC,67420,Thomasville city
37,NC,67700,Toast CDP
37,NC,67720,Tobaccoville village
37,NC,68040,Topsail Beach town
37,NC,68320,Trenton town
37,NC,68340,Trent Woods town
37,NC,68400,Trinity city
37,NC,68500,Troutman town
37,NC,68520,Troy town
37,NC,68580,Tryon town
37,NC,68740,Turkey town
37,NC,69020,Tyro CDP
37,NC,69260,Unionville town
37,NC,69520,Valdese town
37,NC,69600,Valle Crucis CDP
37,NC,69640,Valley Hill CDP
37,NC,69680,Vanceboro town
37,NC,69720,Vandemere town
37,NC,69740,Vander CDP
37,NC,69755,Vann Crossroads CDP
37,NC,69795,Varnamtown town
37,NC,69840,Vass town
37,NC,70320,Waco town
37,NC,70340,Wade town
37,NC,70380,Wadesboro town
37,NC,70480,Wagram town
37,NC,70540,Wake Forest town
37,NC,70580,Wakulla CDP
37,NC,70660,Walkertown town
37,NC,70720,Wallace town
37,NC,70740,Wallburg town
37,NC,70780,Walnut Cove town
37,NC,70820,Walnut Creek village
37,NC,70860,Walstonburg town
37,NC,70920,Wanchese CDP
37,NC,71100,Warrenton town
37,NC,71160,Warsaw town
37,NC,71220,Washington city
37,NC,71240,Washington Park town
37,NC,71320,Watha town
37,NC,71440,Waves CDP
37,NC,71460,Waxhaw town
37,NC,71500,Waynesville town
37,NC,71560,Weaverville town
37,NC,71600,Webster town
37,NC,71680,Weddington town
37,NC,71760,Welcome CDP
37,NC,71780,Weldon town
37,NC,71860,Wendell town
37,NC,71900,Wentworth town
37,NC,71940,Wesley Chapel village
37,NC,72150,West Canton CDP
37,NC,72540,West Jefferson town
37,NC,72600,West Marion CDP
37,NC,72755,Westport CDP
37,NC,73140,Whispering Pines village
37,NC,73160,Whitakers town
37,NC,73300,White Lake town
37,NC,73320,White Oak CDP
37,NC,73460,White Plains CDP
37,NC,73660,Whiteville city
37,NC,73760,Whitsett town
37,NC,73780,Whittier CDP
37,NC,74020,Wilkesboro town
37,NC,74220,Williamston town
37,NC,74440,Wilmington city
37,NC,74540,Wilson city
37,NC,74580,Wilson's Mills town
37,NC,74680,Windsor town
37,NC,74720,Winfall town
37,NC,74760,Wingate town
37,NC,75000,Winston-Salem city
37,NC,75060,Winterville town
37,NC,75080,Winton town
37,NC,75280,Woodfin town
37,NC,75340,Woodland town
37,NC,75375,Woodlawn CDP
37,NC,75780,Wrightsboro CDP
37,NC,75820,Wrightsville Beach town
37,NC,75880,Yadkin College CDP
37,NC,75960,Yadkinville town
37,NC,76000,Yanceyville town
37,NC,76200,Youngsville town
37,NC,76220,Zebulon town
38,ND,00100,Abercrombie city
38,ND,00340,Adams city
38,ND,00940,Alamo city
38,ND,01180,Alexander city
38,ND,01420,Alice city
38,ND,01700,Almont city
38,ND,01740,Alsen city
38,ND,01860,Ambrose city
38,ND,01940,Amenia city
38,ND,02060,Amidon city
38,ND,02220,Anamoose city
38,ND,02380,Aneta city
38,ND,02660,Antler city
38,ND,02820,Apple Valley CDP
38,ND,02860,Ardoch city
38,ND,03020,Argusville city
38,ND,03220,Arnegard city
38,ND,03300,Arthur city
38,ND,03540,Ashley city
38,ND,03740,Auburn CDP
38,ND,04020,Ayr city
38,ND,04460,Balfour city
38,ND,04580,Balta city
38,ND,04740,Bantry CDP
38,ND,04940,Barney city
38,ND,05220,Barton CDP
38,ND,05260,Bathgate city
38,ND,05420,Beach city
38,ND,05740,Belcourt CDP
38,ND,05820,Belfield city
38,ND,05980,Benedict city
38,ND,06180,Bergen city
38,ND,06300,Berlin city
38,ND,06460,Berthold city
38,ND,06660,Beulah city
38,ND,07020,Binford city
38,ND,07180,Bisbee city
38,ND,07200,Bismarck city
38,ND,07456,Blacktail CDP
38,ND,07620,Blanchard CDP
38,ND,08460,Bottineau city
38,ND,08500,Bowbells city
38,ND,08580,Bowdon city
38,ND,08700,Bowman city
38,ND,08900,Braddock city
38,ND,09320,Briarwood city
38,ND,09460,Brinsmade city
38,ND,09700,Brocket city
38,ND,09830,Brooktree Park CDP
38,ND,10060,Buchanan city
38,ND,10300,Bucyrus city
38,ND,10420,Buffalo city
38,ND,10940,Burlington city
38,ND,11180,Butte city
38,ND,11340,Buxton city
38,ND,11500,Caledonia CDP
38,ND,11580,Calio city
38,ND,11700,Calvin city
38,ND,11860,Cando city
38,ND,12020,Cannon Ball CDP
38,ND,12060,Canton City (Hensel) city
38,ND,12260,Carpio city
38,ND,12340,Carrington city
38,ND,12460,Carson city
38,ND,12700,Casselton city
38,ND,12820,Cathay city
38,ND,12940,Cavalier city
38,ND,13020,Cayuga city
38,ND,13180,Center city
38,ND,14100,Christine city
38,ND,14140,Churchs Ferry CDP
38,ND,14660,Cleveland city
38,ND,14740,Clifford city
38,ND,15100,Cogswell city
38,ND,15140,Coleharbor city
38,ND,15180,Colfax city
38,ND,15460,Columbus city
38,ND,15820,Conway city
38,ND,15900,Cooperstown city
38,ND,16380,Courtenay city
38,ND,16580,Crary city
38,ND,16940,Crosby city
38,ND,17060,Crystal city
38,ND,17620,Dahlen CDP
38,ND,18180,Davenport city
38,ND,18260,Dawson city
38,ND,18340,Dazey city
38,ND,18620,Deering city
38,ND,18820,De Lamere CDP
38,ND,19060,Denhoff CDP
38,ND,19300,Des Lacs city
38,ND,19420,Devils Lake city
38,ND,19580,Dickey city
38,ND,19620,Dickinson city
38,ND,19820,Dodge city
38,ND,19900,Donnybrook city
38,ND,20020,Douglas city
38,ND,20300,Drake city
38,ND,20340,Drayton city
38,ND,20500,Driscoll CDP
38,ND,20940,Dunn Center city
38,ND,21020,Dunseith city
38,ND,21220,Dwight city
38,ND,21520,East Dunseith CDP
38,ND,21580,East Fairview CDP
38,ND,22140,Edgeley city
38,ND,22260,Edinburg city
38,ND,22340,Edmore city
38,ND,22540,Egeland city
38,ND,23020,Elgin city
38,ND,23220,Ellendale city
38,ND,23340,Elliott city
38,ND,24020,Embden CDP
38,ND,24060,Emerado city
38,ND,24260,Enderlin city
38,ND,24380,Englevale CDP
38,ND,24540,Epping city
38,ND,24620,Erie CDP
38,ND,24780,Esmond city
38,ND,25180,Fairdale city
38,ND,25300,Fairmount city
38,ND,25700,Fargo city
38,ND,26180,Fessenden city
38,ND,26380,Fingal city
38,ND,26420,Finley city
38,ND,26660,Flasher city
38,ND,26700,Flaxton city
38,ND,26980,Forbes city
38,ND,27060,Fordville city
38,ND,27100,Forest River city
38,ND,27260,Forman city
38,ND,27580,Fort Ransom city
38,ND,27700,Fort Totten CDP
38,ND,27820,Fortuna city
38,ND,27860,Fort Yates city
38,ND,27950,Four Bears Village CDP
38,ND,27980,Foxholm CDP
38,ND,28380,Fredonia city
38,ND,28720,Frontier city
38,ND,28780,Fullerton city
38,ND,28860,Gackle city
38,ND,28980,Galesburg city
38,ND,29180,Gardena city
38,ND,29220,Gardner city
38,ND,29460,Garrison city
38,ND,29540,Gascoyne city
38,ND,30180,Gilby city
38,ND,30460,Gladstone city
38,ND,30580,Glenburn city
38,ND,30660,Glenfield city
38,ND,30860,Glen Ullin city
38,ND,31180,Golden Valley city
38,ND,31420,Golva city
38,ND,31500,Goodrich city
38,ND,31740,Grace City city
38,ND,31820,Grafton city
38,ND,32060,Grand Forks city
38,ND,32140,Grand Forks AFB CDP
38,ND,32300,Grandin city
38,ND,32580,Grano city
38,ND,32660,Granville city
38,ND,32900,Great Bend city
38,ND,33050,Green Acres CDP
38,ND,33500,Grenora city
38,ND,34020,Gwinner city
38,ND,34180,Hague city
38,ND,34340,Halliday city
38,ND,34460,Hamberg city
38,ND,34620,Hamilton city
38,ND,34860,Hampden city
38,ND,34900,Hankinson city
38,ND,35020,Hannaford city
38,ND,35060,Hannah city
38,ND,35140,Hansboro city
38,ND,35500,Harmon CDP
38,ND,35900,Harvey city
38,ND,35940,Harwood city
38,ND,36100,Hatton city
38,ND,36140,Havana city
38,ND,36540,Haynes city
38,ND,36700,Hazelton city
38,ND,36780,Hazen city
38,ND,36860,Hebron city
38,ND,36980,Heil CDP
38,ND,37020,Heimdal CDP
38,ND,37700,Hettinger city
38,ND,38100,Hillsboro city
38,ND,38780,Hoople city
38,ND,38860,Hope city
38,ND,38900,Horace city
38,ND,39460,Hunter city
38,ND,39580,Hurdsfield city
38,ND,39980,Inkster city
38,ND,40580,Jamestown city
38,ND,40740,Jessie CDP
38,ND,41180,Jud city
38,ND,41380,Karlsruhe city
38,ND,41500,Kathryn city
38,ND,42020,Kenmare city
38,ND,42180,Kensal city
38,ND,42660,Kief city
38,ND,42700,Killdeer city
38,ND,42780,Kindred city
38,ND,43260,Knox city
38,ND,43500,Kramer city
38,ND,43580,Kulm city
38,ND,44300,Lakota city
38,ND,44540,LaMoure city
38,ND,44700,Landa city
38,ND,44780,Langdon city
38,ND,44860,Lankin city
38,ND,44900,Lansford city
38,ND,45020,Larimore city
38,ND,45220,Larson CDP
38,ND,45300,Lawton city
38,ND,45460,Leal city
38,ND,45580,Leeds city
38,ND,45740,Lehr city
38,ND,45860,Leith city
38,ND,45980,Leonard city
38,ND,46460,Lidgerwood city
38,ND,46540,Lignite city
38,ND,46640,Lincoln city
38,ND,46980,Linton city
38,ND,47100,Lisbon city
38,ND,47140,Litchville city
38,ND,47540,Logan CDP
38,ND,47660,Loma city
38,ND,47796,Long Creek CDP
38,ND,48020,Loraine city
38,ND,48460,Ludden city
38,ND,48580,Luverne city
38,ND,49020,McClusky city
38,ND,49220,McGregor CDP
38,ND,49260,McHenry city
38,ND,49540,McLeod CDP
38,ND,49580,McVille city
38,ND,49620,Maddock city
38,ND,49820,Makoti city
38,ND,49900,Mandan city
38,ND,49980,Mandaree CDP
38,ND,50220,Manning CDP
38,ND,50380,Mantador city
38,ND,50420,Manvel city
38,ND,50580,Mapleton city
38,ND,50780,Marion city
38,ND,50860,Marmarth city
38,ND,51060,Martin city
38,ND,51380,Max city
38,ND,51420,Maxbass city
38,ND,51500,Mayville city
38,ND,51860,Medina city
38,ND,51900,Medora city
38,ND,52180,Menoken CDP
38,ND,52340,Mercer city
38,ND,52740,Michigan City city
38,ND,52940,Milnor city
38,ND,53020,Milton city
38,ND,53220,Minnewaukan city
38,ND,53380,Minot city
38,ND,53420,Minot AFB CDP
38,ND,53540,Minto city
38,ND,53780,Mohall city
38,ND,53820,Monango city
38,ND,53980,Montpelier city
38,ND,54220,Mooreton city
38,ND,54620,Mott city
38,ND,54740,Mountain city
38,ND,55020,Munich city
38,ND,55220,Mylo city
38,ND,55420,Napoleon city
38,ND,55500,Nash CDP
38,ND,55620,Neche city
38,ND,55740,Nekoma city
38,ND,56020,Newburg city
38,ND,56180,New England city
38,ND,56420,New Leipzig city
38,ND,56620,New Rockford city
38,ND,56700,New Salem city
38,ND,56740,New Town city
38,ND,56780,Niagara city
38,ND,57180,Nome city
38,ND,57220,Noonan city
38,ND,58120,North River city
38,ND,58300,Northwood city
38,ND,58740,Oakes city
38,ND,59020,Oberon city
38,ND,59660,Oriska city
38,ND,59820,Orrin CDP
38,ND,60100,Osnabrock city
38,ND,60380,Overly city
38,ND,60480,Oxbow city
38,ND,60500,Page city
38,ND,60620,Palermo city
38,ND,60900,Park River city
38,ND,60940,Parshall city
38,ND,61460,Pekin city
38,ND,61580,Pembina city
38,ND,61780,Perth city
38,ND,61860,Petersburg city
38,ND,62060,Pettibone city
38,ND,62260,Pick City city
38,ND,62540,Pillsbury city
38,ND,62620,Pingree city
38,ND,62780,Pisek city
38,ND,62980,Plaza city
38,ND,63700,Porcupine CDP
38,ND,63740,Portal city
38,ND,63900,Portland city
38,ND,64140,Powers Lake city
38,ND,64320,Prairie Rose city
38,ND,65100,Raleigh CDP
38,ND,65580,Ray city
38,ND,65900,Reeder city
38,ND,65980,Regan city
38,ND,66020,Regent city
38,ND,66040,Reile's Acres city
38,ND,66260,Reynolds city
38,ND,66300,Rhame city
38,ND,66500,Richardton city
38,ND,66980,Riverdale city
38,ND,67180,Robinson city
38,ND,67500,Rocklake city
38,ND,67620,Rogers city
38,ND,67780,Rolette city
38,ND,67820,Rolla city
38,ND,68540,Ross city
38,ND,68860,Rugby city
38,ND,69140,Ruso city
38,ND,69300,Ruthville CDP
38,ND,69340,Rutland city
38,ND,69460,Ryder city
38,ND,69980,St. John city
38,ND,70260,St. Thomas city
38,ND,70380,Sanborn city
38,ND,70780,Sarles city
38,ND,70980,Sawyer city
38,ND,71500,Scranton city
38,ND,71660,Selfridge city
38,ND,71700,Selz CDP
38,ND,71780,Sentinel Butte city
38,ND,71940,Sharon city
38,ND,72180,Sheldon city
38,ND,72250,Shell Valley CDP
38,ND,72540,Sherwood city
38,ND,72580,Sheyenne city
38,ND,72820,Sibley city
38,ND,73820,Solen city
38,ND,74020,Souris city
38,ND,74185,South Heart city
38,ND,74660,Spiritwood CDP
38,ND,74740,Spiritwood Lake city
38,ND,74780,Springbrook city
38,ND,75380,Stanley city
38,ND,75420,Stanton city
38,ND,75580,Starkweather city
38,ND,75780,Steele city
38,ND,76500,Strasburg city
38,ND,76620,Streeter city
38,ND,77180,Surrey city
38,ND,77260,Sutton CDP
38,ND,77660,Sykeston city
38,ND,77980,Tappen city
38,ND,78180,Taylor city
38,ND,78660,Thompson city
38,ND,78940,Tioga city
38,ND,79140,Tolley city
38,ND,79180,Tolna city
38,ND,79340,Tower City city
38,ND,79420,Towner city
38,ND,79460,Trenton CDP
38,ND,79940,Turtle Lake city
38,ND,80140,Tuttle city
38,ND,80660,Underwood city
38,ND,80860,Upham city
38,ND,81180,Valley City city
38,ND,81620,Velva city
38,ND,81700,Venturia city
38,ND,81900,Verona city
38,ND,82380,Voltaire city
38,ND,82660,Wahpeton city
38,ND,82780,Walcott city
38,ND,82940,Wales city
38,ND,82980,Walhalla city
38,ND,83580,Warwick city
38,ND,83700,Washburn city
38,ND,83860,Watford City city
38,ND,84780,West Fargo city
38,ND,85020,Westhope city
38,ND,85180,Wheatland CDP
38,ND,85540,White Earth city
38,ND,85660,White Shield CDP
38,ND,86020,Wildrose city
38,ND,86220,Williston city
38,ND,86380,Willow City city
38,ND,86580,Wilton city
38,ND,86620,Wimbledon city
38,ND,86780,Wing city
38,ND,87020,Wishek city
38,ND,87180,Wolford city
38,ND,87580,Woodworth city
38,ND,87740,Wyndmere city
38,ND,87860,York city
38,ND,88020,Ypsilanti CDP
38,ND,88140,Zap city
38,ND,88180,Zeeland city
39,OH,00142,Aberdeen village
39,OH,00198,Ada village
39,OH,00380,Adamsville village
39,OH,00436,Addyston village
39,OH,00450,Adelphi village
39,OH,00464,Adena village
39,OH,00541,Ai CDP
39,OH,01000,Akron city
39,OH,01042,Albany village
39,OH,01154,Alexandria village
39,OH,01210,Alger village
39,OH,01420,Alliance city
39,OH,01588,Alvordton CDP
39,OH,01630,Amanda village
39,OH,01672,Amberley village
39,OH,01742,Amelia CDP
39,OH,01784,Amesville village
39,OH,01798,Amherst city
39,OH,01938,Amsterdam village
39,OH,02022,Andersonville CDP
39,OH,02050,Andover village
39,OH,02092,Anna village
39,OH,02120,Ansonia village
39,OH,02148,Antioch village
39,OH,02204,Antwerp village
39,OH,02232,Apple Creek village
39,OH,02266,Apple Valley CDP
39,OH,02274,Aquilla village
39,OH,02316,Arcadia village
39,OH,02330,Arcanum village
39,OH,02344,Archbold village
39,OH,02400,Arlington village
39,OH,02428,Arlington Heights village
39,OH,02568,Ashland city
39,OH,02582,Ashley village
39,OH,02638,Ashtabula city
39,OH,02680,Ashville village
39,OH,02722,Athalia village
39,OH,02736,Athens city
39,OH,02820,Attica village
39,OH,02848,Atwater CDP
39,OH,03086,Aurora city
39,OH,03142,Austinburg CDP
39,OH,03184,Austintown CDP
39,OH,03352,Avon city
39,OH,03464,Avon Lake city
39,OH,03562,Bailey Lakes village
39,OH,03585,Bainbridge CDP
39,OH,03604,Bainbridge village
39,OH,03646,Bairdstown village
39,OH,03716,Ballville CDP
39,OH,03744,Baltic village
39,OH,03758,Baltimore village
39,OH,03786,Bannock CDP
39,OH,03828,Barberton city
39,OH,03926,Barnesville village
39,OH,03940,Barnhill village
39,OH,04094,Bascom CDP
39,OH,04136,Bass Lake CDP
39,OH,04150,Batavia village
39,OH,04192,Batesville village
39,OH,04402,Bay View village
39,OH,04416,Bay Village city
39,OH,04458,Beach City village
39,OH,04500,Beachwood city
39,OH,04542,Beallsville village
39,OH,04696,Beaver village
39,OH,04720,Beavercreek city
39,OH,04752,Beaverdam village
39,OH,04840,Beckett Ridge CDP
39,OH,04878,Bedford city
39,OH,04920,Bedford Heights city
39,OH,05013,Beechwood Trails CDP
39,OH,05074,Bellaire village
39,OH,05102,Bellbrook city
39,OH,05116,Belle Center village
39,OH,05130,Bellefontaine city
39,OH,05158,Belle Valley village
39,OH,05228,Bellevue city
39,OH,05284,Bellville village
39,OH,05312,Belmont village
39,OH,05396,Belmore village
39,OH,05410,Beloit village
39,OH,05424,Belpre city
39,OH,05550,Bentleyville village
39,OH,05662,Benton Ridge village
39,OH,05676,Bentonville CDP
39,OH,05690,Berea city
39,OH,05718,Bergholz village
39,OH,05732,Berkey village
39,OH,05816,Berlin CDP
39,OH,05900,Berlin Heights village
39,OH,06068,Bethel village
39,OH,06138,Bethesda village
39,OH,06194,Bettsville village
39,OH,06208,Beulah Beach CDP
39,OH,06222,Beverly village
39,OH,06278,Bexley city
39,OH,06320,Bidwell CDP
39,OH,06502,Birmingham CDP
39,OH,06670,Blacklick Estates CDP
39,OH,06740,Bladensburg CDP
39,OH,06754,Blaine CDP
39,OH,06810,Blakeslee village
39,OH,06908,Blanchester village
39,OH,07062,Bloomdale village
39,OH,07188,Bloomingburg village
39,OH,07202,Bloomingdale village
39,OH,07258,Bloomingville CDP
39,OH,07286,Bloomville village
39,OH,07300,Blue Ash city
39,OH,07377,Blue Jay CDP
39,OH,07426,Bluffton village
39,OH,07583,Bolindale CDP
39,OH,07594,Bolivar village
39,OH,07608,Bolton CDP
39,OH,07790,Boston Heights village
39,OH,07832,Botkins village
39,OH,07888,Bourneville CDP
39,OH,07916,Bowerston village
39,OH,07930,Bowersville village
39,OH,07972,Bowling Green city
39,OH,08084,Bradford village
39,OH,08112,Bradner village
39,OH,08168,Brady Lake CDP
39,OH,08308,Brandt CDP
39,OH,08336,Bratenahl village
39,OH,08364,Brecksville city
39,OH,08378,Brecon CDP
39,OH,08392,Bremen village
39,OH,08504,Brewster village
39,OH,08532,Brice village
39,OH,08560,Bridgeport village
39,OH,08602,Bridgetown CDP
39,OH,08812,Brilliant CDP
39,OH,08826,Brimfield CDP
39,OH,09064,Broadview Heights city
39,OH,09200,Brookfield Center CDP
39,OH,09246,Brooklyn city
39,OH,09274,Brooklyn Heights village
39,OH,09288,Brook Park city
39,OH,09316,Brookside village
39,OH,09358,Brookville city
39,OH,09386,Broughton village
39,OH,09596,Brownsville CDP
39,OH,09652,Brunersburg CDP
39,OH,09680,Brunswick city
39,OH,09792,Bryan city
39,OH,09834,Buchtel village
39,OH,09890,Buckeye Lake village
39,OH,09974,Buckland village
39,OH,10030,Bucyrus city
39,OH,10128,Buffalo CDP
39,OH,10156,Buford CDP
39,OH,10254,Burbank village
39,OH,10282,Burgoon village
39,OH,10296,Burkettsville village
39,OH,10352,Burlington CDP
39,OH,10436,Burton village
39,OH,10632,Butler village
39,OH,10674,Butlerville village
39,OH,10716,Byesville village
39,OH,10800,Cadiz village
39,OH,10884,Cairo village
39,OH,10926,Calcutta CDP
39,OH,10940,Caldwell village
39,OH,10954,Caledonia village
39,OH,10996,Cambridge city
39,OH,11024,Camden village
39,OH,11066,Campbell city
39,OH,11150,Camp Dennison CDP
39,OH,11304,Canal Fulton city
39,OH,11318,Canal Lewisville CDP
39,OH,11332,Canal Winchester city
39,OH,11334,Candlewood Lake CDP
39,OH,11360,Canfield city
39,OH,12000,Canton city
39,OH,12056,Carbon Hill CDP
39,OH,12084,Cardington village
39,OH,12112,Carey village
39,OH,12168,Carlisle village
39,OH,12252,Carroll village
39,OH,12280,Carrollton village
39,OH,12462,Casstown village
39,OH,12476,Castalia village
39,OH,12504,Castine village
39,OH,12560,Catawba village
39,OH,12700,Cecil village
39,OH,12784,Cedarville village
39,OH,12854,Celeryville CDP
39,OH,12868,Celina city
39,OH,13036,Centerburg village
39,OH,13169,Centerville (Thurman) village
39,OH,13190,Centerville city
39,OH,13358,Chagrin Falls village
39,OH,13484,Champion Heights CDP
39,OH,13554,Chardon city
39,OH,13694,Chatfield village
39,OH,13778,Chauncey village
39,OH,13834,Cherry Fork CDP
39,OH,13848,Cherry Grove CDP
39,OH,13904,Chesapeake village
39,OH,13932,Cheshire village
39,OH,14086,Chesterhill village
39,OH,14100,Chesterland CDP
39,OH,14114,Chesterville village
39,OH,14128,Cheviot city
39,OH,14156,Chickasaw village
39,OH,14184,Chillicothe city
39,OH,14226,Chilo village
39,OH,14254,Chippewa Lake village
39,OH,14280,Chippewa Park CDP
39,OH,14288,Choctaw Lake CDP
39,OH,14296,Christiansburg village
39,OH,14324,Churchill CDP
39,OH,15000,Cincinnati city
39,OH,15008,Cinnamon Lake CDP
39,OH,15070,Circleville city
39,OH,15210,Clarington village
39,OH,15336,Clarksburg village
39,OH,15406,Clarksville village
39,OH,15434,Clarktown CDP
39,OH,15588,Clay Center village
39,OH,15644,Clayton city
39,OH,16000,Cleveland city
39,OH,16014,Cleveland Heights city
39,OH,16028,Cleves village
39,OH,16056,Clifton village
39,OH,16182,Clinton village
39,OH,16266,Cloverdale village
39,OH,16308,Clyde city
39,OH,16378,Coal Grove village
39,OH,16434,Coalton village
39,OH,16521,Coldstream CDP
39,OH,16532,Coldwater village
39,OH,16700,College Corner village
39,OH,16784,Collins CDP
39,OH,17036,Columbiana city
39,OH,18000,Columbus city
39,OH,18014,Columbus Grove village
39,OH,18070,Commercial Point village
39,OH,18244,Concorde Hills CDP
39,OH,18266,Conesville village
39,OH,18308,Congress village
39,OH,18350,Conneaut city
39,OH,18420,Connorville CDP
39,OH,18504,Continental village
39,OH,18546,Convoy village
39,OH,18588,Coolville village
39,OH,18770,Corning village
39,OH,18812,Cortland city
39,OH,18840,Corwin village
39,OH,18868,Coshocton city
39,OH,19008,Covedale CDP
39,OH,19050,Covington village
39,OH,19106,Craig Beach village
39,OH,19330,Crestline village
39,OH,19344,Creston village
39,OH,19400,Cridersville village
39,OH,19456,Crooksville village
39,OH,19554,Crown City village
39,OH,19596,Crystal Lakes CDP
39,OH,19615,Crystal Rock CDP
39,OH,19694,Cumberland village
39,OH,19736,Curtice CDP
39,OH,19750,Custar village
39,OH,19778,Cuyahoga Falls city
39,OH,19806,Cuyahoga Heights village
39,OH,19820,Cygnet village
39,OH,19848,Cynthiana CDP
39,OH,19974,Dalton village
39,OH,20030,Damascus CDP
39,OH,20114,Danville village
39,OH,20198,Darbydale CDP
39,OH,20212,Darbyville village
39,OH,20268,Darrtown CDP
39,OH,20366,Day Heights CDP
39,OH,21000,Dayton city
39,OH,21266,Deer Park city
39,OH,21294,Deersville village
39,OH,21308,Defiance city
39,OH,21378,De Graff village
39,OH,21434,Delaware city
39,OH,21518,Delhi Hills CDP
39,OH,21560,Dellroy village
39,OH,21602,Delphos city
39,OH,21610,Delshire CDP
39,OH,21616,Delta village
39,OH,21714,Dennison village
39,OH,21742,Dent CDP
39,OH,21784,Derby CDP
39,OH,21812,Deshler village
39,OH,21868,Devola CDP
39,OH,21910,Dexter City village
39,OH,22008,Dillonvale CDP
39,OH,22022,Dillonvale village
39,OH,22260,Dola CDP
39,OH,22288,Donnelsville village
39,OH,22456,Dover city
39,OH,22568,Doylestown village
39,OH,22610,Dresden village
39,OH,22624,Drexel CDP
39,OH,22660,Dry Ridge CDP
39,OH,22674,Dry Run CDP
39,OH,22694,Dublin city
39,OH,22820,Duncan Falls CDP
39,OH,22848,Dundee CDP
39,OH,22946,Dunkirk village
39,OH,22960,Dunlap CDP
39,OH,22974,Dupont village
39,OH,23254,East Alliance CDP
39,OH,23324,East Canton village
39,OH,23380,East Cleveland city
39,OH,23534,East Fultonham CDP
39,OH,23618,Eastlake city
39,OH,23702,East Liberty CDP
39,OH,23730,East Liverpool city
39,OH,23940,East Palestine village
39,OH,24024,East Rochester CDP
39,OH,24052,East Sparta village
39,OH,24066,East Springfield CDP
39,OH,24234,Eaton city
39,OH,24262,Eaton Estates CDP
39,OH,24486,Edgerton village
39,OH,24542,Edgewood CDP
39,OH,24598,Edison village
39,OH,24640,Edon village
39,OH,24766,Eldorado village
39,OH,24794,Elgin village
39,OH,24808,Elida village
39,OH,24850,Elizabethtown CDP
39,OH,25144,Elmore village
39,OH,25186,Elmwood Place village
39,OH,25256,Elyria city
39,OH,25368,Empire village
39,OH,25396,Englewood city
39,OH,25452,Enon village
39,OH,25676,Etna CDP
39,OH,25704,Euclid city
39,OH,25802,Evendale village
39,OH,25914,Fairborn city
39,OH,25942,Fairfax village
39,OH,25970,Fairfield city
39,OH,26110,Fairfield Beach CDP
39,OH,26166,Fairlawn city
39,OH,26306,Fairport Harbor village
39,OH,26348,Fairview village
39,OH,26446,Fairview Park city
39,OH,26656,Farmersville village
39,OH,26768,Fayette village
39,OH,26796,Fayetteville village
39,OH,26880,Felicity village
39,OH,27048,Findlay city
39,OH,27104,Finneytown CDP
39,OH,27303,Five Points CDP
39,OH,27356,Flat Rock CDP
39,OH,27412,Fletcher village
39,OH,27538,Florida village
39,OH,27552,Flushing village
39,OH,27636,Forest village
39,OH,27706,Forest Park city
39,OH,27776,Forestville CDP
39,OH,27818,Fort Jennings village
39,OH,27832,Fort Loramie village
39,OH,27846,Fort McKinley CDP
39,OH,27902,Fort Recovery village
39,OH,27930,Fort Seneca CDP
39,OH,27944,Fort Shawnee CDP
39,OH,28014,Fostoria city
39,OH,28058,Four Bridges CDP
39,OH,28182,Frankfort village
39,OH,28476,Franklin city
39,OH,28532,Franklin Furnace CDP
39,OH,28574,Frazeysburg village
39,OH,28616,Fredericksburg village
39,OH,28658,Fredericktown village
39,OH,28798,Freeport village
39,OH,28826,Fremont city
39,OH,28882,Fresno CDP
39,OH,28896,Friendship CDP
39,OH,28966,Fruit Hill CDP
39,OH,29050,Fulton village
39,OH,29064,Fultonham village
39,OH,29106,Gahanna city
39,OH,29148,Galena village
39,OH,29162,Galion city
39,OH,29204,Gallipolis village
39,OH,29246,Gambier village
39,OH,29288,Gann (Brinkhaven) village
39,OH,29428,Garfield Heights city
39,OH,29442,Garrettsville village
39,OH,29498,Gates Mills village
39,OH,29610,Geneva city
39,OH,29652,Geneva-on-the-Lake village
39,OH,29722,Genoa village
39,OH,29778,Georgetown village
39,OH,29932,Germantown city
39,OH,29974,Gettysburg village
39,OH,30072,Gibsonburg village
39,OH,30114,Gilboa village
39,OH,30198,Girard city
39,OH,30282,Glandorf village
39,OH,30352,Glencoe CDP
39,OH,30380,Glendale village
39,OH,30436,Glenford village
39,OH,30506,Glenmont village
39,OH,30520,Glenmoor CDP
39,OH,30632,Glenwillow village
39,OH,30660,Gloria Glens Park village
39,OH,30674,Glouster village
39,OH,30702,Gnadenhutten village
39,OH,30786,Golf Manor village
39,OH,30814,Gomer CDP
39,OH,30828,Good Hope CDP
39,OH,30912,Gordon village
39,OH,30996,Goshen CDP
39,OH,31150,Grafton village
39,OH,31206,Grand Rapids village
39,OH,31234,Grand River village
39,OH,31262,Grandview CDP
39,OH,31304,Grandview Heights city
39,OH,31402,Granville village
39,OH,31434,Granville South CDP
39,OH,31458,Gratiot village
39,OH,31472,Gratis village
39,OH,31542,Graysville village
39,OH,31860,Green city
39,OH,31948,Green Camp village
39,OH,32088,Greenfield village
39,OH,32158,Greenhills village
39,OH,32207,Green Meadows CDP
39,OH,32256,Green Springs village
39,OH,32298,Greentown CDP
39,OH,32340,Greenville city
39,OH,32368,Greenwich village
39,OH,32536,Groesbeck CDP
39,OH,32592,Grove City city
39,OH,32606,Groveport city
39,OH,32620,Grover Hill village
39,OH,32680,Guilford Lake CDP
39,OH,32928,Hamburg CDP
39,OH,32956,Hamden village
39,OH,32984,Hamersville village
39,OH,33012,Hamilton city
39,OH,33096,Hamler village
39,OH,33194,Hanging Rock village
39,OH,33222,Hannibal CDP
39,OH,33292,Hanover village
39,OH,33306,Hanoverton village
39,OH,33362,Harbor Hills CDP
39,OH,33376,Harbor View village
39,OH,33656,Harpster village
39,OH,33740,Harrisburg village
39,OH,33768,Harrisburg CDP
39,OH,33838,Harrison city
39,OH,34090,Harrisville village
39,OH,34118,Harrod village
39,OH,34202,Hartford (Croton) village
39,OH,34328,Hartville village
39,OH,34384,Harveysburg village
39,OH,34412,Haskins village
39,OH,34552,Haviland village
39,OH,34594,Haydenville CDP
39,OH,34636,Hayesville village
39,OH,34748,Heath city
39,OH,34790,Hebron village
39,OH,34860,Helena village
39,OH,34888,Hemlock village
39,OH,35028,Hessville CDP
39,OH,35098,Hicksville village
39,OH,35119,Hidden Lakes CDP
39,OH,35126,Hide-A-Way Hills CDP
39,OH,35168,Higginsport village
39,OH,35210,Highland village
39,OH,35252,Highland Heights city
39,OH,35255,Highland Hills village
39,OH,35256,Highland Holiday CDP
39,OH,35322,Highpoint CDP
39,OH,35476,Hilliard city
39,OH,35532,Hills and Dales village
39,OH,35560,Hillsboro city
39,OH,35613,Hilltop CDP
39,OH,35658,Hiram village
39,OH,35826,Hockingport CDP
39,OH,35854,Holgate village
39,OH,35864,Holiday City village
39,OH,35866,Holiday Lakes CDP
39,OH,35868,Holiday Valley CDP
39,OH,35882,Holland village
39,OH,35896,Hollansburg village
39,OH,35924,Holloway village
39,OH,35994,Holmesville village
39,OH,36176,Homeworth CDP
39,OH,36232,Hooven CDP
39,OH,36260,Hopedale village
39,OH,36512,Howard CDP
39,OH,36557,Howland Center CDP
39,OH,36568,Hoytville village
39,OH,36582,Hubbard city
39,OH,36610,Huber Heights city
39,OH,36624,Huber Ridge CDP
39,OH,36651,Hudson city
39,OH,36806,Hunter CDP
39,OH,36918,Hunting Valley village
39,OH,36988,Huntsville village
39,OH,37016,Huron city
39,OH,37142,Iberia CDP
39,OH,37240,Independence city
39,OH,37422,Irondale village
39,OH,37464,Ironton city
39,OH,37604,Ithaca village
39,OH,37842,Jackson city
39,OH,38192,Jacksonburg village
39,OH,38220,Jackson Center village
39,OH,38276,Jacksontown CDP
39,OH,38304,Jacksonville village
39,OH,38374,Jamestown village
39,OH,38500,Jefferson village
39,OH,38920,Jeffersonville village
39,OH,38948,Jenera village
39,OH,39060,Jeromesville village
39,OH,39074,Jerry City village
39,OH,39088,Jersey CDP
39,OH,39130,Jerusalem village
39,OH,39172,Jewett village
39,OH,39340,Johnstown village
39,OH,39508,Junction City village
39,OH,39536,Kalida village
39,OH,39564,Kanauga CDP
39,OH,39578,Kansas CDP
39,OH,39662,Kelleys Island village
39,OH,39872,Kent city
39,OH,39886,Kenton city
39,OH,39914,Kenwood CDP
39,OH,40040,Kettering city
39,OH,40054,Kettlersville village
39,OH,40096,Kidron CDP
39,OH,40124,Kilbourne CDP
39,OH,40180,Killbuck village
39,OH,40264,Kimbolton CDP
39,OH,40348,Kings Mills CDP
39,OH,40376,Kingston village
39,OH,40390,Kingsville CDP
39,OH,40507,Kinsman Center CDP
39,OH,40544,Kipton village
39,OH,40558,Kirby village
39,OH,40572,Kirkersville village
39,OH,40642,Kirtland city
39,OH,40670,Kirtland Hills village
39,OH,40978,Kunkle CDP
39,OH,41090,La Croft CDP
39,OH,41118,Lafayette village
39,OH,41146,Lafayette CDP
39,OH,41188,Lafferty CDP
39,OH,41230,LaGrange village
39,OH,41349,Lake Buckhorn CDP
39,OH,41363,Lake Darby CDP
39,OH,41373,Lake Lakengren CDP
39,OH,41398,Lakeline village
39,OH,41419,Lake Lorelei CDP
39,OH,41440,Lake Milton CDP
39,OH,41443,Lake Mohawk CDP
39,OH,41454,Lakemore village
39,OH,41500,Lake Seneca CDP
39,OH,41552,Lakeside CDP
39,OH,41597,Lake Tomahawk CDP
39,OH,41608,Lakeview village
39,OH,41657,Lake Waynoka CDP
39,OH,41664,Lakewood city
39,OH,41720,Lancaster city
39,OH,41755,Landen CDP
39,OH,41860,Lansing CDP
39,OH,41902,La Rue village
39,OH,41986,Latty village
39,OH,42028,Laura village
39,OH,42084,Laurelville village
39,OH,42210,Lawrenceville CDP
39,OH,42308,Leavittsburg CDP
39,OH,42364,Lebanon city
39,OH,42476,Leesburg village
39,OH,42518,Leesville village
39,OH,42560,Leetonia village
39,OH,42602,Leipsic village
39,OH,42938,Lewisburg village
39,OH,42966,Lewistown CDP
39,OH,42980,Lewisville village
39,OH,42994,Lexington village
39,OH,43414,Liberty Center village
39,OH,43554,Lima city
39,OH,43596,Limaville CDP
39,OH,43722,Lincoln Heights village
39,OH,43764,Lincoln Heights CDP
39,OH,43792,Lincoln Village CDP
39,OH,43904,Lindsey village
39,OH,43918,Linndale village
39,OH,44030,Lisbon village
39,OH,44086,Lithopolis village
39,OH,44128,Little Hocking CDP
39,OH,44282,Lloydsville CDP
39,OH,44310,Lockbourne village
39,OH,44352,Lockington village
39,OH,44366,Lockland village
39,OH,44604,Lodi village
39,OH,44632,Logan city
39,OH,44636,Logan Elm Village CDP
39,OH,44674,London city
39,OH,44856,Lorain city
39,OH,44912,Lordstown village
39,OH,44954,Lore City village
39,OH,45066,Loudonville village
39,OH,45094,Louisville city
39,OH,45108,Loveland city
39,OH,45122,Loveland Park CDP
39,OH,45164,Lowell village
39,OH,45178,Lowellville village
39,OH,45220,Lower Salem village
39,OH,45276,Lucas village
39,OH,45304,Lucasville CDP
39,OH,45332,Luckey village
39,OH,45374,Ludlow Falls village
39,OH,45542,Lynchburg village
39,OH,45556,Lyndhurst city
39,OH,45626,Lyons village
39,OH,45696,McArthur village
39,OH,45794,McClure village
39,OH,45808,McComb village
39,OH,45822,McConnelsville village
39,OH,45892,McCutchenville CDP
39,OH,45906,McDermott CDP
39,OH,45934,McDonald village
39,OH,45976,Macedonia city
39,OH,46046,McGuffey village
39,OH,46088,Mack CDP
39,OH,46144,McKinley Heights CDP
39,OH,46158,Macksburg village
39,OH,46312,Madeira city
39,OH,46480,Madison village
39,OH,46736,Madison Place CDP
39,OH,46830,Magnetic Springs village
39,OH,46844,Magnolia village
39,OH,46872,Maineville village
39,OH,46942,Malinta village
39,OH,46970,Malta village
39,OH,46998,Malvern village
39,OH,47012,Manchester village
39,OH,47138,Mansfield city
39,OH,47180,Mantua village
39,OH,47306,Maple Heights city
39,OH,47362,Maple Ridge CDP
39,OH,47445,Maplewood Park CDP
39,OH,47460,Marathon CDP
39,OH,47474,Marble Cliff village
39,OH,47502,Marblehead village
39,OH,47558,Marengo village
39,OH,47586,Maria Stein CDP
39,OH,47600,Mariemont village
39,OH,47628,Marietta city
39,OH,47754,Marion city
39,OH,47922,Marlboro CDP
39,OH,47950,Marne CDP
39,OH,47992,Marseilles village
39,OH,48048,Marshallville village
39,OH,48090,Martinsburg village
39,OH,48104,Martins Ferry city
39,OH,48118,Martinsville village
39,OH,48160,Marysville city
39,OH,48188,Mason city
39,OH,48230,Massieville CDP
39,OH,48244,Massillon city
39,OH,48272,Masury CDP
39,OH,48286,Matamoras (New Matamoras) village
39,OH,48342,Maumee city
39,OH,48468,Mayfield village
39,OH,48482,Mayfield Heights city
39,OH,48706,Mechanicsburg village
39,OH,48790,Medina city
39,OH,48832,Medway CDP
39,OH,48972,Melmore CDP
39,OH,49000,Melrose village
39,OH,49042,Mendon village
39,OH,49056,Mentor city
39,OH,49098,Mentor-on-the-Lake city
39,OH,49238,Metamora village
39,OH,49294,Meyers Lake village
39,OH,49420,Miami Heights CDP
39,OH,49434,Miamisburg city
39,OH,49462,Miamitown CDP
39,OH,49504,Miamiville CDP
39,OH,49588,Middlebranch CDP
39,OH,49644,Middleburg Heights city
39,OH,49700,Middlefield village
39,OH,49728,Middle Point village
39,OH,49756,Middleport village
39,OH,49840,Middletown city
39,OH,49896,Midland village
39,OH,49966,Midvale village
39,OH,50008,Midway village
39,OH,50036,Mifflin village
39,OH,50134,Milan village
39,OH,50176,Milford city
39,OH,50218,Milford Center village
39,OH,50260,Millbury village
39,OH,50316,Milledgeville village
39,OH,50344,Miller CDP
39,OH,50358,Miller City village
39,OH,50372,Millersburg village
39,OH,50400,Millersport village
39,OH,50456,Millfield CDP
39,OH,50540,Millville village
39,OH,50708,Milton Center village
39,OH,50722,Miltonsburg village
39,OH,50764,Mineral City village
39,OH,50778,Mineral Ridge CDP
39,OH,50834,Minerva village
39,OH,50862,Minerva Park village
39,OH,50876,Minford CDP
39,OH,50904,Mingo Junction village
39,OH,50918,Minster village
39,OH,50974,Mitiwanga CDP
39,OH,51058,Mogadore village
39,OH,51212,Monfort Heights CDP
39,OH,51310,Monroe city
39,OH,51618,Monroeville village
39,OH,51674,Montezuma village
39,OH,51716,Montgomery city
39,OH,51772,Montpelier village
39,OH,51816,Montrose-Ghent CDP
39,OH,52010,Moraine city
39,OH,52052,Moreland Hills village
39,OH,52178,Morgandale CDP
39,OH,52276,Morral village
39,OH,52346,Morristown village
39,OH,52374,Morrow village
39,OH,52416,Moscow village
39,OH,52598,Mount Blanchard village
39,OH,52612,Mount Carmel CDP
39,OH,52668,Mount Cory village
39,OH,52682,Mount Eaton village
39,OH,52738,Mount Gilead village
39,OH,52752,Mount Healthy city
39,OH,52780,Mount Healthy Heights CDP
39,OH,52822,Mount Hope CDP
39,OH,52906,Mount Orab village
39,OH,52976,Mount Pleasant village
39,OH,53032,Mount Repose CDP
39,OH,53046,Mount Sterling village
39,OH,53102,Mount Vernon city
39,OH,53144,Mount Victory village
39,OH,53186,Mowrystown village
39,OH,53270,Mulberry CDP
39,OH,53312,Munroe Falls city
39,OH,53410,Murray City village
39,OH,53480,Mutual village
39,OH,53536,Nankin CDP
39,OH,53550,Napoleon city
39,OH,53606,Nashport CDP
39,OH,53634,Nashville village
39,OH,53690,Navarre village
39,OH,53718,Neapolis CDP
39,OH,53788,Neffs CDP
39,OH,53802,Negley CDP
39,OH,53816,Nellie village
39,OH,53886,Nelsonville city
39,OH,53914,Nettle Lake CDP
39,OH,53942,Nevada village
39,OH,53956,Neville village
39,OH,53970,New Albany city
39,OH,54012,New Alexandria village
39,OH,54040,Newark city
39,OH,54068,New Athens village
39,OH,54082,New Baltimore CDP
39,OH,54110,New Bavaria village
39,OH,54152,New Bloomington village
39,OH,54166,New Boston village
39,OH,54194,New Bremen village
39,OH,54250,Newburgh Heights village
39,OH,54264,New Burlington CDP
39,OH,54320,New California CDP
39,OH,54334,New Carlisle city
39,OH,54432,Newcomerstown village
39,OH,54446,New Concord village
39,OH,54562,New Franklin city
39,OH,54628,New Hampshire CDP
39,OH,54684,New Haven CDP (Hamilton County)
39,OH,54698,New Haven CDP (Huron County)
39,OH,54726,New Holland village
39,OH,54838,New Knoxville village
39,OH,54852,New Lebanon village
39,OH,54866,New Lexington village
39,OH,54908,New London village
39,OH,54978,New Madison village
39,OH,55062,New Marshfield CDP
39,OH,55104,New Miami village
39,OH,55118,New Middletown village
39,OH,55188,New Paris village
39,OH,55216,New Philadelphia city
39,OH,55244,New Pittsburg CDP
39,OH,55314,Newport CDP (Shelby County)
39,OH,55342,Newport CDP (Washington County)
39,OH,55384,New Richmond village
39,OH,55398,New Riegel village
39,OH,55524,New Springfield CDP
39,OH,55552,New Straitsville village
39,OH,55650,Newton Falls village
39,OH,55678,Newtown village
39,OH,55748,New Vienna village
39,OH,55776,New Washington village
39,OH,55790,New Waterford village
39,OH,55818,New Weston village
39,OH,55874,Ney village
39,OH,55916,Niles city
39,OH,56154,North Baltimore village
39,OH,56182,North Bend village
39,OH,56280,Northbrook CDP
39,OH,56294,North Canton city
39,OH,56322,North College Hill city
39,OH,56420,North Fairfield village
39,OH,56448,Northfield village
39,OH,56553,Northgate CDP
39,OH,56588,North Hampton village
39,OH,56658,North Industry CDP
39,OH,56700,North Kingsville village
39,OH,56756,North Lawrence CDP
39,OH,56770,North Lewisburg village
39,OH,56798,North Lima CDP
39,OH,56812,North Madison CDP
39,OH,56882,North Olmsted city
39,OH,56910,North Perry village
39,OH,56924,North Randall village
39,OH,56938,Northridge CDP
39,OH,56966,North Ridgeville city
39,OH,56994,North Robinson village
39,OH,57008,North Royalton city
39,OH,57064,North Star village
39,OH,57190,Northwood city
39,OH,57218,North Zanesville CDP
39,OH,57260,Norton city
39,OH,57302,Norwalk city
39,OH,57372,Norwich village
39,OH,57386,Norwood city
39,OH,57582,Oak Harbor village
39,OH,57596,Oak Hill village
39,OH,57750,Oakwood village (Cuyahoga County)
39,OH,57764,Oakwood city
39,OH,57792,Oakwood village (Paulding County)
39,OH,57834,Oberlin city
39,OH,57862,Obetz village
39,OH,57876,Oceola CDP
39,OH,57918,Octa village
39,OH,58002,Ohio City village
39,OH,58149,Olde West Chester CDP
39,OH,58156,Old Fort CDP
39,OH,58226,Old Washington village
39,OH,58422,Olmsted Falls city
39,OH,58520,Ontario city
39,OH,58604,Orange village
39,OH,58674,Orangeville village
39,OH,58730,Oregon city
39,OH,58800,Orient CDP
39,OH,58828,Orrville city
39,OH,58856,Orwell village
39,OH,58912,Osgood village
39,OH,58940,Ostrander village
39,OH,58982,Ottawa village
39,OH,59010,Ottawa Hills village
39,OH,59052,Ottoville village
39,OH,59066,Otway village
39,OH,59220,Owensville village
39,OH,59234,Oxford city
39,OH,59416,Painesville city
39,OH,59598,Palestine village
39,OH,59724,Pancoastburg CDP
39,OH,59738,Pandora village
39,OH,59920,Park Layne CDP
39,OH,59934,Parkman CDP
39,OH,61000,Parma city
39,OH,61028,Parma Heights city
39,OH,61056,Parral village
39,OH,61112,Pataskala city
39,OH,61182,Patterson village
39,OH,61252,Paulding village
39,OH,61322,Payne village
39,OH,61420,Peebles village
39,OH,61448,Pekin CDP
39,OH,61504,Pemberville village
39,OH,61574,Peninsula village
39,OH,61686,Pepper Pike city
39,OH,61882,Perry village
39,OH,62134,Perry Heights CDP
39,OH,62148,Perrysburg city
39,OH,62190,Perrysville village
39,OH,62302,Petersburg CDP
39,OH,62344,Pettisville CDP
39,OH,62404,Pheasant Run CDP
39,OH,62414,Phillipsburg village
39,OH,62442,Philo village
39,OH,62498,Pickerington city
39,OH,62578,Pigeon Creek CDP
39,OH,62708,Piketon village
39,OH,62834,Pioneer village
39,OH,62848,Piqua city
39,OH,62890,Pitsburg village
39,OH,63030,Plain City village
39,OH,63044,Plainfield village
39,OH,63072,Plainville CDP
39,OH,63436,Pleasant City village
39,OH,63478,Pleasant Grove CDP
39,OH,63534,Pleasant Hill village
39,OH,63548,Pleasant Hills CDP
39,OH,63576,Pleasant Plain village
39,OH,63604,Pleasant Run CDP
39,OH,63618,Pleasant Run Farm CDP
39,OH,63716,Pleasantville village
39,OH,63758,Plumwood CDP
39,OH,63800,Plymouth village
39,OH,63954,Poland village
39,OH,63996,Polk village
39,OH,64024,Pomeroy village
39,OH,64108,Portage village
39,OH,64136,Portage Lakes CDP
39,OH,64150,Port Clinton city
39,OH,64262,Port Jefferson village
39,OH,64304,Portsmouth city
39,OH,64346,Port Washington village
39,OH,64360,Port William village
39,OH,64430,Potsdam village
39,OH,64472,Pottery Addition CDP
39,OH,64486,Powell city
39,OH,64542,Powhatan Point village
39,OH,64766,Proctorville village
39,OH,64780,Prospect village
39,OH,64906,Pulaski CDP
39,OH,65032,Put-in-Bay village
39,OH,65116,Quaker City village
39,OH,65200,Quincy village
39,OH,65256,Racine village
39,OH,65298,Radnor CDP
39,OH,65508,Rarden village
39,OH,65592,Ravenna city
39,OH,65634,Rawson village
39,OH,65662,Rayland village
39,OH,65676,Raymond CDP
39,OH,65732,Reading city
39,OH,66012,Reedurban CDP
39,OH,66152,Reminderville village
39,OH,66180,Remington CDP
39,OH,66222,Rendville village
39,OH,66250,Reno CDP
39,OH,66264,Reno Beach CDP
39,OH,66320,Republic village
39,OH,66390,Reynoldsburg city
39,OH,66530,Richfield village
39,OH,66824,Richmond village
39,OH,66880,Richmond Dale CDP
39,OH,66894,Richmond Heights city
39,OH,66922,Richville CDP
39,OH,66936,Richwood village
39,OH,67104,Ridgeville Corners CDP
39,OH,67118,Ridgeway village
39,OH,67128,Ridgewood CDP
39,OH,67258,Rio Grande village
39,OH,67272,Ripley village
39,OH,67314,Risingsun village
39,OH,67356,Rittman city
39,OH,67440,Riverlea village
39,OH,67468,Riverside city
39,OH,67580,Roachester CDP
39,OH,67600,Roaming Shores village
39,OH,67664,Robertsville CDP
39,OH,67762,Rochester village
39,OH,67804,Rockbridge CDP
39,OH,67846,Rock Creek village
39,OH,67874,Rockford village
39,OH,68004,Rocky Fork Point CDP
39,OH,68042,Rocky Ridge village
39,OH,68056,Rocky River city
39,OH,68084,Rogers village
39,OH,68196,Rome (Stout) village
39,OH,68448,Rose Farm CDP
39,OH,68490,Roseland CDP
39,OH,68546,Rosemount CDP
39,OH,68560,Roseville village
39,OH,68574,Rosewood CDP
39,OH,68602,Ross CDP
39,OH,68672,Rossburg village
39,OH,68686,Rossford city
39,OH,68714,Rossmoyne CDP
39,OH,68742,Roswell village
39,OH,68938,Rudolph CDP
39,OH,69176,Rushsylvania village
39,OH,69204,Rushville village
39,OH,69302,Russells Point village
39,OH,69316,Russellville village
39,OH,69344,Russia village
39,OH,69358,Rutland village
39,OH,69400,Sabina village
39,OH,69470,St. Bernard village
39,OH,69526,St. Clairsville city
39,OH,69540,St. Henry village
39,OH,69596,St. Johns CDP
39,OH,69652,St. Louisville village
39,OH,69666,St. Martin CDP
39,OH,69680,St. Marys city
39,OH,69708,St. Paris village
39,OH,69834,Salem city
39,OH,70044,Salem Heights CDP (Columbiana County)
39,OH,70050,Salem Heights CDP (Hamilton County)
39,OH,70072,Salesville CDP
39,OH,70100,Salineville village
39,OH,70380,Sandusky city
39,OH,70464,Sandyville CDP
39,OH,70520,Sarahsville village
39,OH,70534,Sardinia village
39,OH,70548,Sardis CDP
39,OH,70576,Savannah village
39,OH,70618,Sawyerwood CDP
39,OH,70655,Saybrook-on-the-Lake CDP
39,OH,70814,Scio village
39,OH,70912,Sciotodale CDP
39,OH,71080,Scott village
39,OH,71206,Seaman village
39,OH,71220,Sebring village
39,OH,71360,Senecaville village
39,OH,71416,Seven Hills city
39,OH,71444,Seven Mile village
39,OH,71486,Seville village
39,OH,71640,Shadyside village
39,OH,71682,Shaker Heights city
39,OH,71836,Sharon Center CDP
39,OH,71892,Sharonville city
39,OH,71958,Shawnee CDP
39,OH,71962,Shawnee village
39,OH,71976,Shawnee Hills village
39,OH,71983,Shawnee Hills CDP
39,OH,72060,Sheffield village
39,OH,72088,Sheffield Lake city
39,OH,72102,Shelby city
39,OH,72242,Sherrodsville village
39,OH,72256,Sherwood village
39,OH,72258,Sherwood CDP
39,OH,72284,Shiloh CDP
39,OH,72298,Shiloh village
39,OH,72396,Shreve village
39,OH,72424,Sidney city
39,OH,72494,Silver Lake village
39,OH,72522,Silverton village
39,OH,72578,Sinking Spring village
39,OH,72620,Sixteen Mile Stand CDP
39,OH,72648,Skyline Acres CDP
39,OH,72788,Smithville village
39,OH,72928,Solon city
39,OH,72977,Somerset village
39,OH,72998,Somerville CDP
39,OH,73040,South Amherst village
39,OH,73068,South Bloomfield village
39,OH,73118,South Canal CDP
39,OH,73124,South Charleston village
39,OH,73264,South Euclid city
39,OH,73446,South Lebanon village
39,OH,73530,South Mount Vernon CDP
39,OH,73670,South Point village
39,OH,73684,South Russell village
39,OH,73698,South Salem village
39,OH,73768,South Solon village
39,OH,73796,South Vienna village
39,OH,73824,South Webster village
39,OH,73894,South Zanesville village
39,OH,73950,Sparta village
39,OH,73992,Spencer village
39,OH,74034,Spencerville village
39,OH,74076,Springboro city
39,OH,74104,Springdale city
39,OH,74118,Springfield city
39,OH,74216,Spring Valley village
39,OH,74300,Stafford village
39,OH,74566,Sterling CDP
39,OH,74608,Steubenville city
39,OH,74622,Stewart CDP
39,OH,74734,Stockdale CDP
39,OH,74748,Stockport village
39,OH,74804,Stone Creek village
39,OH,74832,Stony Prairie CDP
39,OH,74846,Stony Ridge CDP
39,OH,74916,Stoutsville village
39,OH,74944,Stow city
39,OH,74958,Strasburg village
39,OH,75000,Stratton village
39,OH,75014,Streetsboro city
39,OH,75098,Strongsville city
39,OH,75126,Struthers city
39,OH,75140,Stryker village
39,OH,75182,Suffield CDP
39,OH,75196,Sugar Bush Knolls village
39,OH,75210,Sugarcreek village
39,OH,75252,Sugar Grove village
39,OH,75350,Sullivan CDP
39,OH,75392,Sulphur Springs CDP
39,OH,75406,Summerfield village
39,OH,75434,Summerside CDP
39,OH,75574,Summitville village
39,OH,75602,Sunbury village
39,OH,75896,Swanton village
39,OH,75980,Sycamore village
39,OH,76022,Sylvania city
39,OH,76050,Syracuse village
39,OH,76106,Tallmadge city
39,OH,76148,Tarlton village
39,OH,76197,Taylor Creek CDP
39,OH,76358,Tedrow CDP
39,OH,76428,Terrace Park village
39,OH,76568,The Plains CDP
39,OH,76582,The Village of Indian Hill city
39,OH,76666,Thornport CDP
39,OH,76680,Thornville village
39,OH,76764,Thurston village
39,OH,76778,Tiffin city
39,OH,76806,Tiltonsville village
39,OH,76834,Timberlake village
39,OH,76876,Tipp City city
39,OH,76890,Tippecanoe CDP
39,OH,76932,Tiro village
39,OH,77000,Toledo city
39,OH,77070,Tontogany village
39,OH,77112,Toronto city
39,OH,77308,Tremont City village
39,OH,77322,Trenton city
39,OH,77406,Trimble village
39,OH,77434,Trinway CDP
39,OH,77504,Trotwood city
39,OH,77588,Troy city
39,OH,77812,Tuppers Plains CDP
39,OH,77840,Turpin Hills CDP
39,OH,77924,Tuscarawas village
39,OH,78050,Twinsburg city
39,OH,78078,Twinsburg Heights CDP
39,OH,78176,Uhrichsville city
39,OH,78470,Union city
39,OH,78624,Union City village
39,OH,78736,Uniontown CDP
39,OH,78834,Unionville Center village
39,OH,78848,Uniopolis CDP
39,OH,78932,University Heights city
39,OH,79002,Upper Arlington city
39,OH,79044,Upper Sandusky city
39,OH,79072,Urbana city
39,OH,79100,Urbancrest village
39,OH,79114,Utica village
39,OH,79184,Valley City CDP
39,OH,79226,Valley Hi village
39,OH,79268,Valley View village
39,OH,79282,Valleyview village
39,OH,79394,Van Buren village
39,OH,79492,Vandalia city
39,OH,79534,Vanlue village
39,OH,79562,Van Wert city
39,OH,79590,Vaughnsville CDP
39,OH,79632,Venedocia village
39,OH,79716,Vermilion city
39,OH,79898,Verona village
39,OH,79912,Versailles village
39,OH,79982,Vickery CDP
39,OH,80066,Vienna Center CDP
39,OH,80150,Vincent CDP
39,OH,80178,Vinton village
39,OH,80304,Wadsworth city
39,OH,80402,Waite Hill village
39,OH,80458,Wakeman village
39,OH,80486,Walbridge village
39,OH,80500,Waldo village
39,OH,80612,Walnut Creek CDP
39,OH,80738,Walton Hills village
39,OH,80766,Wapakoneta city
39,OH,80892,Warren city
39,OH,80990,Warrensville Heights city
39,OH,81032,Warsaw village
39,OH,81718,Washington Court House city
39,OH,81732,Washingtonville village
39,OH,81760,Waterford CDP
39,OH,81858,Waterville city
39,OH,81928,Wauseon city
39,OH,81935,Waverly village
39,OH,82334,Wayne village
39,OH,82348,Wayne Lakes village
39,OH,82376,Waynesburg village
39,OH,82390,Waynesfield village
39,OH,82418,Waynesville village
39,OH,82642,Wellington village
39,OH,82712,Wellston city
39,OH,82740,Wellsville village
39,OH,82880,West Alexandria village
39,OH,83090,West Carrollton city
39,OH,83216,West Elkton village
39,OH,83342,Westerville city
39,OH,83384,West Farmington village
39,OH,83468,Westfield Center village
39,OH,83541,West Hill CDP
39,OH,83580,West Jefferson village
39,OH,83608,West Lafayette village
39,OH,83622,Westlake city
39,OH,83706,West Leipsic village
39,OH,83734,West Liberty village
39,OH,83776,West Logan CDP
39,OH,83804,West Manchester village
39,OH,83818,West Mansfield village
39,OH,83888,West Millgrove village
39,OH,83902,West Milton village
39,OH,83930,Westminster CDP
39,OH,83972,Weston village
39,OH,84140,West Portsmouth CDP
39,OH,84182,West Rushville village
39,OH,84196,West Salem village
39,OH,84294,West Union village
39,OH,84308,West Unity village
39,OH,84528,Wetherington CDP
39,OH,84574,Wharton village
39,OH,84588,Wheelersburg CDP
39,OH,84742,Whitehall city
39,OH,84770,Whitehouse village
39,OH,84812,White Oak CDP
39,OH,84882,Whites Landing CDP
39,OH,85036,Wickliffe city
39,OH,85085,Wightmans Grove CDP
39,OH,85092,Wilberforce CDP
39,OH,85190,Wilkesville village
39,OH,85228,Wilkshire Hills CDP
39,OH,85232,Willard city
39,OH,85288,Williamsburg village
39,OH,85344,Williamsdale CDP
39,OH,85414,Williamsport village
39,OH,85442,Williston CDP
39,OH,85484,Willoughby city
39,OH,85512,Willoughby Hills city
39,OH,85638,Willowick city
39,OH,85736,Willshire village
39,OH,85792,Wilmington city
39,OH,85806,Wilmot village
39,OH,85834,Wilson village
39,OH,85876,Winchester village
39,OH,85946,Windham village
39,OH,86072,Winesburg CDP
39,OH,86184,Wintersville village
39,OH,86254,Withamsville CDP
39,OH,86282,Wolfhurst CDP
39,OH,86366,Woodlawn village
39,OH,86394,Woodmere village
39,OH,86422,Woodsdale CDP
39,OH,86436,Woodsfield village
39,OH,86478,Woodstock village
39,OH,86492,Woodville village
39,OH,86534,Woodworth CDP
39,OH,86548,Wooster city
39,OH,86604,Worthington city
39,OH,86632,Wren village
39,OH,86660,Wright-Patterson AFB CDP
39,OH,86730,Wyoming city
39,OH,86772,Xenia city
39,OH,86856,Yankee Lake village
39,OH,86940,Yellow Springs village
39,OH,87164,Yorkshire village
39,OH,87178,Yorkville village
39,OH,88000,Youngstown city
39,OH,88028,Zaleski village
39,OH,88070,Zanesfield village
39,OH,88084,Zanesville city
39,OH,88168,Zoar village
40,OK,00100,Achille town
40,OK,00200,Ada city
40,OK,00250,Adair town
40,OK,00300,Adams CDP
40,OK,00350,Adamson CDP
40,OK,00450,Addington town
40,OK,00600,Afton town
40,OK,00700,Agra town
40,OK,00900,Akins CDP
40,OK,00950,Albany CDP
40,OK,01050,Albion town
40,OK,01150,Alderson town
40,OK,01250,Alex town
40,OK,01350,Aline town
40,OK,01400,Allen town
40,OK,01700,Altus city
40,OK,01800,Alva city
40,OK,01900,Amber town
40,OK,01950,Ames town
40,OK,02000,Amorita town
40,OK,02050,Anadarko city
40,OK,02250,Antlers city
40,OK,02300,Apache town
40,OK,02500,Arapaho town
40,OK,02550,Arcadia town
40,OK,02600,Ardmore city
40,OK,02650,Arkoma town
40,OK,02750,Armstrong town
40,OK,02800,Arnett town
40,OK,02900,Arpelar CDP
40,OK,03000,Asher town
40,OK,03050,Ashland town
40,OK,03300,Atoka city
40,OK,03350,Atwood town
40,OK,03500,Avant town
40,OK,03550,Avard CDP
40,OK,03750,Bache CDP
40,OK,03815,Badger Lee CDP
40,OK,03900,Baker CDP
40,OK,04075,Ballou CDP
40,OK,04200,Barber CDP
40,OK,04250,Barnsdall city
40,OK,04350,Baron CDP
40,OK,04450,Bartlesville city
40,OK,04700,Bearden town
40,OK,04750,Beaver town
40,OK,04950,Bee CDP
40,OK,05000,Beggs city
40,OK,05070,Belfonte CDP
40,OK,05090,Bell CDP
40,OK,05400,Bennington town
40,OK,05450,Bentley CDP
40,OK,05550,Bernice town
40,OK,05650,Bessie town
40,OK,05700,Bethany city
40,OK,05800,Bethel Acres town
40,OK,05900,Big Cabin town
40,OK,06100,Billings town
40,OK,06200,Binger town
40,OK,06350,Bison CDP
40,OK,06400,Bixby city
40,OK,06450,Blackburn town
40,OK,06500,Blackgum CDP
40,OK,06600,Blackwell city
40,OK,06650,Blair town
40,OK,06700,Blanchard city
40,OK,06750,Blanco CDP
40,OK,06900,Blue CDP
40,OK,06950,Bluejacket town
40,OK,07300,Boise City city
40,OK,07350,Bokchito town
40,OK,07450,Bokoshe town
40,OK,07500,Boley town
40,OK,07750,Boswell town
40,OK,07950,Bowlegs town
40,OK,08000,Bowring CDP
40,OK,08050,Box CDP
40,OK,08150,Boynton town
40,OK,08300,Bradley town
40,OK,08400,Braggs town
40,OK,08450,Braman town
40,OK,08550,Bray town
40,OK,08600,Breckenridge town
40,OK,08650,Brent CDP
40,OK,08700,Briartown CDP
40,OK,08725,Bridge Creek town
40,OK,08750,Bridgeport city
40,OK,08775,Briggs CDP
40,OK,08900,Bristow city
40,OK,09050,Broken Arrow city
40,OK,09100,Broken Bow city
40,OK,09150,Bromide town
40,OK,09400,Brooksville town
40,OK,09612,Brush Creek CDP
40,OK,09650,Brushy CDP
40,OK,09700,Bryant CDP
40,OK,09850,Buffalo town
40,OK,09875,Bug Tussle CDP
40,OK,09887,Bull Hollow CDP
40,OK,09900,Bunch CDP
40,OK,09950,Burbank town
40,OK,10050,Burlington town
40,OK,10150,Burneyville CDP
40,OK,10250,Burns Flat town
40,OK,10400,Bushyhead CDP
40,OK,10450,Butler town
40,OK,10460,Butler CDP
40,OK,10550,Byars town
40,OK,10600,Byng town
40,OK,10650,Byron town
40,OK,10700,Cache city
40,OK,10800,Caddo town
40,OK,10950,Calera town
40,OK,11050,Calumet town
40,OK,11100,Calvin town
40,OK,11150,Camargo town
40,OK,11300,Cameron town
40,OK,11450,Canadian town
40,OK,11530,Canadian Shores CDP
40,OK,11550,Caney town
40,OK,11562,Caney CDP
40,OK,11575,Caney Ridge CDP
40,OK,11600,Canton town
40,OK,11650,Canute town
40,OK,11750,Capron town
40,OK,11975,Carlisle CDP
40,OK,11990,Carlton Landing town
40,OK,12000,Carmen town
40,OK,12050,Carnegie town
40,OK,12100,Carney town
40,OK,12200,Carrier town
40,OK,12300,Carter town
40,OK,12550,Cartwright CDP
40,OK,12650,Cashion town
40,OK,12750,Castle town
40,OK,12900,Catoosa city
40,OK,12910,Cave Spring CDP
40,OK,12915,Cayuga CDP
40,OK,12930,Cedar Crest CDP
40,OK,12937,Cedar Lake CDP
40,OK,12960,Cedar Valley city
40,OK,13000,Cement town
40,OK,13100,Centrahoma city
40,OK,13135,Central High town
40,OK,13475,Chance CDP
40,OK,13500,Chandler city
40,OK,13600,Chattanooga town
40,OK,13650,Checotah city
40,OK,13700,Chelsea town
40,OK,13750,Cherokee city
40,OK,13775,Cherry Tree CDP
40,OK,13800,Chester CDP
40,OK,13850,Chewey CDP
40,OK,13900,Cheyenne town
40,OK,13950,Chickasha city
40,OK,14200,Choctaw city
40,OK,14300,Chouteau town
40,OK,14350,Christie CDP
40,OK,14500,Cimarron City town
40,OK,14700,Claremore city
40,OK,14750,Clarita CDP
40,OK,14800,Clarksville CDP
40,OK,14900,Clayton town
40,OK,15050,Clearview town
40,OK,15250,Cleora CDP
40,OK,15300,Cleo Springs town
40,OK,15350,Cleveland city
40,OK,15400,Clinton city
40,OK,15625,Cloud Creek CDP
40,OK,15800,Coalgate city
40,OK,16050,Colbert town
40,OK,16100,Colcord town
40,OK,16200,Cole town
40,OK,16250,Coleman CDP
40,OK,16350,Collinsville city
40,OK,16400,Colony town
40,OK,16450,Comanche city
40,OK,16500,Commerce city
40,OK,16700,Connerville CDP
40,OK,16950,Cookson CDP
40,OK,17050,Cooperton town
40,OK,17100,Copan town
40,OK,17110,Copeland CDP
40,OK,17300,Corn town
40,OK,17350,Cornish town
40,OK,17450,Cottonwood CDP
40,OK,17550,Council Hill town
40,OK,17700,Covington town
40,OK,17800,Coweta city
40,OK,17850,Cowlington town
40,OK,17950,Coyle town
40,OK,18250,Crescent city
40,OK,18275,Crescent Springs CDP
40,OK,18450,Cromwell town
40,OK,18550,Crowder town
40,OK,18750,Cumberland CDP
40,OK,18850,Cushing city
40,OK,18950,Custer City town
40,OK,19000,Cyril town
40,OK,19050,Dacoma town
40,OK,19150,Dale CDP
40,OK,19350,Davenport town
40,OK,19400,Davidson town
40,OK,19450,Davis city
40,OK,19650,Deer Creek town
40,OK,19665,Deer Lick CDP
40,OK,19850,Delaware town
40,OK,19900,Del City city
40,OK,20100,Dennis CDP
40,OK,20300,Depew town
40,OK,20450,Devol town
40,OK,20500,Dewar town
40,OK,20550,Dewey city
40,OK,20650,Dibble town
40,OK,20700,Dickson town
40,OK,20850,Dill City town
40,OK,20900,Disney town
40,OK,21000,Dixon CDP
40,OK,21020,Dodge CDP
40,OK,21150,Dotyville CDP
40,OK,21200,Dougherty town
40,OK,21250,Douglas town
40,OK,21350,Dover town
40,OK,21672,Dripping Springs CDP
40,OK,21676,Drowning Creek CDP
40,OK,21700,Drummond town
40,OK,21750,Drumright city
40,OK,21755,Dry Creek CDP
40,OK,21760,Duchess Landing CDP
40,OK,21900,Duncan city
40,OK,22050,Durant city
40,OK,22100,Durham CDP
40,OK,22200,Dustin town
40,OK,22275,Dwight Mission CDP
40,OK,22300,Eagle City CDP
40,OK,22350,Eagletown CDP
40,OK,22400,Eakly town
40,OK,22450,Earl CDP
40,OK,22500,Earlsboro town
40,OK,22550,East Duke town
40,OK,23100,Edgewater Park CDP
40,OK,23200,Edmond city
40,OK,23300,Eldon CDP
40,OK,23350,Eldorado town
40,OK,23450,Elgin city
40,OK,23500,Elk City city
40,OK,23550,Elmer town
40,OK,23575,Elm Grove CDP
40,OK,23600,Elmore City town
40,OK,23675,Elohim City CDP
40,OK,23700,El Reno city
40,OK,23850,Emet CDP
40,OK,23900,Empire City town
40,OK,23950,Enid city
40,OK,24050,Enterprise CDP
40,OK,24200,Erick city
40,OK,24300,Erin Springs town
40,OK,24460,Etowah town
40,OK,24500,Etta CDP
40,OK,24650,Eufaula city
40,OK,24762,Evening Shade CDP
40,OK,24850,Fairfax town
40,OK,24875,Fairfield CDP
40,OK,24900,Fairland town
40,OK,24950,Fairmont town
40,OK,25000,Fair Oaks town
40,OK,25100,Fairview city
40,OK,25250,Fallis town
40,OK,25400,Fanshawe town
40,OK,25450,Fargo town
40,OK,25650,Faxon town
40,OK,25700,Fay CDP
40,OK,25850,Felt CDP
40,OK,26000,Finley CDP
40,OK,26200,Fittstown CDP
40,OK,26250,Fitzhugh town
40,OK,26350,Fletcher town
40,OK,26415,Flint Creek CDP
40,OK,26525,Flute Springs CDP
40,OK,26750,Foraker town
40,OK,26850,Forest Park town
40,OK,26900,Forgan town
40,OK,27100,Fort Cobb town
40,OK,27150,Fort Coffee town
40,OK,27200,Fort Gibson town
40,OK,27350,Fort Supply town
40,OK,27400,Fort Towson town
40,OK,27450,Foss town
40,OK,27500,Foster town
40,OK,27550,Fox CDP
40,OK,27600,Foyil town
40,OK,27650,Francis town
40,OK,27800,Frederick city
40,OK,27850,Freedom town
40,OK,27900,Friendship town
40,OK,28250,Gage town
40,OK,28350,Gans town
40,OK,28500,Garber city
40,OK,28700,Garvin town
40,OK,28800,Gate town
40,OK,28900,Geary city
40,OK,28950,Gene Autry town
40,OK,29100,Geronimo town
40,OK,29150,Gerty town
40,OK,29300,Gideon CDP
40,OK,29400,Glencoe town
40,OK,29600,Glenpool city
40,OK,29800,Golden CDP
40,OK,29850,Goldsby town
40,OK,29900,Goltry town
40,OK,30200,Goodwell town
40,OK,30300,Gore town
40,OK,30350,Gotebo town
40,OK,30400,Gould town
40,OK,30500,Gowen CDP
40,OK,30600,Gracemont town
40,OK,30750,Grainola town
40,OK,30850,Grandfield city
40,OK,30900,Grand Lake Towne town
40,OK,30915,Grandview CDP
40,OK,30950,Granite town
40,OK,31000,Grant CDP
40,OK,31150,Grayson town
40,OK,31165,Greasy CDP
40,OK,31250,Greenfield town
40,OK,31375,Greenville CDP
40,OK,31425,Gregory CDP
40,OK,31600,Grove city
40,OK,31700,Guthrie city
40,OK,31750,Guymon city
40,OK,31900,Haileyville city
40,OK,32050,Hallett town
40,OK,32250,Hammon town
40,OK,32350,Hanna town
40,OK,32400,Hanson CDP
40,OK,32550,Hardesty town
40,OK,32750,Harrah city
40,OK,32850,Hartshorne city
40,OK,32900,Haskell town
40,OK,33000,Hastings town
40,OK,33150,Haworth town
40,OK,33250,Haywood CDP
40,OK,33300,Headrick town
40,OK,33350,Healdton city
40,OK,33400,Heavener city
40,OK,33450,Helena town
40,OK,33600,Hendrix town
40,OK,33650,Hennepin CDP
40,OK,33700,Hennessey town
40,OK,33750,Henryetta city
40,OK,34150,Hickory town
40,OK,34650,Hillsdale town
40,OK,34750,Hinton town
40,OK,34850,Hitchcock town
40,OK,34900,Hitchita town
40,OK,35000,Hobart city
40,OK,35030,Hochatown town
40,OK,35150,Hodgen CDP
40,OK,35300,Hoffman town
40,OK,35400,Holdenville city
40,OK,35500,Hollis city
40,OK,35550,Hollister town
40,OK,35800,Homestead CDP
40,OK,35850,Hominy city
40,OK,35875,Honey Hill CDP
40,OK,36000,Hooker city
40,OK,36020,Hoot Owl town
40,OK,36050,Hopeton CDP
40,OK,36090,Horntown town
40,OK,36115,Hough CDP
40,OK,36150,Howe town
40,OK,36200,Hoyt CDP
40,OK,36300,Hugo city
40,OK,36400,Hulbert town
40,OK,36600,Hunter town
40,OK,36700,Hydro town
40,OK,36750,Idabel city
40,OK,36850,Indiahoma town
40,OK,36945,Indianola CDP
40,OK,36950,Indianola town
40,OK,37000,Ingalls CDP
40,OK,37100,Inola town
40,OK,37275,Iron Post CDP
40,OK,37350,Isabella CDP
40,OK,37410,IXL town
40,OK,37650,Jay city
40,OK,37750,Jefferson town
40,OK,37800,Jenks city
40,OK,37850,Jennings town
40,OK,38000,Jet town
40,OK,38200,Johnson town
40,OK,38201,Johnson Prairie CDP
40,OK,38350,Jones town
40,OK,38475,Justice CDP
40,OK,38600,Kansas town
40,OK,38700,Katie town
40,OK,38800,Kaw City city
40,OK,38850,Keefton CDP
40,OK,39000,Kellyville town
40,OK,39050,Kemp town
40,OK,39150,Kendrick town
40,OK,39200,Kenefic town
40,OK,39400,Kenton CDP
40,OK,39450,Kenwood CDP
40,OK,39500,Keota town
40,OK,39550,Ketchum town
40,OK,39600,Keyes town
40,OK,39625,Keys CDP
40,OK,39750,Kiefer town
40,OK,39800,Kildare town
40,OK,39850,Kingfisher city
40,OK,39900,Kingston town
40,OK,39950,Kinta town
40,OK,40000,Kiowa town
40,OK,40100,Knowles town
40,OK,40200,Konawa city
40,OK,40300,Krebs city
40,OK,40400,Kremlin town
40,OK,40700,Lahoma town
40,OK,40800,Lake Aluma town
40,OK,40875,Lake Ellsworth Addition CDP
40,OK,41050,Lakeside Village CDP
40,OK,41250,Lamar town
40,OK,41300,Lambert town
40,OK,41350,Lamont town
40,OK,41400,Lane CDP
40,OK,41500,Langley town
40,OK,41550,Langston town
40,OK,41680,Latta CDP
40,OK,41700,Laverne town
40,OK,41760,Lawrence Creek town
40,OK,41850,Lawton city
40,OK,41856,Lawtonka Acres CDP
40,OK,41900,Leach CDP
40,OK,41950,Lebanon CDP
40,OK,42050,Leedey town
40,OK,42150,Le Flore town
40,OK,42200,Lehigh city
40,OK,42300,Lenapah town
40,OK,42450,Leon town
40,OK,42500,Leonard CDP
40,OK,42600,Lequire CDP
40,OK,42700,Lexington city
40,OK,42850,Liberty CDP
40,OK,42860,Liberty town
40,OK,43000,Lima town
40,OK,43057,Limestone CDP
40,OK,43150,Lindsay city
40,OK,43400,Little City CDP
40,OK,43425,Little Ponderosa CDP
40,OK,43442,Little Rock CDP
40,OK,43450,Loco town
40,OK,43500,Locust Grove town
40,OK,43725,Lone Chimney town
40,OK,43750,Lone Grove city
40,OK,43850,Lone Wolf town
40,OK,43900,Long CDP
40,OK,43950,Longdale town
40,OK,43975,Longtown CDP
40,OK,44000,Lookeba town
40,OK,44075,Lost City CDP
40,OK,44100,Lotsee town
40,OK,44150,Loveland town
40,OK,44200,Lovell CDP
40,OK,44275,Lowrey CDP
40,OK,44300,Loyal town
40,OK,44350,Lucien CDP
40,OK,44500,Luther town
40,OK,44775,Lyons Switch CDP
40,OK,44800,McAlester city
40,OK,44900,McBride CDP
40,OK,44925,McCord CDP
40,OK,44950,McCurtain town
40,OK,45350,McLoud city
40,OK,45500,Macomb town
40,OK,45750,Madill city
40,OK,45930,Mallard Bay CDP
40,OK,46000,Manchester town
40,OK,46050,Mangum city
40,OK,46150,Manitou town
40,OK,46200,Mannford town
40,OK,46300,Mannsville town
40,OK,46400,Maramec town
40,OK,46450,Marble City town
40,OK,46488,Marietta CDP
40,OK,46500,Marietta city
40,OK,46550,Marland town
40,OK,46600,Marlow city
40,OK,46650,Marshall town
40,OK,46700,Martha town
40,OK,46900,Maud city
40,OK,47000,May town
40,OK,47150,Maysville town
40,OK,47200,Mazie CDP
40,OK,47250,Mead town
40,OK,47300,Medford city
40,OK,47350,Medicine Park town
40,OK,47450,Meeker town
40,OK,47550,Mehan CDP
40,OK,47750,Meno town
40,OK,47800,Meridian town
40,OK,48000,Miami city
40,OK,48100,Middleberg CDP
40,OK,48350,Midwest City city
40,OK,48400,Milburn town
40,OK,48450,Milfay CDP
40,OK,48500,Mill Creek town
40,OK,48600,Millerton town
40,OK,48750,Minco city
40,OK,49000,Moffett town
40,OK,49050,Monroe CDP
40,OK,49100,Moodys CDP
40,OK,49200,Moore city
40,OK,49250,Mooreland town
40,OK,49400,Morris city
40,OK,49450,Morrison town
40,OK,49550,Mounds town
40,OK,49600,Mountain Park town
40,OK,49650,Mountain View town
40,OK,49750,Moyers CDP
40,OK,49825,Mulberry CDP
40,OK,49850,Muldrow town
40,OK,49860,Mule Barn town
40,OK,49900,Mulhall town
40,OK,49950,Murphy CDP
40,OK,50050,Muskogee city
40,OK,50100,Mustang city
40,OK,50150,Mutual town
40,OK,50200,Narcissa CDP
40,OK,50250,Nardin CDP
40,OK,50300,Nash town
40,OK,50350,Nashoba CDP
40,OK,50800,Nelagoney CDP
40,OK,50975,Nescatunga CDP
40,OK,51050,New Alluwe town
40,OK,51150,Newcastle city
40,OK,51250,New Cordell city
40,OK,51275,New Eucha CDP
40,OK,51300,Newkirk city
40,OK,51750,New Woodville town
40,OK,51800,Nichols Hills city
40,OK,51850,Nicoma Park city
40,OK,51900,Nicut CDP
40,OK,52100,Ninnekah town
40,OK,52150,Noble city
40,OK,52450,Norge town
40,OK,52500,Norman city
40,OK,52600,North Enid town
40,OK,52700,North Miami town
40,OK,52859,Norwood CDP
40,OK,52862,Notchietown CDP
40,OK,52900,Nowata city
40,OK,53210,Oak Grove town
40,OK,53301,Oak Hill-Piney CDP
40,OK,53350,Oakhurst CDP
40,OK,53400,Oakland town
40,OK,53550,Oaks town
40,OK,53600,Oakwood town
40,OK,53700,Ochelata town
40,OK,54000,Oilton city
40,OK,54050,Okarche town
40,OK,54100,Okay town
40,OK,54150,Okeene town
40,OK,54200,Okemah city
40,OK,55000,Oklahoma City city
40,OK,55150,Okmulgee city
40,OK,55200,Oktaha town
40,OK,55275,Old Eucha CDP
40,OK,55285,Old Green CDP
40,OK,55350,Olive CDP
40,OK,55450,Olustee town
40,OK,55750,Oologah town
40,OK,55850,Optima town
40,OK,56050,Orlando town
40,OK,56150,Osage town
40,OK,56650,Owasso city
40,OK,56800,Paden town
40,OK,56900,Panama town
40,OK,56950,Panola CDP
40,OK,57100,Paoli town
40,OK,57150,Paradise Hill town
40,OK,57300,Park Hill CDP
40,OK,57550,Pauls Valley city
40,OK,57600,Pawhuska city
40,OK,57650,Pawnee city
40,OK,57875,Peavine CDP
40,OK,57900,Peckham CDP
40,OK,57950,Peggs CDP
40,OK,58050,Pensacola town
40,OK,58100,Peoria town
40,OK,58150,Perkins city
40,OK,58250,Perry city
40,OK,58300,Pershing CDP
40,OK,58400,Pettit CDP
40,OK,58500,Phillips town
40,OK,58650,Pickett CDP
40,OK,58700,Piedmont city
40,OK,59100,Piney CDP
40,OK,59125,Pinhook Corner CDP
40,OK,59150,Pink town
40,OK,59175,Pin Oak Acres CDP
40,OK,59350,Pittsburg town
40,OK,59500,Platter CDP
40,OK,59700,Pocasset town
40,OK,59750,Pocola town
40,OK,59850,Ponca City city
40,OK,59950,Pond Creek city
40,OK,60000,Pontotoc CDP
40,OK,60150,Porter town
40,OK,60250,Porum town
40,OK,60350,Poteau city
40,OK,60500,Prague city
40,OK,60650,Preston CDP
40,OK,60750,Proctor CDP
40,OK,60850,Prue town
40,OK,61000,Pryor Creek city
40,OK,61020,Pump Back CDP
40,OK,61113,Pumpkin Hollow CDP
40,OK,61150,Purcell city
40,OK,61250,Putnam town
40,OK,61400,Quapaw town
40,OK,61450,Quay CDP
40,OK,61500,Quinlan CDP
40,OK,61550,Quinton town
40,OK,61650,Ralston town
40,OK,61700,Ramona town
40,OK,61850,Randlett town
40,OK,61900,Ratliff City town
40,OK,61950,Rattan town
40,OK,62000,Ravia town
40,OK,62100,Reagan CDP
40,OK,62200,Redbird town
40,OK,62275,Redbird Smith CDP
40,OK,62550,Red Oak town
40,OK,62650,Red Rock town
40,OK,62875,Remy CDP
40,OK,62900,Renfrow town
40,OK,62950,Rentiesville town
40,OK,63100,Reydon town
40,OK,63350,Ringling town
40,OK,63450,Ringwood town
40,OK,63500,Ripley town
40,OK,63537,River Bottom CDP
40,OK,63600,Rock Island town
40,OK,63700,Rocky town
40,OK,63715,Rocky Ford CDP
40,OK,63720,Rocky Mountain CDP
40,OK,63730,Rocky Point CDP
40,OK,63750,Roff town
40,OK,63800,Roland town
40,OK,63900,Roosevelt town
40,OK,63950,Rose CDP
40,OK,64000,Rosedale town
40,OK,64050,Rosston town
40,OK,64300,Rush Springs town
40,OK,64600,Ryan town
40,OK,64850,St. Louis town
40,OK,64950,Salina town
40,OK,65000,Sallisaw city
40,OK,65062,Sams Corner CDP
40,OK,65240,Sand Hill CDP
40,OK,65250,Sand Point CDP
40,OK,65300,Sand Springs city
40,OK,65400,Sapulpa city
40,OK,65500,Sasakwa town
40,OK,65600,Savanna town
40,OK,65650,Sawyer town
40,OK,65700,Sayre city
40,OK,65900,Schulter town
40,OK,65950,Scipio CDP
40,OK,66250,Seiling city
40,OK,66300,Selman CDP
40,OK,66350,Seminole city
40,OK,66400,Sentinel town
40,OK,66450,Sequoyah CDP
40,OK,66500,Seward CDP
40,OK,66510,Shady Grove CDP (Cherokee County)
40,OK,66520,Shady Grove CDP (McIntosh County)
40,OK,66550,Shady Point town
40,OK,66600,Shamrock town
40,OK,66650,Sharon town
40,OK,66750,Shattuck town
40,OK,66800,Shawnee city
40,OK,67200,Shidler city
40,OK,67400,Short CDP
40,OK,67550,Silo town
40,OK,67625,Simms CDP
40,OK,67800,Skedee town
40,OK,67850,Skiatook city
40,OK,67950,Slaughterville town
40,OK,68000,Slick town
40,OK,68200,Smith Village town
40,OK,68250,Smithville town
40,OK,68275,Snake Creek CDP
40,OK,68400,Snyder city
40,OK,68500,Soper town
40,OK,68537,Sour John CDP
40,OK,68600,South Coffeyville town
40,OK,68950,Sparks town
40,OK,68951,Sparrowhawk CDP
40,OK,69000,Spaulding town
40,OK,69050,Spavinaw town
40,OK,69200,Spencer city
40,OK,69300,Sperry town
40,OK,69350,Spiro town
40,OK,69392,Sportmans Shores CDP
40,OK,69400,Sportsmen Acres town
40,OK,69500,Springer town
40,OK,70037,Steely Hollow CDP
40,OK,70150,Sterling town
40,OK,70200,Stidham town
40,OK,70250,Stigler city
40,OK,70300,Stillwater city
40,OK,70350,Stilwell city
40,OK,70500,Stonewall town
40,OK,70512,Stoney Point CDP
40,OK,70750,Strang town
40,OK,70800,Stratford town
40,OK,70850,Stringtown town
40,OK,70950,Strong City town
40,OK,71000,Stroud city
40,OK,71050,Stuart town
40,OK,71250,Sugden town
40,OK,71350,Sulphur city
40,OK,71450,Summit town
40,OK,71500,Sumner CDP
40,OK,71650,Sunray CDP
40,OK,71900,Sweetwater town
40,OK,71950,Swink CDP
40,OK,71965,Sycamore CDP
40,OK,72050,Taft town
40,OK,72075,Tagg Flats CDP
40,OK,72100,Tahlequah city
40,OK,72200,Talala town
40,OK,72250,Talihina town
40,OK,72350,Taloga town
40,OK,72400,Tamaha town
40,OK,72500,Tatums town
40,OK,72610,Taylor Ferry CDP
40,OK,72650,Tecumseh city
40,OK,72750,Temple town
40,OK,72775,Tenkiller CDP
40,OK,72800,Teresita CDP
40,OK,72850,Terlton town
40,OK,72900,Terral town
40,OK,72950,Texanna CDP
40,OK,73100,Texhoma town
40,OK,73150,Texola town
40,OK,73200,Thackerville town
40,OK,73250,The Village city
40,OK,73450,Thomas city
40,OK,73600,Tiawah CDP
40,OK,73850,Tipton town
40,OK,73900,Tishomingo city
40,OK,73950,Titanic CDP
40,OK,74150,Tonkawa city
40,OK,74159,Tonkawa Tribal Housing CDP
40,OK,74180,Toppers CDP
40,OK,74400,Tribbey town
40,OK,74550,Tryon town
40,OK,74650,Tullahassee town
40,OK,75000,Tulsa city
40,OK,75050,Tupelo city
40,OK,75150,Turley CDP
40,OK,75200,Turpin CDP
40,OK,75250,Tushka town
40,OK,75300,Tuskahoma CDP
40,OK,75450,Tuttle city
40,OK,75575,Twin Lakes CDP
40,OK,75600,Twin Oaks CDP
40,OK,75750,Tyrone town
40,OK,75950,Union City town
40,OK,76350,Utica CDP
40,OK,76500,Valley Brook town
40,OK,76600,Valley Park town
40,OK,76650,Valliant town
40,OK,76850,Vanoss CDP
40,OK,76900,Velma town
40,OK,76950,Vera town
40,OK,77000,Verden town
40,OK,77050,Verdigris town
40,OK,77150,Vernon town
40,OK,77250,Vian town
40,OK,77300,Vici town
40,OK,77550,Vinita city
40,OK,77850,Wagoner city
40,OK,77900,Wainwright town
40,OK,77950,Wakita town
40,OK,78150,Walters city
40,OK,78200,Wanette town
40,OK,78250,Wann town
40,OK,78300,Wapanucka town
40,OK,78350,Wardville CDP
40,OK,78400,Warner town
40,OK,78500,Warr Acres city
40,OK,78650,Warwick town
40,OK,78700,Washington town
40,OK,78750,Washita CDP
40,OK,78950,Watonga city
40,OK,79000,Watova CDP
40,OK,79100,Watts town
40,OK,79150,Wauhillau CDP
40,OK,79200,Waukomis town
40,OK,79250,Waurika city
40,OK,79300,Wayne town
40,OK,79350,Waynoka city
40,OK,79450,Weatherford city
40,OK,79600,Webb City town
40,OK,79650,Webbers Falls town
40,OK,79750,Welch town
40,OK,79800,Weleetka town
40,OK,79850,Welling CDP
40,OK,79900,Wellston town
40,OK,80000,Welty CDP
40,OK,80230,West Peavine CDP
40,OK,80250,Westport town
40,OK,80350,West Siloam Springs town
40,OK,80450,Westville town
40,OK,80500,Wetumka city
40,OK,80550,Wewoka city
40,OK,80675,Whippoorwill CDP
40,OK,80750,White Eagle CDP
40,OK,80800,Whitefield town
40,OK,80813,Whitehorn Cove CDP
40,OK,80850,White Oak CDP
40,OK,80900,Whitesboro CDP
40,OK,80912,White Water CDP
40,OK,80975,Wickliffe CDP
40,OK,81000,Wilburton city
40,OK,81300,Willow town
40,OK,81500,Wilson city
40,OK,81575,Winchester town
40,OK,81750,Wister town
40,OK,81912,Woodall CDP
40,OK,82000,Woodlawn Park town
40,OK,82150,Woodward city
40,OK,82200,Wright City town
40,OK,82250,Wyandotte town
40,OK,82400,Wynnewood city
40,OK,82450,Wynona town
40,OK,82500,Yale city
40,OK,82650,Yeager town
40,OK,82950,Yukon city
40,OK,83030,Zeb CDP
40,OK,83050,Zena CDP
40,OK,83125,Zion CDP
41,OR,00275,Adair Village city
41,OR,00350,Adams city
41,OR,00500,Adrian city
41,OR,01000,Albany city
41,OR,01650,Aloha CDP
41,OR,01700,Alpine CDP
41,OR,01800,Alsea CDP
41,OR,01850,Altamont CDP
41,OR,02000,Amity city
41,OR,02200,Annex CDP
41,OR,02250,Antelope city
41,OR,02800,Arlington city
41,OR,03050,Ashland city
41,OR,03150,Astoria city
41,OR,03200,Athena city
41,OR,03250,Aumsville city
41,OR,03300,Aurora city
41,OR,03650,Baker City city
41,OR,03800,Bandon city
41,OR,03850,Banks city
41,OR,04000,Barlow city
41,OR,04125,Barnesdale CDP
41,OR,04400,Barview CDP
41,OR,04800,Bay City city
41,OR,04850,Bayshore CDP
41,OR,04925,Bayside Gardens CDP
41,OR,05150,Beatty CDP
41,OR,05200,Beaver CDP
41,OR,05250,Beavercreek CDP
41,OR,05300,Beaver Marsh CDP
41,OR,05350,Beaverton city
41,OR,05700,Bellfountain CDP
41,OR,05800,Bend city
41,OR,05950,Bethany CDP
41,OR,06400,Biggs Junction CDP
41,OR,06650,Black Butte Ranch CDP
41,OR,06950,Blodgett CDP
41,OR,07150,Bly CDP
41,OR,07200,Boardman city
41,OR,07300,Bonanza town
41,OR,07550,Boring CDP
41,OR,08600,Brogan CDP
41,OR,08650,Brookings city
41,OR,08750,Brooks CDP
41,OR,09050,Brownsville city
41,OR,09535,Bull Mountain CDP
41,OR,09600,Bunker Hill CDP
41,OR,09800,Burns city
41,OR,10050,Butte Falls town
41,OR,10100,Butteville CDP
41,OR,10550,Camp Sherman CDP
41,OR,10750,Canby city
41,OR,10850,Cannon Beach city
41,OR,10950,Canyon City town
41,OR,11000,Canyonville city
41,OR,11050,Cape Meares CDP
41,OR,11150,Carlton city
41,OR,11600,Cascade Locks city
41,OR,11700,Cascadia CDP
41,OR,11850,Cave Junction city
41,OR,11900,Cayuse CDP
41,OR,12050,Cedar Hills CDP
41,OR,12150,Cedar Mill CDP
41,OR,12400,Central Point city
41,OR,12750,Chemult CDP
41,OR,12800,Chenoweth CDP
41,OR,12850,Cherry Grove CDP
41,OR,13000,Cheshire CDP
41,OR,13050,Chiloquin city
41,OR,13750,Clatskanie city
41,OR,14200,Cloverdale CDP
41,OR,14400,Coburg city
41,OR,14750,Columbia City city
41,OR,15000,Condon city
41,OR,15250,Coos Bay city
41,OR,15350,Coquille city
41,OR,15550,Cornelius city
41,OR,15800,Corvallis city
41,OR,15950,Cottage Grove city
41,OR,16250,Cove city
41,OR,16350,Crabtree CDP
41,OR,16450,Crane CDP
41,OR,16650,Crawfordsville CDP
41,OR,16750,Crescent CDP
41,OR,16800,Crescent Lake CDP
41,OR,16950,Creswell city
41,OR,16975,Crooked River Ranch CDP
41,OR,17300,Culver city
41,OR,17700,Dallas city
41,OR,17800,Damascus CDP
41,OR,18150,Days Creek CDP
41,OR,18250,Dayton city
41,OR,18300,Dayville town
41,OR,18450,Deer Island CDP
41,OR,18850,Depoe Bay city
41,OR,19020,Deschutes River Woods CDP
41,OR,19100,Detroit city
41,OR,19250,Dexter CDP
41,OR,19600,Dillard CDP
41,OR,19650,Dilley CDP
41,OR,20100,Donald city
41,OR,20500,Drain city
41,OR,20900,Dufur city
41,OR,21050,Dundee city
41,OR,21150,Dunes City city
41,OR,21215,Dunthorpe CDP
41,OR,21250,Durham city
41,OR,21450,Eagle Crest CDP
41,OR,21550,Eagle Point city
41,OR,22200,Echo city
41,OR,22550,Elgin city
41,OR,22800,Elkton city
41,OR,23000,Elmira CDP
41,OR,23500,Enterprise city
41,OR,23550,Eola CDP
41,OR,23800,Estacada city
41,OR,23850,Eugene city
41,OR,24100,Fair Oaks CDP
41,OR,24250,Fairview city
41,OR,24300,Fairview CDP
41,OR,24350,Falcon Heights CDP
41,OR,24550,Falls City city
41,OR,26050,Florence city
41,OR,26165,Foots Creek CDP
41,OR,26200,Forest Grove city
41,OR,26400,Fort Hill CDP
41,OR,26450,Fort Klamath CDP
41,OR,26650,Fossil city
41,OR,26750,Four Corners CDP
41,OR,27825,Garden Home-Whitford CDP
41,OR,27850,Gardiner CDP
41,OR,28000,Garibaldi city
41,OR,28100,Gaston city
41,OR,28200,Gates city
41,OR,28450,Gearhart city
41,OR,28650,Gervais city
41,OR,28800,Gilchrist CDP
41,OR,29000,Gladstone city
41,OR,29100,Glasgow CDP
41,OR,29350,Glendale city
41,OR,29750,Glide CDP
41,OR,29900,Gold Beach city
41,OR,29950,Gold Hill city
41,OR,30165,Gopher Flats CDP
41,OR,30250,Government Camp CDP
41,OR,30300,Grand Ronde CDP
41,OR,30500,Granite city
41,OR,30550,Grants Pass city
41,OR,30650,Grass Valley city
41,OR,30750,Green CDP
41,OR,31050,Greenhorn city
41,OR,31115,Green Meadows CDP
41,OR,31250,Gresham city
41,OR,31600,Haines city
41,OR,31650,Halfway city
41,OR,31750,Halsey city
41,OR,32050,Happy Valley city
41,OR,32100,Harbor CDP
41,OR,32400,Harper CDP
41,OR,32550,Harrisburg city
41,OR,32850,Hayesville CDP
41,OR,33100,Hebo CDP
41,OR,33150,Heceta Beach CDP
41,OR,33250,Helix city
41,OR,33550,Heppner city
41,OR,33700,Hermiston city
41,OR,34100,Hillsboro city
41,OR,34250,Hines city
41,OR,34650,Holley CDP
41,OR,34900,Hood River city
41,OR,35450,Hubbard city
41,OR,35700,Huntington city
41,OR,35800,Idanha city
41,OR,35850,Idaville CDP
41,OR,36050,Imbler city
41,OR,36150,Independence city
41,OR,36400,Ione city
41,OR,36500,Irrigon city
41,OR,36750,Island City city
41,OR,37000,Jacksonville city
41,OR,37150,Jasper CDP
41,OR,37202,Jeffers Gardens CDP
41,OR,37250,Jefferson city
41,OR,37400,Jennings Lodge CDP
41,OR,37550,John Day city
41,OR,37650,Johnson City city
41,OR,37850,Jordan Valley city
41,OR,37900,Joseph city
41,OR,38000,Junction City city
41,OR,38075,Juniper Canyon CDP
41,OR,38150,Juntura CDP
41,OR,38500,Keizer city
41,OR,38750,Keno CDP
41,OR,38900,Kerby CDP
41,OR,39150,King City city
41,OR,39350,Kings Valley CDP
41,OR,39566,Kirkpatrick CDP
41,OR,39700,Klamath Falls city
41,OR,39850,Knappa CDP
41,OR,40050,Labish Village CDP
41,OR,40150,Lacomb CDP
41,OR,40300,Lafayette city
41,OR,40350,La Grande city
41,OR,40550,Lake Oswego city
41,OR,40650,Lakeside city
41,OR,40700,Lakeview town
41,OR,40950,Langlois CDP
41,OR,41050,La Pine city
41,OR,41650,Lebanon city
41,OR,42200,Lexington town
41,OR,42550,Lincoln Beach CDP
41,OR,42600,Lincoln City city
41,OR,43400,Lonerock city
41,OR,43550,Long Creek city
41,OR,43650,Lookingglass CDP
41,OR,43900,Lostine city
41,OR,44050,Lowell city
41,OR,44300,Lyons city
41,OR,44625,McKay CDP
41,OR,45000,McMinnville city
41,OR,45250,Madras city
41,OR,45400,Malin city
41,OR,45700,Manzanita city
41,OR,45750,Mapleton CDP
41,OR,45850,Marcola CDP
41,OR,45900,Marion CDP
41,OR,46100,Marlene Village CDP
41,OR,46500,Maupin city
41,OR,46730,Maywood Park city
41,OR,46800,Meacham CDP
41,OR,47000,Medford city
41,OR,47300,Mehama CDP
41,OR,47350,Melrose CDP
41,OR,47650,Merlin CDP
41,OR,47700,Merrill city
41,OR,47750,Metolius city
41,OR,47800,Metzger CDP
41,OR,48150,Mill City city
41,OR,48300,Millersburg city
41,OR,48600,Milton-Freewater city
41,OR,48650,Milwaukie city
41,OR,49000,Mission CDP
41,OR,49150,Mitchell city
41,OR,49450,Molalla city
41,OR,49550,Monmouth city
41,OR,49600,Monroe city
41,OR,49750,Monument city
41,OR,50000,Moro city
41,OR,50050,Mosier city
41,OR,50150,Mount Angel city
41,OR,50200,Mount Hood CDP
41,OR,50236,Mount Hood Villages CDP
41,OR,50250,Mount Vernon city
41,OR,50450,Mulino CDP
41,OR,50950,Myrtle Creek city
41,OR,51050,Myrtle Point city
41,OR,51450,Neahkahnie CDP
41,OR,51700,Nehalem city
41,OR,51900,Neotsu CDP
41,OR,51950,Nesika Beach CDP
41,OR,52000,Neskowin CDP
41,OR,52050,Netarts CDP
41,OR,52100,Newberg city
41,OR,52275,New Hope CDP
41,OR,52400,New Pine Creek CDP
41,OR,52450,Newport city
41,OR,53000,North Bend city
41,OR,53150,North Plains city
41,OR,53300,North Powder city
41,OR,53750,Nyssa city
41,OR,53900,Oak Grove CDP
41,OR,53988,Oak Hills CDP
41,OR,54000,Oakland city
41,OR,54100,Oakridge city
41,OR,54325,Oatfield CDP
41,OR,54350,O'Brien CDP
41,OR,54450,Oceanside CDP
41,OR,54527,Ochoco West CDP
41,OR,54550,Odell CDP
41,OR,54900,Ontario city
41,OR,55200,Oregon City city
41,OR,55268,Oregon Shores CDP
41,OR,55500,Orient CDP
41,OR,56150,Pacific City CDP
41,OR,56250,Paisley city
41,OR,56500,Parkdale CDP
41,OR,57150,Pendleton city
41,OR,57300,Peoria CDP
41,OR,57450,Philomath city
41,OR,57500,Phoenix city
41,OR,57650,Pilot Rock city
41,OR,57850,Pine Grove CDP
41,OR,57875,Pine Hollow CDP
41,OR,58050,Pistol River CDP
41,OR,58500,Pleasant Valley CDP
41,OR,58550,Plush CDP
41,OR,59000,Portland city
41,OR,59250,Port Orford city
41,OR,59600,Powers city
41,OR,59650,Prairie City city
41,OR,59750,Prescott city
41,OR,59850,Prineville city
41,OR,59916,Prineville Lake Acres CDP
41,OR,60070,Pronghorn CDP
41,OR,60100,Prospect CDP
41,OR,60850,Rainier city
41,OR,60900,Raleigh Hills CDP
41,OR,61200,Redmond city
41,OR,61250,Redwood CDP
41,OR,61300,Reedsport city
41,OR,61550,Rhododendron CDP
41,OR,61700,Richland city
41,OR,61800,Rickreall CDP
41,OR,61850,Riddle city
41,OR,62250,Rivergrove city
41,OR,62292,River Point CDP
41,OR,62300,River Road CDP
41,OR,62412,Riverside CDP
41,OR,62900,Rockaway Beach city
41,OR,63010,Rockcreek CDP
41,OR,63250,Rocky Point CDP
41,OR,63450,Rogue River city
41,OR,63650,Roseburg city
41,OR,63660,Roseburg North CDP
41,OR,63800,Rose Lodge CDP
41,OR,63950,Rowena CDP
41,OR,64150,Ruch CDP
41,OR,64200,Rufus city
41,OR,64282,Running Y Ranch CDP
41,OR,64600,St. Helens city
41,OR,64850,St. Paul city
41,OR,64900,Salem city
41,OR,65250,Sandy city
41,OR,65300,San Marine CDP
41,OR,65400,Santa Clara CDP
41,OR,65450,Saunders Lake CDP
41,OR,65500,Scappoose city
41,OR,65650,Scio city
41,OR,65800,Scotts Mills city
41,OR,65950,Seaside city
41,OR,66150,Selma CDP
41,OR,66200,Seneca city
41,OR,66385,Seventh Mountain CDP
41,OR,66550,Shady Cove city
41,OR,66700,Shaniko city
41,OR,66900,Shedd CDP
41,OR,67050,Sheridan city
41,OR,67100,Sherwood city
41,OR,67500,Siletz city
41,OR,67600,Silver Lake CDP
41,OR,67650,Silverton city
41,OR,67950,Sisters city
41,OR,68550,Sodaville city
41,OR,68875,South Lebanon CDP
41,OR,69387,Sportsmans Park CDP
41,OR,69400,Sprague River CDP
41,OR,69450,Spray town
41,OR,69600,Springfield city
41,OR,69800,Stafford CDP
41,OR,69900,Stanfield city
41,OR,70200,Stayton city
41,OR,70700,Sublimity city
41,OR,70850,Summerville town
41,OR,70870,Summit CDP
41,OR,71000,Sumpter city
41,OR,71250,Sunriver CDP
41,OR,71650,Sutherlin city
41,OR,71800,Svensen CDP
41,OR,71950,Sweet Home city
41,OR,72400,Takilma CDP
41,OR,72500,Talent city
41,OR,72600,Tangent city
41,OR,72800,Terrebonne CDP
41,OR,72820,Tetherow CDP
41,OR,72950,The Dalles city
41,OR,73225,Three Rivers CDP
41,OR,73650,Tigard city
41,OR,73700,Tillamook city
41,OR,74000,Toledo city
41,OR,74400,Trail CDP
41,OR,74550,Trent CDP
41,OR,74650,Tri-City CDP
41,OR,74850,Troutdale city
41,OR,74950,Tualatin city
41,OR,75050,Tumalo CDP
41,OR,75150,Turner city
41,OR,75185,Tutuilla CDP
41,OR,75500,Tygh Valley CDP
41,OR,75550,Ukiah city
41,OR,75600,Umapine CDP
41,OR,75650,Umatilla city
41,OR,75850,Union city
41,OR,76250,Unity city
41,OR,76600,Vale city
41,OR,77050,Veneta city
41,OR,77250,Vernonia city
41,OR,78000,Waldport city
41,OR,78150,Wallowa city
41,OR,78160,Wallowa Lake CDP
41,OR,78300,Wamic CDP
41,OR,78600,Warm Springs CDP
41,OR,78800,Warren CDP
41,OR,78900,Warrenton city
41,OR,78950,Wasco city
41,OR,79050,Waterloo town
41,OR,79500,Wedderburn CDP
41,OR,79950,Westfir city
41,OR,80025,West Haven-Sylvan CDP
41,OR,80150,West Linn city
41,OR,80350,Weston city
41,OR,80400,Westport CDP
41,OR,80750,West Scio CDP
41,OR,80900,West Slope CDP
41,OR,81300,Wheeler city
41,OR,81450,White City CDP
41,OR,82350,Willamina city
41,OR,82450,Williams CDP
41,OR,82800,Wilsonville city
41,OR,82850,Wimer CDP
41,OR,83050,Winchester Bay CDP
41,OR,83400,Winston city
41,OR,83750,Woodburn city
41,OR,83950,Wood Village city
41,OR,84200,Yachats city
41,OR,84250,Yamhill city
41,OR,84600,Yoncalla city
42,PA,00100,Aaronsburg CDP (Centre County)
42,PA,00104,Aaronsburg CDP (Washington County)
42,PA,00116,Abbottstown borough
42,PA,00244,Ackermanville CDP
42,PA,00276,Acosta CDP
42,PA,00332,Adamsburg borough
42,PA,00364,Adamstown borough
42,PA,00372,Adamsville CDP
42,PA,00396,Addison borough
42,PA,00540,Akron borough
42,PA,00572,Alba borough
42,PA,00628,Albion borough
42,PA,00652,Albrightsville CDP
42,PA,00660,Alburtis borough
42,PA,00676,Aldan borough
42,PA,00756,Alexandria borough
42,PA,00764,Alfarata CDP
42,PA,00820,Aliquippa city
42,PA,00924,Alleghenyville CDP
42,PA,00980,Allenport CDP
42,PA,00988,Allenport borough
42,PA,01004,Allensville CDP
42,PA,02000,Allentown city
42,PA,02016,Allenwood CDP
42,PA,02040,Allison CDP
42,PA,02056,Allison Park CDP
42,PA,02072,Allport CDP
42,PA,02088,Almedia CDP
42,PA,02128,Alsace Manor CDP
42,PA,02144,Altamont CDP
42,PA,02184,Altoona city
42,PA,02216,Alverda CDP
42,PA,02264,Ambler borough
42,PA,02288,Ambridge borough
42,PA,02296,Ambridge Heights CDP
42,PA,02349,Amity Gardens CDP
42,PA,02416,Ancient Oaks CDP
42,PA,02424,Andalusia CDP
42,PA,02608,Annville CDP
42,PA,02720,Apollo borough
42,PA,02752,Applewold borough
42,PA,02826,Arcadia University CDP
42,PA,02832,Archbald borough
42,PA,02896,Ardmore CDP
42,PA,02928,Arendtsville borough
42,PA,02968,Aristes CDP
42,PA,03008,Arlington Heights CDP
42,PA,03032,Armagh borough
42,PA,03088,Arnold city
42,PA,03096,Arnold City CDP
42,PA,03104,Arnot CDP
42,PA,03120,Arona borough
42,PA,03264,Ashland borough
42,PA,03272,Ashley borough
42,PA,03296,Ashville borough
42,PA,03312,Aspers CDP
42,PA,03320,Aspinwall borough
42,PA,03384,Atglen borough
42,PA,03392,Athens borough
42,PA,03424,Atkinson Mills CDP
42,PA,03440,Atlantic CDP
42,PA,03464,Atlas CDP
42,PA,03472,Atlasburg CDP
42,PA,03480,Atwood borough
42,PA,03488,Auburn borough
42,PA,03544,Audubon CDP
42,PA,03576,Austin borough
42,PA,03608,Avalon borough
42,PA,03616,Avella CDP
42,PA,03632,Avis borough
42,PA,03640,Avoca borough
42,PA,03648,Avon CDP
42,PA,03656,Avondale borough
42,PA,03676,Avonia CDP
42,PA,03688,Avonmore borough
42,PA,03736,Baden borough
42,PA,03768,Baidland CDP
42,PA,03792,Baileyville CDP
42,PA,03800,Bainbridge CDP
42,PA,03816,Bairdford CDP
42,PA,03864,Bakerstown CDP
42,PA,03895,Bala Cynwyd CDP
42,PA,03904,Bald Eagle CDP
42,PA,03928,Baldwin borough
42,PA,03984,Bally borough
42,PA,04032,Bangor borough
42,PA,04136,Barkeyville borough
42,PA,04344,Barrville CDP
42,PA,04432,Bath borough
42,PA,04488,Baumstown CDP
42,PA,04568,Beallsville borough
42,PA,04599,Bear Creek Village borough
42,PA,04608,Bear Lake borough
42,PA,04616,Bear Rocks CDP
42,PA,04688,Beaver borough
42,PA,04768,Beaverdale CDP
42,PA,04792,Beaver Falls city
42,PA,04816,Beaver Meadows borough
42,PA,04824,Beaver Springs CDP
42,PA,04832,Beavertown CDP
42,PA,04848,Beavertown borough
42,PA,04896,Bechtelsville borough
42,PA,04944,Bedford borough
42,PA,04984,Beech Creek borough
42,PA,05028,Beech Mountain Lakes CDP
42,PA,05152,Belfast CDP
42,PA,05216,Bell Acres borough
42,PA,05256,Bellefonte borough
42,PA,05288,Belle Vernon borough
42,PA,05304,Belleville CDP
42,PA,05312,Bellevue borough
42,PA,05384,Bellwood borough
42,PA,05400,Belmont CDP
42,PA,05464,Belsano CDP
42,PA,05504,Ben Avon borough
42,PA,05520,Ben Avon Heights borough
42,PA,05536,Bendersville borough
42,PA,05648,Benson borough
42,PA,05672,Bentleyville borough
42,PA,05680,Benton borough
42,PA,05776,Berlin borough
42,PA,05848,Bernville borough
42,PA,05856,Berrysburg borough
42,PA,05888,Berwick borough
42,PA,05904,Berwyn CDP
42,PA,05936,Bessemer borough
42,PA,05976,Bethany borough
42,PA,06000,Bethel CDP
42,PA,06064,Bethel Park municipality
42,PA,06088,Bethlehem city
42,PA,06171,Beurys Lake CDP
42,PA,06236,Big Bass Lake CDP
42,PA,06240,Big Beaver borough
42,PA,06280,Bigler CDP
42,PA,06296,Biglerville borough
42,PA,06344,Big Run borough
42,PA,06490,Birchwood Lakes CDP
42,PA,06496,Bird-in-Hand CDP
42,PA,06504,Birdsboro borough
42,PA,06560,Birmingham borough
42,PA,06744,Black Lick CDP
42,PA,06824,Blain borough
42,PA,06832,Blain City CDP
42,PA,06848,Blaine Hill CDP
42,PA,06904,Blairsville borough
42,PA,06928,Blakely borough
42,PA,06960,Blanchard CDP
42,PA,06976,Blandburg CDP
42,PA,06984,Blandon CDP
42,PA,07000,Blawnox borough
42,PA,07040,Bloomfield borough
42,PA,07072,Blooming Glen CDP
42,PA,07120,Blooming Valley borough
42,PA,07128,Bloomsburg town
42,PA,07160,Blossburg borough
42,PA,07208,Blue Ball CDP
42,PA,07224,Blue Bell CDP
42,PA,07272,Blue Knob CDP
42,PA,07312,Blue Ridge Summit CDP
42,PA,07368,Boalsburg CDP
42,PA,07384,Bobtown CDP
42,PA,07472,Boiling Springs CDP
42,PA,07480,Bolivar borough
42,PA,07560,Bonneauville borough
42,PA,07616,Boothwyn CDP
42,PA,07688,Boston CDP
42,PA,07712,Boswell borough
42,PA,07800,Bowers CDP
42,PA,07880,Bowmanstown borough
42,PA,07896,Bowmansville CDP
42,PA,07944,Boyers CDP
42,PA,07960,Boyertown borough
42,PA,07976,Brackenridge borough
42,PA,07992,Braddock borough
42,PA,08008,Braddock Hills borough
42,PA,08024,Bradenville CDP
42,PA,08040,Bradford city
42,PA,08064,Bradford Woods borough
42,PA,08208,Branchdale CDP
42,PA,08240,Brandonville CDP
42,PA,08312,Brave CDP
42,PA,08392,Breinigsville CDP
42,PA,08416,Brentwood borough
42,PA,08432,Bressler CDP
42,PA,08472,Briar Creek borough
42,PA,08504,Brickerville CDP
42,PA,08568,Bridgeport borough
42,PA,08624,Bridgeville borough
42,PA,08632,Bridgewater borough
42,PA,08744,Brisbin borough
42,PA,08760,Bristol borough
42,PA,08819,Brittany Farms-The Highlands CDP
42,PA,08896,Broad Top City borough
42,PA,08952,Brockton CDP
42,PA,08960,Brockway borough
42,PA,09000,Brodheadsville CDP
42,PA,09080,Brookhaven borough
42,PA,09196,Brooks Mill CDP
42,PA,09224,Brookville borough
42,PA,09248,Broomall CDP
42,PA,09304,Browndale CDP
42,PA,09400,Brownstown borough
42,PA,09416,Brownstown CDP
42,PA,09432,Brownsville borough
42,PA,09496,Browntown CDP
42,PA,09528,Bruin borough
42,PA,09696,Bryn Athyn borough
42,PA,09728,Bryn Mawr CDP
42,PA,09792,Buckhorn CDP
42,PA,09896,Buck Run CDP
42,PA,09944,Buena Vista CDP
42,PA,10096,Buffington CDP
42,PA,10128,Bulger CDP
42,PA,10208,Bunola CDP
42,PA,10224,Burgettstown borough
42,PA,10240,Burlington borough
42,PA,10256,Burnham borough
42,PA,10280,Burnside borough
42,PA,10328,Burnt Cabins CDP
42,PA,10464,Butler city
42,PA,10600,Byrnedale CDP
42,PA,10720,Cairnbrook CDP
42,PA,10768,California borough
42,PA,10792,Callensburg borough
42,PA,10800,Callery borough
42,PA,10808,Callimont borough
42,PA,10816,Caln CDP
42,PA,10832,Calumet CDP
42,PA,10908,Cambridge CDP
42,PA,10912,Cambridge Springs borough
42,PA,10960,Campbelltown CDP
42,PA,11000,Camp Hill borough
42,PA,11072,Canadohta Lake CDP
42,PA,11088,Canan Station CDP
42,PA,11136,Canoe Creek CDP
42,PA,11152,Canonsburg borough
42,PA,11160,Canton borough
42,PA,11232,Carbondale city
42,PA,11272,Carlisle borough
42,PA,11280,Carlisle Barracks CDP
42,PA,11328,Carmichaels borough
42,PA,11336,Carnegie borough
42,PA,11348,Carnot-Moon CDP
42,PA,11456,Carrolltown borough
42,PA,11472,Carroll Valley borough
42,PA,11492,Carson Valley CDP
42,PA,11544,Casanova CDP
42,PA,11576,Cashtown CDP
42,PA,11616,Cassandra borough
42,PA,11624,Casselman borough
42,PA,11632,Cassville borough
42,PA,11648,Castanea CDP
42,PA,11680,Castle Shannon borough
42,PA,11720,Catasauqua borough
42,PA,11736,Catawissa borough
42,PA,11804,Cecil-Bishop CDP
42,PA,11836,Cedar Crest CDP
42,PA,11976,Cementon CDP
42,PA,12104,Centerport borough
42,PA,12184,Centerville borough (Crawford County)
42,PA,12224,Centerville borough (Washington County)
42,PA,12296,Central City borough
42,PA,12312,Centralia borough
42,PA,12376,Centre Hall borough
42,PA,12424,Cetronia CDP
42,PA,12440,Chadds Ford CDP
42,PA,12496,Chalfant borough
42,PA,12504,Chalfont borough
42,PA,12512,Chalkhill CDP
42,PA,12536,Chambersburg borough
42,PA,12656,Chapman borough
42,PA,12704,Charleroi borough
42,PA,12768,Charlottsville CDP
42,PA,12864,Chase CDP
42,PA,12973,Cheltenham Village CDP
42,PA,13120,Cherry Tree borough
42,PA,13152,Cherry Valley borough
42,PA,13168,Cherryville CDP
42,PA,13208,Chester city
42,PA,13216,Chesterbrook CDP
42,PA,13232,Chester Heights borough
42,PA,13240,Chester Hill borough
42,PA,13336,Chestnut Hill CDP
42,PA,13384,Chest Springs borough
42,PA,13392,Cheswick borough
42,PA,13400,Chevy Chase Heights CDP
42,PA,13408,Chewton CDP
42,PA,13418,Cheyney University CDP
42,PA,13440,Chicora borough
42,PA,13480,Chinchilla CDP
42,PA,13512,Christiana borough
42,PA,13596,Church Hill CDP
42,PA,13608,Churchill borough
42,PA,13632,Churchtown CDP
42,PA,13648,Churchville CDP
42,PA,13704,Clairton city
42,PA,13728,Clappertown CDP
42,PA,13768,Clarence CDP
42,PA,13776,Clarendon borough
42,PA,13800,Clarion borough
42,PA,13832,Clark borough
42,PA,13864,Clarks Green borough
42,PA,13880,Clarks Summit borough
42,PA,13896,Clarksville borough
42,PA,13952,Clay CDP
42,PA,13992,Claysburg CDP
42,PA,14000,Claysville borough
42,PA,14064,Clearfield borough
42,PA,14152,Clearville CDP
42,PA,14160,Cleona borough
42,PA,14264,Clifton Heights borough
42,PA,14296,Clinton CDP (Allegheny County)
42,PA,14312,Clinton CDP (Armstrong County)
42,PA,14368,Clintondale CDP
42,PA,14376,Clintonville borough
42,PA,14520,Clymer borough
42,PA,14568,Coal Center borough
42,PA,14584,Coaldale borough (Bedford County)
42,PA,14600,Coaldale borough (Schuylkill County)
42,PA,14640,Coalmont borough
42,PA,14656,Coalport borough
42,PA,14712,Coatesville city
42,PA,14760,Coburn CDP
42,PA,14800,Cochranton borough
42,PA,14808,Cochranville CDP
42,PA,14896,Cokeburg borough
42,PA,15192,Collegeville borough
42,PA,15232,Collingdale borough
42,PA,15248,Collinsburg CDP
42,PA,15328,Colonial Park CDP
42,PA,15368,Colony Park CDP
42,PA,15384,Columbia borough
42,PA,15400,Columbus CDP
42,PA,15416,Colver CDP
42,PA,15432,Colwyn borough
42,PA,15464,Commodore CDP
42,PA,15479,Conashaugh Lakes CDP
42,PA,15584,Conestoga CDP
42,PA,15680,Confluence borough
42,PA,15744,Conneaut Lake borough
42,PA,15755,Conneaut Lakeshore CDP
42,PA,15760,Conneautville borough
42,PA,15776,Connellsville city
42,PA,15808,Connoquenessing borough
42,PA,15848,Conshohocken borough
42,PA,15860,Continental Courts CDP
42,PA,15872,Conway borough
42,PA,15888,Conyngham borough
42,PA,16056,Coopersburg borough
42,PA,16080,Cooperstown borough
42,PA,16128,Coplay borough
42,PA,16136,Coral CDP
42,PA,16144,Coraopolis borough
42,PA,16256,Cornwall borough
42,PA,16272,Cornwells Heights CDP
42,PA,16296,Corry city
42,PA,16304,Corsica borough
42,PA,16432,Cotton Town CDP
42,PA,16448,Coudersport borough
42,PA,16456,Coulter CDP
42,PA,16568,Courtdale borough
42,PA,16590,Cove Forge CDP
42,PA,16816,Crabtree CDP
42,PA,16848,Crafton borough
42,PA,16960,Cranesville borough
42,PA,17024,Creekside borough
42,PA,17040,Crenshaw CDP
42,PA,17136,Cresson borough
42,PA,17152,Cressona borough
42,PA,17320,Cross Creek CDP
42,PA,17368,Cross Keys CDP
42,PA,17416,Cross Roads borough
42,PA,17440,Crown CDP
42,PA,17448,Croydon CDP
42,PA,17528,Crucible CDP
42,PA,17624,Culp CDP
42,PA,17680,Cumbola CDP
42,PA,17784,Curryville CDP
42,PA,17832,Curtisville CDP
42,PA,17840,Curwensville borough
42,PA,17976,Daisytown borough
42,PA,18000,Dale borough
42,PA,18048,Dallas borough
42,PA,18072,Dallastown borough
42,PA,18080,Dalmatia CDP
42,PA,18088,Dalton borough
42,PA,18136,Danville borough
42,PA,18152,Darby borough
42,PA,18192,Darlington borough
42,PA,18256,Dauberville CDP
42,PA,18272,Dauphin borough
42,PA,18312,Davidsville CDP
42,PA,18360,Dawson borough
42,PA,18400,Dayton borough
42,PA,18496,Deemston borough
42,PA,18568,Deer Lake CDP
42,PA,18576,Deer Lake borough
42,PA,18608,Defiance CDP
42,PA,18664,Delano CDP
42,PA,18736,Delaware Water Gap borough
42,PA,18768,Delmont borough
42,PA,18800,Delta borough
42,PA,18888,Denver borough
42,PA,18960,Derry borough
42,PA,18998,DeSales University CDP
42,PA,19040,Devon CDP
42,PA,19048,Dewart CDP
42,PA,19160,Dickson City borough
42,PA,19208,Dillsburg borough
42,PA,19232,Dilworthtown CDP
42,PA,19304,Distant CDP
42,PA,19344,Dixonville CDP
42,PA,19432,Donaldson CDP
42,PA,19472,Donegal borough
42,PA,19536,Donora borough
42,PA,19576,Dormont borough
42,PA,19584,Dorneyville CDP
42,PA,19632,Dorseyville CDP
42,PA,19680,Douglassville CDP
42,PA,19696,Dover borough
42,PA,19752,Downingtown borough
42,PA,19784,Doylestown borough
42,PA,19856,Dravosburg borough
42,PA,19920,Drexel Hill CDP
42,PA,19960,Drifting CDP
42,PA,19976,Driftwood borough
42,PA,20080,Dry Tavern CDP
42,PA,20096,Dryville CDP
42,PA,20104,Dublin borough
42,PA,20136,DuBois city
42,PA,20144,Duboistown borough
42,PA,20152,Dudley borough
42,PA,20214,Dumb Hundred CDP
42,PA,20216,Dunbar borough
42,PA,20240,Duncannon borough
42,PA,20248,Duncansville borough
42,PA,20328,Dunlevy borough
42,PA,20336,Dunlo CDP
42,PA,20352,Dunmore borough
42,PA,20416,Dunnstown CDP
42,PA,20424,Dupont borough
42,PA,20432,Duquesne city
42,PA,20512,Duryea borough
42,PA,20528,Dushore borough
42,PA,20600,Eagle CDP
42,PA,20604,Eagle Creek CDP
42,PA,20634,Eagle Lake CDP
42,PA,20648,Eagles Mere borough
42,PA,20662,Eagleview CDP
42,PA,20664,Eagleville CDP (Centre County)
42,PA,20672,Eagleville CDP (Montgomery County)
42,PA,20704,Earlston CDP
42,PA,20752,East Altoona CDP
42,PA,20776,East Bangor borough
42,PA,20792,East Berlin borough
42,PA,20800,East Berwick CDP
42,PA,20840,East Brady borough
42,PA,20904,East Butler borough
42,PA,20992,East Conemaugh borough
42,PA,21064,East Earl CDP
42,PA,21176,East Freedom CDP
42,PA,21200,East Greenville borough
42,PA,21384,East Lansdowne borough
42,PA,21400,Eastlawn Gardens CDP
42,PA,21444,East McKeesport borough
42,PA,21472,East Marianna CDP
42,PA,21648,Easton city
42,PA,21688,East Petersburg borough
42,PA,21712,East Pittsburgh borough
42,PA,21728,East Prospect borough
42,PA,21752,East Rochester borough
42,PA,21792,East Salem CDP
42,PA,21808,East Sharpsburg CDP
42,PA,21816,East Side borough
42,PA,21848,East Smithfield CDP
42,PA,21872,East Stroudsburg borough
42,PA,21960,East Uniontown CDP
42,PA,21968,Eastvale borough
42,PA,21976,East Vandergrift borough
42,PA,22016,East Washington borough
42,PA,22024,East Waterford CDP
42,PA,22104,East York CDP
42,PA,22128,Eau Claire borough
42,PA,22144,Ebensburg borough
42,PA,22264,Economy borough
42,PA,22280,Eddington CDP
42,PA,22296,Eddystone borough
42,PA,22344,Edenborn CDP
42,PA,22352,Edenburg CDP
42,PA,22520,Edgewood borough
42,PA,22528,Edgewood CDP
42,PA,22576,Edgeworth borough
42,PA,22600,Edie CDP
42,PA,22608,Edinboro borough
42,PA,22616,Edinburg CDP
42,PA,22672,Edwardsville borough
42,PA,22680,Effort CDP
42,PA,22696,Egypt CDP
42,PA,22712,Ehrenfeld borough
42,PA,22736,Eighty Four CDP
42,PA,22776,Elberta CDP
42,PA,22800,Elco borough
42,PA,22832,Elderton borough
42,PA,22856,Eldorado CDP
42,PA,22888,Eldred borough
42,PA,22960,Elgin borough
42,PA,22976,Elim CDP
42,PA,22992,Elizabeth borough
42,PA,23016,Elizabethtown borough
42,PA,23024,Elizabethville borough
42,PA,23112,Elk Grove CDP
42,PA,23128,Elkins Park CDP
42,PA,23152,Elkland borough
42,PA,23280,Ellport borough
42,PA,23296,Ellsworth borough
42,PA,23304,Ellwood City borough
42,PA,23360,Elmora CDP
42,PA,23392,Elrama CDP
42,PA,23440,Elverson borough
42,PA,23472,Elysburg CDP
42,PA,23520,Emeigh CDP
42,PA,23540,Emerald Lakes CDP
42,PA,23560,Emigsville CDP
42,PA,23568,Emlenton borough
42,PA,23584,Emmaus borough
42,PA,23600,Emporium borough
42,PA,23616,Emsworth borough
42,PA,23688,Englewood CDP
42,PA,23704,Enhaut CDP
42,PA,23720,Enlow CDP
42,PA,23744,Enola CDP
42,PA,23768,Enon Valley borough
42,PA,23832,Ephrata borough
42,PA,24000,Erie city
42,PA,24040,Ernest borough
42,PA,24088,Espy CDP
42,PA,24160,Etna borough
42,PA,24240,Evansburg CDP
42,PA,24248,Evans City borough
42,PA,24304,Everett borough
42,PA,24336,Everson borough
42,PA,24392,Exeter borough
42,PA,24432,Export borough
42,PA,24440,Exton CDP
42,PA,24448,Eyers Grove CDP
42,PA,24488,Factoryville borough
42,PA,24536,Fairchance borough
42,PA,24544,Fairdale CDP
42,PA,24560,Fairfield borough
42,PA,24664,Fairhope CDP
42,PA,24712,Fairless Hills CDP
42,PA,24832,Fairview borough
42,PA,24856,Fairview CDP
42,PA,24948,Fairview-Ferndale CDP
42,PA,25136,Falls Creek borough
42,PA,25152,Fallston borough
42,PA,25168,Falmouth CDP
42,PA,25248,Farmersville CDP
42,PA,25280,Farmington CDP
42,PA,25360,Farrell city
42,PA,25376,Farwell CDP
42,PA,25416,Fawn Grove borough
42,PA,25420,Fawn Lake Forest CDP
42,PA,25424,Faxon CDP
42,PA,25456,Fayette City borough
42,PA,25464,Fayetteville CDP
42,PA,25496,Feasterville CDP
42,PA,25568,Fellsburg CDP
42,PA,25584,Felton borough
42,PA,25608,Fenelton CDP
42,PA,25680,Ferndale borough
42,PA,25744,Fernville CDP
42,PA,25944,Finleyville borough
42,PA,26036,Fisherville CDP
42,PA,26232,Fivepointville CDP
42,PA,26280,Fleetwood borough
42,PA,26296,Flemington borough
42,PA,26312,Flinton CDP
42,PA,26376,Flourtown CDP
42,PA,26397,Flying Hills CDP
42,PA,26408,Folcroft borough
42,PA,26432,Folsom CDP
42,PA,26488,Foot of Ten CDP
42,PA,26504,Force CDP
42,PA,26512,Ford City borough
42,PA,26520,Ford Cliff borough
42,PA,26560,Forest City borough
42,PA,26592,Forest Hills borough
42,PA,26640,Forest Lake CDP
42,PA,26688,Forestville CDP (Butler County)
42,PA,26704,Forestville CDP (Schuylkill County)
42,PA,26760,Forksville borough
42,PA,26776,Fort Fetter CDP
42,PA,26812,Fort Indiantown Gap CDP
42,PA,26824,Fort Loudon CDP
42,PA,26872,Fort Washington CDP
42,PA,26880,Forty Fort borough
42,PA,26960,Foster Brook CDP
42,PA,26976,Fostoria CDP
42,PA,26984,Foundryville CDP
42,PA,27008,Fountain Hill borough
42,PA,27024,Fountain Springs CDP
42,PA,27112,Foxburg borough
42,PA,27120,Fox Chapel borough
42,PA,27130,Fox Chase CDP
42,PA,27232,Frackville borough
42,PA,27312,Frankfort Springs borough
42,PA,27360,Franklin borough
42,PA,27456,Franklin city
42,PA,27517,Franklin Forge CDP
42,PA,27552,Franklin Park borough
42,PA,27576,Franklintown borough
42,PA,27592,Frankstown CDP
42,PA,27616,Frazer CDP
42,PA,27641,Fredericksburg CDP (Blair County)
42,PA,27648,Fredericksburg CDP (Crawford County)
42,PA,27656,Fredericksburg CDP (Lebanon County)
42,PA,27672,Fredericktown CDP
42,PA,27688,Fredonia borough
42,PA,27696,Freeburg borough
42,PA,27712,Freedom borough
42,PA,27744,Freeland borough
42,PA,27760,Freemansburg borough
42,PA,27784,Freeport borough
42,PA,27872,Frenchville CDP
42,PA,27928,Friedens CDP
42,PA,27936,Friedensburg CDP
42,PA,27968,Friendsville borough
42,PA,27976,Friesville CDP
42,PA,28000,Frisco CDP
42,PA,28014,Frizzleburg CDP
42,PA,28128,Frystown CDP
42,PA,28144,Fullerton CDP
42,PA,28280,Galeton borough
42,PA,28328,Gallitzin borough
42,PA,28360,Ganister CDP
42,PA,28376,Gap CDP
42,PA,28456,Garden View CDP
42,PA,28488,Gardners CDP
42,PA,28520,Garrett borough
42,PA,28600,Gastonville CDP
42,PA,28696,Geeseytown CDP
42,PA,28720,Geistown borough
42,PA,28752,Genesee CDP
42,PA,28768,Geneva CDP
42,PA,28824,Georgetown borough
42,PA,28828,Georgetown CDP (Lancaster County)
42,PA,28832,Georgetown CDP (Luzerne County)
42,PA,28960,Gettysburg borough
42,PA,29000,Gibraltar CDP
42,PA,29040,Gibsonia CDP
42,PA,29088,Gilberton borough
42,PA,29096,Gilbertsville CDP
42,PA,29232,Girard borough
42,PA,29264,Girardville borough
42,PA,29392,Glasgow borough
42,PA,29432,Glassport borough
42,PA,29496,Glenburn CDP
42,PA,29512,Glen Campbell borough
42,PA,29536,Glendale CDP
42,PA,29568,Glendon borough
42,PA,29592,Glenfield borough
42,PA,29632,Glen Hope borough
42,PA,29680,Glen Lyon CDP
42,PA,29704,Glenmoore CDP
42,PA,29720,Glenolden borough
42,PA,29732,Glen Osborne borough
42,PA,29736,Glen Richey CDP
42,PA,29760,Glen Rock borough
42,PA,29800,Glenshaw CDP
42,PA,29808,Glenside CDP
42,PA,30013,Gold Key Lake CDP
42,PA,30016,Goldsboro borough
42,PA,30096,Goodville CDP
42,PA,30128,Gordon borough
42,PA,30136,Gordonville CDP
42,PA,30192,Gouglersville CDP
42,PA,30200,Gouldsboro CDP
42,PA,30224,Graceton CDP
42,PA,30280,Grampian borough
42,PA,30435,Grantley CDP
42,PA,30472,Granville CDP
42,PA,30512,Grapeville CDP
42,PA,30528,Grassflat CDP
42,PA,30600,Gratz borough
42,PA,30628,Gray CDP (Blair County)
42,PA,30648,Gray CDP (Somerset County)
42,PA,30704,Grazierville CDP
42,PA,30728,Great Bend borough
42,PA,30896,Greencastle borough
42,PA,31038,Greenfields CDP
42,PA,31082,Green Hills borough
42,PA,31088,Green Lane borough
42,PA,31120,Greenock CDP
42,PA,31192,Greensboro borough
42,PA,31200,Greensburg city
42,PA,31208,Greens Landing CDP
42,PA,31256,Green Tree borough
42,PA,31328,Greenville borough
42,PA,31368,Greenwood CDP
42,PA,31536,Grier City CDP
42,PA,31568,Grill CDP
42,PA,31592,Grindstone CDP
42,PA,31656,Grove City borough
42,PA,31716,Guilford CDP
42,PA,31840,Guys Mills CDP
42,PA,32024,Halfway House CDP
42,PA,32032,Halifax borough
42,PA,32056,Hallam borough
42,PA,32080,Hallstead borough
42,PA,32120,Hamburg borough
42,PA,32280,Hamorton CDP
42,PA,32320,Hampton CDP
42,PA,32384,Hannasville CDP
42,PA,32448,Hanover borough
42,PA,32560,Harford CDP
42,PA,32592,Harlansburg CDP
42,PA,32600,Harleigh CDP
42,PA,32616,Harleysville CDP
42,PA,32656,Harmonsburg CDP
42,PA,32688,Harmony borough
42,PA,32800,Harrisburg city
42,PA,32864,Harrison City CDP
42,PA,32896,Harrisville borough
42,PA,32936,Hartleton borough
42,PA,32976,Hartstown CDP
42,PA,33000,Harveys Lake borough
42,PA,33024,Harwick CDP
42,PA,33072,Hasson Heights CDP
42,PA,33080,Hastings borough
42,PA,33088,Hatboro borough
42,PA,33112,Hatfield borough
42,PA,33154,Haverford College CDP
42,PA,33184,Hawk Run CDP
42,PA,33200,Hawley borough
42,PA,33216,Hawthorn borough
42,PA,33312,Haysville borough
42,PA,33328,Hayti CDP
42,PA,33364,Hazen CDP
42,PA,33408,Hazleton city
42,PA,33504,Hebron CDP
42,PA,33528,Heckscherville CDP
42,PA,33576,Hegins CDP
42,PA,33592,Heidelberg borough
42,PA,33632,Heidlersburg CDP
42,PA,33672,Heilwood CDP
42,PA,33744,Hellertown borough
42,PA,33772,Hemlock Farms CDP
42,PA,33840,Hendersonville CDP
42,PA,33888,Henrietta CDP
42,PA,34008,Hereford CDP
42,PA,34048,Herminie CDP
42,PA,34064,Hermitage city
42,PA,34080,Herndon borough
42,PA,34144,Hershey CDP
42,PA,34256,Hickory CDP
42,PA,34308,Hickory Hills CDP
42,PA,34592,Highland Park CDP
42,PA,34664,Highspire borough
42,PA,34776,Hilldale CDP
42,PA,34784,Hiller CDP
42,PA,34912,Hillsville CDP
42,PA,34992,Hinkletown CDP
42,PA,35120,Hokendauqua CDP
42,PA,35172,Holiday Pocono CDP
42,PA,35224,Hollidaysburg borough
42,PA,35336,Holters Crossing CDP
42,PA,35364,Homeacre-Lyndora CDP
42,PA,35408,Homer City borough
42,PA,35424,Homestead borough
42,PA,35448,Hometown CDP
42,PA,35488,Homewood borough
42,PA,35500,Homewood at Martinsburg CDP
42,PA,35520,Honesdale borough
42,PA,35528,Honey Brook borough
42,PA,35576,Hookstown borough
42,PA,35608,Hooversville borough
42,PA,35624,Hop Bottom borough
42,PA,35632,Hopeland CDP
42,PA,35648,Hopewell borough
42,PA,35728,Hopwood CDP
42,PA,35800,Horsham CDP
42,PA,35872,Hostetter CDP
42,PA,35888,Houserville CDP
42,PA,35896,Houston borough
42,PA,35928,Houtzdale borough
42,PA,35960,Howard borough
42,PA,36064,Hublersburg CDP
42,PA,36096,Hudson CDP
42,PA,36152,Hughestown borough
42,PA,36160,Hughesville borough
42,PA,36192,Hulmeville borough
42,PA,36232,Hummelstown borough
42,PA,36240,Hummels Wharf CDP
42,PA,36288,Hunker borough
42,PA,36352,Hunterstown CDP
42,PA,36368,Huntingdon borough
42,PA,36536,Hustontown CDP
42,PA,36568,Hyde CDP
42,PA,36576,Hyde Park CDP
42,PA,36592,Hyde Park borough
42,PA,36616,Hydetown borough
42,PA,36640,Hyndman borough
42,PA,36656,Hyner CDP
42,PA,36688,Ickesburg CDP
42,PA,36712,Idaville CDP
42,PA,36768,Imperial CDP
42,PA,36816,Indiana borough
42,PA,36888,Indian Lake borough
42,PA,36904,Indian Mountain Lake CDP
42,PA,36921,Indian Rocks CDP
42,PA,36940,Industry CDP
42,PA,36944,Industry borough
42,PA,37000,Ingram borough
42,PA,37008,Inkerman CDP
42,PA,37016,Intercourse CDP
42,PA,37024,Iola CDP
42,PA,37136,Ironville CDP
42,PA,37192,Irvona borough
42,PA,37208,Irwin borough
42,PA,37304,Ivyland borough
42,PA,37496,Jackson Center borough
42,PA,37544,Jacksonville CDP (Centre County)
42,PA,37552,Jacksonville CDP (Indiana County)
42,PA,37584,Jacksonwald CDP
42,PA,37640,Jacobus borough
42,PA,37656,James City CDP
42,PA,37680,Jamestown CDP
42,PA,37696,Jamestown borough
42,PA,37728,Jamison City CDP
42,PA,37784,Jeannette city
42,PA,37792,Jeddo borough
42,PA,37880,Jefferson borough (Greene County)
42,PA,37944,Jefferson borough (York County)
42,PA,37955,Jefferson Hills borough
42,PA,38000,Jenkintown borough
42,PA,38048,Jennerstown borough
42,PA,38096,Jermyn borough
42,PA,38104,Jerome CDP
42,PA,38128,Jersey Shore borough
42,PA,38152,Jerseytown CDP
42,PA,38160,Jessup borough
42,PA,38200,Jim Thorpe borough
42,PA,38240,Joffre CDP
42,PA,38248,Johnsonburg borough
42,PA,38288,Johnstown city
42,PA,38392,Jonestown CDP
42,PA,38400,Jonestown borough
42,PA,38514,Jugtown CDP
42,PA,38528,Julian CDP
42,PA,38632,Juniata Gap CDP
42,PA,38640,Juniata Terrace borough
42,PA,38688,Kane borough
42,PA,38744,Kapp Heights CDP
42,PA,38768,Karns City borough
42,PA,38776,Karthaus CDP
42,PA,39056,Kelayres CDP
42,PA,39224,Kempton CDP
42,PA,39256,Kenhorst borough
42,PA,39272,Kenilworth CDP
42,PA,39280,Kenmar CDP
42,PA,39336,Kennerdell CDP
42,PA,39352,Kennett Square borough
42,PA,39504,Kerrtown CDP
42,PA,39512,Kersey CDP
42,PA,39648,Kimberton CDP
42,PA,39736,King of Prussia CDP
42,PA,39784,Kingston borough
42,PA,39944,Kirkwood CDP
42,PA,39960,Kiskimere CDP
42,PA,40016,Kistler borough
42,PA,40040,Kittanning borough
42,PA,40072,Klahr CDP
42,PA,40136,Klingerstown CDP
42,PA,40272,Knox borough
42,PA,40360,Knoxville borough
42,PA,40400,Koppel borough
42,PA,40432,Kratzerville CDP
42,PA,40464,Kreamer CDP
42,PA,40584,Kulpmont borough
42,PA,40608,Kulpsville CDP
42,PA,40656,Kutztown borough
42,PA,40666,Kutztown University CDP
42,PA,40680,Kylertown CDP
42,PA,40712,Laboratory CDP
42,PA,40744,Laceyville borough
42,PA,40848,Laflin borough
42,PA,40948,Lake Arthur Estates CDP
42,PA,40960,Lake City borough
42,PA,40981,Lake Heritage CDP
42,PA,40982,Lake Latonka CDP
42,PA,40988,Lake Meade CDP
42,PA,40992,Lakemont CDP
42,PA,41032,Lakeside CDP
42,PA,41076,Lake Wallenpaupack Estates CDP
42,PA,41080,Lake Winola CDP
42,PA,41099,Lake Wynonah CDP
42,PA,41104,Lamar CDP
42,PA,41192,Lampeter CDP
42,PA,41216,Lancaster city
42,PA,41264,Landingville borough
42,PA,41272,Landisburg borough
42,PA,41304,Landisville CDP
42,PA,41336,Lanesboro borough
42,PA,41376,Langeloth CDP
42,PA,41392,Langhorne borough
42,PA,41416,Langhorne Manor borough
42,PA,41432,Lansdale borough
42,PA,41440,Lansdowne borough
42,PA,41456,Lanse CDP
42,PA,41464,Lansford borough
42,PA,41512,Laporte borough
42,PA,41580,Larke CDP
42,PA,41608,Larksville borough
42,PA,41680,Latrobe borough
42,PA,41700,Lattimer CDP
42,PA,41768,Laureldale borough
42,PA,41832,Laurel Lake CDP
42,PA,41834,Laurel Mountain borough
42,PA,41848,Laurel Run borough
42,PA,41856,Laurelton CDP
42,PA,41880,Laurys Station CDP
42,PA,41904,Lavelle CDP
42,PA,41944,Lawnton CDP
42,PA,41968,Lawrence CDP
42,PA,41992,Lawrence Park CDP
42,PA,42016,Lawrenceville borough
42,PA,42032,Lawson Heights CDP
42,PA,42136,Leamersville CDP
42,PA,42168,Lebanon city
42,PA,42192,Lebanon South CDP
42,PA,42280,Leechburg borough
42,PA,42328,Leeper CDP
42,PA,42352,Leesport borough
42,PA,42392,Leetsdale borough
42,PA,42472,Lehighton borough
42,PA,42596,Leith-Hatfield CDP
42,PA,42632,Lemont CDP
42,PA,42640,Lemont Furnace CDP
42,PA,42648,Lemoyne borough
42,PA,42672,Lenape Heights CDP
42,PA,42688,Lenhartsville borough
42,PA,42704,Lenkerville CDP
42,PA,42776,Leola CDP
42,PA,42824,LeRaysville borough
42,PA,42912,Level Green CDP
42,PA,42928,Levittown CDP
42,PA,42968,Lewisberry borough
42,PA,42976,Lewisburg borough
42,PA,42984,Lewis Run borough
42,PA,43000,Lewistown borough
42,PA,43064,Liberty borough (Allegheny County)
42,PA,43128,Liberty borough (Tioga County)
42,PA,43224,Lightstreet CDP
42,PA,43232,Ligonier borough
42,PA,43248,Lilly borough
42,PA,43272,Lima CDP
42,PA,43320,Lime Ridge CDP
42,PA,43408,Lincoln borough
42,PA,43496,Lincoln Park CDP
42,PA,43544,Lincoln University CDP
42,PA,43552,Lincolnville CDP
42,PA,43628,Linds Crossing CDP
42,PA,43656,Linesville borough
42,PA,43672,Linglestown CDP
42,PA,43704,Linntown CDP
42,PA,43720,Linwood CDP
42,PA,43744,Lionville CDP
42,PA,43816,Lititz borough
42,PA,43828,Little Britain CDP
42,PA,43928,Little Meadows borough
42,PA,43944,Littlestown borough
42,PA,43968,Liverpool borough
42,PA,44048,Llewellyn CDP
42,PA,44128,Lock Haven city
42,PA,44224,Locustdale CDP
42,PA,44240,Locust Gap CDP
42,PA,44400,Loganton borough
42,PA,44416,Loganville borough
42,PA,44512,Long Branch borough
42,PA,44528,Longfellow CDP
42,PA,44632,Loop CDP
42,PA,44664,Lorain borough
42,PA,44672,Lorane CDP
42,PA,44704,Loretto borough
42,PA,44824,Lower Allen CDP
42,PA,44864,Lower Burrell city
42,PA,45192,Loyalhanna CDP
42,PA,45264,Loysville CDP
42,PA,45312,Lucerne Mines CDP
42,PA,45452,Lumber City CDP
42,PA,45512,Luthersburg CDP
42,PA,45568,Luzerne borough
42,PA,45592,Lykens borough
42,PA,45732,Lynnwood-Pricedale CDP
42,PA,45752,Lyons borough
42,PA,45824,McAdoo borough
42,PA,45848,McAlisterville CDP
42,PA,45992,McClure borough
42,PA,46000,McConnellsburg borough
42,PA,46016,McConnellstown CDP
42,PA,46072,McDonald borough
42,PA,46112,McElhattan CDP
42,PA,46120,McEwensville borough
42,PA,46160,McGovern CDP
42,PA,46216,McKean borough
42,PA,46232,McKeansburg CDP
42,PA,46240,McKee CDP
42,PA,46256,McKeesport city
42,PA,46264,McKees Rocks borough
42,PA,46272,Mackeyville CDP
42,PA,46280,McKinley CDP
42,PA,46312,McKnightstown CDP
42,PA,46344,McMurray CDP
42,PA,46376,McSherrystown borough
42,PA,46392,Macungie borough
42,PA,46400,McVeytown borough
42,PA,46440,Madera CDP
42,PA,46488,Madison borough
42,PA,46504,Madisonburg CDP
42,PA,46568,Mahaffey borough
42,PA,46592,Mahanoy City borough
42,PA,46696,Mainesburg CDP
42,PA,46720,Mainville CDP
42,PA,46728,Maitland CDP
42,PA,46792,Malvern borough
42,PA,46800,Mammoth CDP
42,PA,46864,Manchester borough
42,PA,46888,Manheim borough
42,PA,46944,Manns Choice borough
42,PA,47000,Manor borough
42,PA,47064,Manorville borough
42,PA,47080,Mansfield borough
42,PA,47152,Maple Glen CDP
42,PA,47248,Mapleton borough
42,PA,47264,Mapletown CDP
42,PA,47344,Marcus Hook borough
42,PA,47400,Marianna borough
42,PA,47404,Marianne CDP
42,PA,47416,Marienville CDP
42,PA,47424,Marietta borough
42,PA,47464,Marion CDP
42,PA,47472,Marion Center borough
42,PA,47480,Marion Heights borough
42,PA,47544,Marklesburg borough
42,PA,47560,Markleysburg borough
42,PA,47600,Marlin CDP
42,PA,47672,Mars borough
42,PA,47728,Marshallton CDP (Chester County)
42,PA,47736,Marshallton CDP (Northumberland County)
42,PA,47872,Martinsburg borough
42,PA,47880,Martinsburg Junction CDP
42,PA,47896,Martins Creek CDP
42,PA,47960,Maryd CDP
42,PA,47968,Marysville borough
42,PA,48000,Masontown borough
42,PA,48032,Masthope CDP
42,PA,48048,Matamoras borough
42,PA,48064,Mather CDP
42,PA,48072,Mattawana CDP
42,PA,48120,Maxatawny CDP
42,PA,48176,Mayfield borough
42,PA,48224,Maytown CDP
42,PA,48320,Meadowlands CDP
42,PA,48336,Meadowood CDP
42,PA,48360,Meadville city
42,PA,48376,Mechanicsburg borough
42,PA,48448,Mechanicsville borough
42,PA,48480,Media borough
42,PA,48520,Mehoopany CDP
42,PA,48600,Melrose Park CDP
42,PA,48696,Mercer borough
42,PA,48704,Mercersburg borough
42,PA,48728,Meridian CDP
42,PA,48768,Merion Station CDP
42,PA,48824,Mertztown CDP
42,PA,48856,Meshoppen borough
42,PA,48868,Messiah College CDP
42,PA,48904,Mexico CDP
42,PA,48912,Meyersdale borough
42,PA,48960,Middleburg borough
42,PA,49048,Middleport borough
42,PA,49128,Middletown borough
42,PA,49144,Middletown CDP
42,PA,49184,Midland borough
42,PA,49192,Midland CDP
42,PA,49224,Midway CDP
42,PA,49240,Midway borough
42,PA,49272,Mifflin borough
42,PA,49288,Mifflinburg borough
42,PA,49304,Mifflintown borough
42,PA,49312,Mifflinville CDP
42,PA,49344,Mildred CDP
42,PA,49368,Milesburg borough
42,PA,49400,Milford borough
42,PA,49440,Milford Square CDP
42,PA,49504,Millbourne borough
42,PA,49552,Mill Creek borough
42,PA,49680,Millersburg borough
42,PA,49704,Millerstown CDP
42,PA,49720,Millerstown borough
42,PA,49728,Millersville borough
42,PA,49736,Millerton CDP
42,PA,49760,Mill Hall borough
42,PA,49768,Millheim borough
42,PA,49848,Mill Run CDP
42,PA,49880,Millsboro CDP
42,PA,49920,Millvale borough
42,PA,49936,Mill Village borough
42,PA,49944,Millville borough
42,PA,49960,Millwood CDP
42,PA,50000,Milroy CDP
42,PA,50016,Milton borough
42,PA,50064,Mineral Springs CDP
42,PA,50088,Minersville borough
42,PA,50104,Mingoville CDP
42,PA,50160,Misericordia University CDP
42,PA,50208,Mocanaqua CDP
42,PA,50232,Modena borough
42,PA,50272,Mohnton borough
42,PA,50280,Mohrsville CDP
42,PA,50320,Monaca borough
42,PA,50344,Monessen city
42,PA,50408,Monongahela city
42,PA,50432,Monroe borough
42,PA,50528,Monroeville municipality
42,PA,50544,Mont Alto borough
42,PA,50552,Montandon CDP
42,PA,50560,Mont Clare CDP
42,PA,50632,Montgomery borough
42,PA,50672,Montgomeryville CDP
42,PA,50720,Montoursville borough
42,PA,50736,Montrose borough
42,PA,50748,Montrose Manor CDP
42,PA,50760,Monument CDP
42,PA,50860,Moores Mill CDP
42,PA,50879,Moose Run CDP
42,PA,50880,Moosic borough
42,PA,50924,Morea CDP
42,PA,51008,Morgan Hill CDP
42,PA,51016,Morgantown CDP
42,PA,51120,Morrisdale CDP
42,PA,51136,Morris Run CDP
42,PA,51144,Morrisville borough
42,PA,51152,Morrisville CDP
42,PA,51176,Morton borough
42,PA,51208,Moscow borough
42,PA,51240,Moshannon CDP
42,PA,51320,Mount Aetna CDP
42,PA,51344,Mountainhome CDP
42,PA,51384,Mountain Top CDP
42,PA,51472,Mount Bethel CDP
42,PA,51488,Mount Carbon borough
42,PA,51496,Mount Carmel borough
42,PA,51536,Mount Cobb CDP
42,PA,51552,Mount Eagle CDP
42,PA,51568,Mount Gretna borough
42,PA,51576,Mount Gretna Heights CDP
42,PA,51592,Mount Holly Springs borough
42,PA,51624,Mount Jackson CDP
42,PA,51632,Mount Jewett borough
42,PA,51656,Mount Joy borough
42,PA,51720,Mount Morris CDP
42,PA,51744,Mount Oliver borough
42,PA,51760,Mount Penn borough
42,PA,51880,Mount Pleasant borough
42,PA,51904,Mount Pleasant Mills CDP
42,PA,51912,Mount Pocono borough
42,PA,51944,Mount Royal CDP
42,PA,51984,Mount Union borough
42,PA,52016,Mountville borough
42,PA,52056,Mount Wolf borough
42,PA,52216,Muhlenberg Park CDP
42,PA,52224,Muir CDP
42,PA,52264,Muncy borough
42,PA,52312,Mundys Corner CDP
42,PA,52320,Munhall borough
42,PA,52432,Murrysville municipality
42,PA,52440,Muse CDP
42,PA,52488,Myerstown borough
42,PA,52584,Nanticoke city
42,PA,52616,Nanty-Glo borough
42,PA,52632,Naomi CDP
42,PA,52664,Narberth borough
42,PA,52760,Natrona CDP
42,PA,52768,Natrona Heights CDP
42,PA,52808,Nazareth borough
42,PA,52816,Nealmont CDP
42,PA,52872,Needmore CDP
42,PA,52968,Nemacolin CDP
42,PA,52984,Nescopeck borough
42,PA,53088,Nesquehoning borough
42,PA,53152,New Albany borough
42,PA,53160,New Alexandria borough
42,PA,53168,New Baltimore borough
42,PA,53184,New Beaver borough
42,PA,53192,New Bedford CDP
42,PA,53200,New Berlin borough
42,PA,53208,New Berlinville CDP
42,PA,53248,New Bethlehem borough
42,PA,53272,New Boston CDP
42,PA,53288,New Brighton borough
42,PA,53296,New Britain borough
42,PA,53320,New Buffalo borough
42,PA,53328,Newburg CDP
42,PA,53336,Newburg borough (Clearfield County)
42,PA,53344,Newburg borough (Cumberland County)
42,PA,53368,New Castle city
42,PA,53392,New Castle Northwest CDP
42,PA,53416,New Centerville borough
42,PA,53432,New Columbia CDP
42,PA,53448,New Columbus borough
42,PA,53464,New Cumberland borough
42,PA,53496,New Eagle borough
42,PA,53504,Newell borough
42,PA,53544,New Florence borough
42,PA,53568,New Freedom borough
42,PA,53576,New Freeport CDP
42,PA,53592,New Galilee borough
42,PA,53696,New Holland borough
42,PA,53712,New Hope borough
42,PA,53728,New Jerusalem CDP
42,PA,53736,New Kensington city
42,PA,53752,New Kingstown CDP
42,PA,53768,New Lebanon borough
42,PA,53856,Newmanstown CDP
42,PA,53872,New Market CDP
42,PA,53880,New Milford borough
42,PA,53916,New Morgan borough
42,PA,53920,New Oxford borough
42,PA,53928,New Paris borough
42,PA,53944,New Philadelphia borough
42,PA,53968,Newport borough
42,PA,54016,New Ringgold borough
42,PA,54024,Newry borough
42,PA,54040,New Salem CDP
42,PA,54056,New Salem borough
42,PA,54064,New Schaefferstown CDP
42,PA,54104,New Stanton borough
42,PA,54160,Newton Hamilton borough
42,PA,54184,Newtown borough
42,PA,54264,Newtown CDP
42,PA,54268,Newtown Grant CDP
42,PA,54288,New Tripoli CDP
42,PA,54320,Newville borough
42,PA,54344,New Washington borough
42,PA,54352,New Wilmington borough
42,PA,54400,Nicholson borough
42,PA,54440,Nicktown CDP
42,PA,54520,Nittany CDP
42,PA,54552,Nixon CDP
42,PA,54568,Noblestown CDP
42,PA,54656,Norristown borough
42,PA,54696,Northampton borough
42,PA,54728,North Apollo borough
42,PA,54776,North Belle Vernon borough
42,PA,54784,North Bend CDP
42,PA,54816,North Braddock borough
42,PA,54872,North Catasauqua borough
42,PA,54888,North Charleroi borough
42,PA,54952,North East borough
42,PA,55000,Northern Cambria borough
42,PA,55136,North Irwin borough
42,PA,55304,North Philipsburg CDP
42,PA,55440,North Towanda CDP
42,PA,55456,Northumberland borough
42,PA,55480,North Vandergrift CDP
42,PA,55512,North Wales borough
42,PA,55520,North Warren CDP
42,PA,55528,North Washington CDP
42,PA,55572,Northwest Harborcreek CDP
42,PA,55584,Northwood CDP
42,PA,55608,North York borough
42,PA,55616,Norvelt CDP
42,PA,55664,Norwood borough
42,PA,55704,Nottingham CDP
42,PA,55728,Noxen CDP
42,PA,55752,Nuangola borough
42,PA,55792,Numidia CDP
42,PA,55808,Nuremberg CDP
42,PA,55840,Oakdale borough
42,PA,55969,Oak Hills CDP
42,PA,55996,Oakland CDP (Cambria County)
42,PA,56000,Oakland CDP (Lawrence County)
42,PA,56008,Oakland borough
42,PA,56048,Oak Lane CDP
42,PA,56088,Oakmont borough
42,PA,56160,Oaks CDP
42,PA,56232,Oakwood CDP
42,PA,56264,Oberlin CDP
42,PA,56408,Ohiopyle borough
42,PA,56432,Ohioville borough
42,PA,56456,Oil City city
42,PA,56488,Oklahoma CDP
42,PA,56496,Oklahoma borough
42,PA,56576,Old Forge borough
42,PA,56624,Old Orchard CDP
42,PA,56664,Oley CDP
42,PA,56704,Oliver CDP
42,PA,56761,Olivia CDP
42,PA,56792,Olyphant borough
42,PA,56816,Oneida CDP
42,PA,56912,Orangeville borough
42,PA,56928,Orbisonia borough
42,PA,56960,Orchard Hills CDP
42,PA,57016,Ore Hill CDP
42,PA,57024,Oreland CDP
42,PA,57040,Oreminea CDP
42,PA,57112,Orrstown borough
42,PA,57120,Orrtanna CDP
42,PA,57160,Orviston CDP
42,PA,57184,Orwigsburg borough
42,PA,57192,Orwin CDP
42,PA,57232,Osceola Mills borough
42,PA,57280,Oswayo borough
42,PA,57376,Oval CDP
42,PA,57480,Oxford borough
42,PA,57544,Paint borough
42,PA,57648,Palmdale CDP
42,PA,57680,Palmer Heights CDP
42,PA,57696,Palmerton borough
42,PA,57720,Palmyra borough
42,PA,57752,Palo Alto borough
42,PA,57816,Paoli CDP
42,PA,57840,Paradise CDP
42,PA,57904,Pardeesville CDP
42,PA,57928,Paris CDP
42,PA,57968,Park Crest CDP
42,PA,57976,Parker city
42,PA,58032,Parkesburg borough
42,PA,58036,Park Forest Village CDP
42,PA,58056,Parkhill CDP
42,PA,58088,Parkland CDP
42,PA,58144,Park Place CDP
42,PA,58176,Parkside borough
42,PA,58240,Parkville CDP
42,PA,58304,Parryville borough
42,PA,58384,Patterson Heights borough
42,PA,58432,Patton borough
42,PA,58504,Paxtang borough
42,PA,58528,Paxtonia CDP
42,PA,58536,Paxtonville CDP
42,PA,58696,Pen Argyl borough
42,PA,58712,Penbrook borough
42,PA,58744,Penfield CDP
42,PA,58776,Pen Mar CDP
42,PA,58872,Penn borough
42,PA,58936,Penndel borough
42,PA,58948,Penn Estates CDP
42,PA,58950,Penn Farms CDP
42,PA,59054,Penn Lake Park borough
42,PA,59120,Pennsburg borough
42,PA,59152,Pennsbury Village borough
42,PA,59160,Penns Creek CDP
42,PA,59176,Pennside CDP
42,PA,59207,Penn State Berks CDP
42,PA,59212,Penn State Erie (Behrend) CDP
42,PA,59296,Pennville CDP
42,PA,59304,Pennwyn CDP
42,PA,59312,Penn Wynne CDP
42,PA,59344,Penryn CDP
42,PA,59384,Perkasie borough
42,PA,59520,Perryopolis borough
42,PA,59580,Peru CDP
42,PA,59616,Petersburg borough
42,PA,59672,Petrolia borough
42,PA,60000,Philadelphia city
42,PA,60008,Philipsburg borough
42,PA,60120,Phoenixville borough
42,PA,60136,Picture Rocks borough
42,PA,60224,Pikes Creek CDP
42,PA,60264,Pillow borough
42,PA,60384,Pinecroft CDP
42,PA,60432,Pine Glen CDP
42,PA,60456,Pine Grove borough
42,PA,60496,Pine Grove Mills CDP
42,PA,60547,Pine Ridge CDP
42,PA,60550,Pine Run CDP
42,PA,60712,Pitcairn borough
42,PA,61000,Pittsburgh city
42,PA,61048,Pittston city
42,PA,61080,Plainfield CDP
42,PA,61112,Plains CDP
42,PA,61168,Platea borough
42,PA,61232,Pleasant Gap CDP
42,PA,61312,Pleasant Hill CDP
42,PA,61328,Pleasant Hills borough
42,PA,61432,Pleasant View CDP
42,PA,61496,Pleasantville borough (Bedford County)
42,PA,61512,Pleasantville borough (Venango County)
42,PA,61520,Pleasureville CDP
42,PA,61536,Plum borough
42,PA,61624,Plumsteadville CDP
42,PA,61632,Plumville borough
42,PA,61648,Plymouth borough
42,PA,61688,Plymouth Meeting CDP
42,PA,61704,Plymptonville CDP
42,PA,61756,Pocono Mountain Lake Estates CDP
42,PA,61768,Pocono Pines CDP
42,PA,61773,Pocono Ranch Lands CDP
42,PA,61774,Pocono Springs CDP
42,PA,61788,Pocono Woodland Lakes CDP
42,PA,61864,Point Marion borough
42,PA,61888,Point View CDP
42,PA,61936,Polk borough
42,PA,61968,Pomeroy CDP
42,PA,62048,Portage borough
42,PA,62088,Port Allegany borough
42,PA,62128,Port Carbon borough
42,PA,62136,Port Clinton borough
42,PA,62224,Portersville borough
42,PA,62264,Portland borough
42,PA,62280,Port Matilda borough
42,PA,62304,Port Royal borough
42,PA,62312,Port Trevorton CDP
42,PA,62320,Port Vue borough
42,PA,62340,Potlicker Flats CDP
42,PA,62384,Potters Mills CDP
42,PA,62396,Pottsgrove CDP
42,PA,62416,Pottstown borough
42,PA,62432,Pottsville city
42,PA,62712,Pringle borough
42,PA,62736,Progress CDP
42,PA,62744,Prompton borough
42,PA,62752,Prospect borough
42,PA,62784,Prospect Park CDP
42,PA,62792,Prospect Park borough
42,PA,62872,Pughtown CDP
42,PA,62896,Pulaski CDP
42,PA,62920,Punxsutawney borough
42,PA,62984,Puzzletown CDP
42,PA,63009,Pymatuning Central CDP
42,PA,63011,Pymatuning North CDP
42,PA,63013,Pymatuning South CDP
42,PA,63048,Quakertown borough
42,PA,63064,Quarryville borough
42,PA,63116,Queens Gate CDP
42,PA,63160,Quentin CDP
42,PA,63288,Railroad borough
42,PA,63312,Rainsburg borough
42,PA,63349,Ramblewood CDP
42,PA,63360,Ramey borough
42,PA,63408,Rankin borough
42,PA,63416,Ranshaw CDP
42,PA,63488,Raubsville CDP
42,PA,63496,Rauchtown CDP
42,PA,63536,Ravine CDP
42,PA,63624,Reading city
42,PA,63664,Reamstown CDP
42,PA,63688,Rebersburg CDP
42,PA,63800,Red Hill CDP
42,PA,63808,Red Hill borough
42,PA,63840,Red Lion borough
42,PA,63976,Reedsville CDP
42,PA,64000,Reese CDP
42,PA,64032,Refton CDP
42,PA,64056,Rehrersburg CDP
42,PA,64072,Reiffton CDP
42,PA,64080,Reightown CDP
42,PA,64104,Reinerton CDP
42,PA,64112,Reinholds CDP
42,PA,64176,Renfrew CDP
42,PA,64184,Rennerdale CDP
42,PA,64188,Renningers CDP
42,PA,64200,Renovo borough
42,PA,64224,Republic CDP
42,PA,64256,Reservoir CDP
42,PA,64288,Revloc CDP
42,PA,64296,Rew CDP
42,PA,64368,Reynolds Heights CDP
42,PA,64376,Reynoldsville borough
42,PA,64392,Rheems CDP
42,PA,64432,Rices Landing borough
42,PA,64440,Riceville CDP
42,PA,64464,Richboro CDP
42,PA,64488,Richfield CDP
42,PA,64560,Richland borough
42,PA,64584,Richlandtown borough
42,PA,64656,Riddlesburg CDP
42,PA,64784,Ridgway borough
42,PA,64832,Ridley Park borough
42,PA,64856,Riegelsville borough
42,PA,64904,Rimersburg borough
42,PA,65000,Ringtown borough
42,PA,65088,Riverside CDP
42,PA,65112,Riverside borough
42,PA,65192,Riverview Park CDP
42,PA,65256,Roaring Spring borough
42,PA,65296,Robertsdale CDP
42,PA,65328,Robeson Extension CDP
42,PA,65336,Robesonia borough
42,PA,65360,Robinson CDP
42,PA,65392,Rochester borough
42,PA,65468,Rockdale Acres CDP
42,PA,65496,Rockhill borough
42,PA,65568,Rockledge borough
42,PA,65736,Rockwood borough
42,PA,65848,Rogersville CDP
42,PA,65864,Rohrerstown CDP
42,PA,65872,Rohrsburg CDP
42,PA,65944,Rome borough
42,PA,65976,Ronco CDP
42,PA,65984,Ronks CDP
42,PA,66004,Roots CDP
42,PA,66016,Roscoe borough
42,PA,66048,Rosebud CDP
42,PA,66144,Rosemont CDP
42,PA,66168,Roseto borough
42,PA,66192,Rose Valley borough
42,PA,66232,Roseville borough
42,PA,66256,Roslyn CDP
42,PA,66304,Rossiter CDP
42,PA,66320,Rosslyn Farms borough
42,PA,66384,Rote CDP
42,PA,66392,Rothsville CDP
42,PA,66408,Roulette CDP
42,PA,66440,Rouseville borough
42,PA,66448,Rouzerville CDP
42,PA,66472,Rowes Run CDP
42,PA,66560,Royalton borough
42,PA,66568,Royer CDP
42,PA,66576,Royersford borough
42,PA,66688,Runville CDP
42,PA,66696,Rupert CDP
42,PA,66720,Rural Valley borough
42,PA,66808,Russell CDP
42,PA,66832,Russellton CDP
42,PA,66864,Rutherford CDP
42,PA,66928,Rutledge borough
42,PA,67040,Sabinsville CDP
42,PA,67104,Sadsburyville CDP
42,PA,67120,Saegertown borough
42,PA,67136,Sagamore CDP
42,PA,67152,Saginaw CDP
42,PA,67192,St. Benedict CDP
42,PA,67220,St. Clair CDP
42,PA,67224,St. Clair borough
42,PA,67256,St. Clairsville borough
42,PA,67264,St. Davids CDP
42,PA,67304,St. Lawrence borough
42,PA,67344,St. Marys city
42,PA,67352,St. Michael CDP
42,PA,67384,St. Petersburg borough
42,PA,67416,St. Vincent College CDP
42,PA,67584,Salisbury borough
42,PA,67608,Salix CDP
42,PA,67616,Salladasburg borough
42,PA,67624,Salona CDP
42,PA,67632,Saltillo borough
42,PA,67648,Saltsburg borough
42,PA,67656,Salunga CDP
42,PA,67712,Sanatoga CDP
42,PA,67744,Sand Hill CDP
42,PA,67784,Sandy CDP
42,PA,67848,Sandy Lake borough
42,PA,67872,Sandy Ridge CDP
42,PA,67920,Sankertown borough
42,PA,68036,Saw Creek CDP
42,PA,68056,Saxonburg borough
42,PA,68072,Saxton borough
42,PA,68088,Saylorsburg CDP
42,PA,68096,Sayre borough
42,PA,68104,Scalp Level borough
42,PA,68144,Schaefferstown CDP
42,PA,68152,Schellsburg borough
42,PA,68160,Schenley CDP
42,PA,68188,Schlusser CDP
42,PA,68192,Schnecksville CDP
42,PA,68200,Schoeneck CDP
42,PA,68248,Schubert CDP
42,PA,68312,Schuylkill Haven borough
42,PA,68328,Schwenksville borough
42,PA,68376,Scotland CDP
42,PA,68432,Scottdale borough
42,PA,69000,Scranton city
42,PA,69216,Selinsgrove borough
42,PA,69248,Sellersville borough
42,PA,69256,Seltzer CDP
42,PA,69272,Seneca CDP
42,PA,69309,Seven Fields borough
42,PA,69336,Seven Springs borough
42,PA,69360,Seven Valleys borough
42,PA,69368,Seward borough
42,PA,69376,Sewickley borough
42,PA,69400,Sewickley Heights borough
42,PA,69416,Sewickley Hills borough
42,PA,69456,Shade Gap borough
42,PA,69600,Shamokin city
42,PA,69616,Shamokin Dam borough
42,PA,69680,Shanksville borough
42,PA,69715,Shanor-Northvue CDP
42,PA,69720,Sharon city
42,PA,69752,Sharon Hill borough
42,PA,69776,Sharpsburg borough
42,PA,69800,Sharpsville borough
42,PA,69816,Shartlesville CDP
42,PA,69832,Shavertown CDP
42,PA,69936,Sheakleyville borough
42,PA,69952,Sheatown CDP
42,PA,69984,Sheffield CDP
42,PA,70020,Shelltown CDP
42,PA,70032,Shellytown CDP
42,PA,70040,Shelocta borough
42,PA,70056,Shenandoah borough
42,PA,70064,Shenandoah Heights CDP
42,PA,70128,Sheppton CDP
42,PA,70224,Shickshinny borough
42,PA,70248,Shillington borough
42,PA,70256,Shiloh CDP
42,PA,70304,Shinglehouse borough
42,PA,70352,Shippensburg borough
42,PA,70362,Shippensburg University CDP
42,PA,70368,Shippenville borough
42,PA,70376,Shippingport borough
42,PA,70384,Shiremanstown borough
42,PA,70408,Shirleysburg borough
42,PA,70464,Shoemakersville borough
42,PA,70568,Shrewsbury borough
42,PA,70608,Sickles Corner CDP
42,PA,70640,Sidman CDP
42,PA,70652,Sierra View CDP
42,PA,70664,Siglerville CDP
42,PA,70704,Silkworth CDP
42,PA,70744,Silverdale borough
42,PA,70840,Simpson CDP
42,PA,70880,Sinking Spring borough
42,PA,70896,Sinnamahoning CDP
42,PA,70984,Skelp CDP
42,PA,70996,Ski Gap CDP
42,PA,71008,Skippack CDP
42,PA,71032,Skyline View CDP
42,PA,71056,Slabtown CDP
42,PA,71080,Slatedale CDP
42,PA,71144,Slatington borough
42,PA,71160,Slickville CDP
42,PA,71176,Sligo borough
42,PA,71184,Slippery Rock borough
42,PA,71210,Slippery Rock University CDP
42,PA,71232,Slovan CDP
42,PA,71248,Smethport borough
42,PA,71256,Smicksburg borough
42,PA,71298,Smith Corner CDP
42,PA,71320,Smithfield borough
42,PA,71424,Smithton borough
42,PA,71456,Smock CDP
42,PA,71504,Smoketown CDP
42,PA,71600,Snow Shoe borough
42,PA,71620,S.N.P.J. borough
42,PA,71672,Snydertown CDP
42,PA,71688,Snydertown borough
42,PA,71776,Somerset borough
42,PA,71848,Soudersburg CDP
42,PA,71856,Souderton borough
42,PA,71976,South Bethlehem borough
42,PA,72072,South Coatesville borough
42,PA,72080,South Connellsville borough
42,PA,72168,South Fork borough
42,PA,72192,South Greensburg borough
42,PA,72216,South Heights borough
42,PA,72344,Southmont borough
42,PA,72352,South Montrose CDP
42,PA,72376,South New Castle borough
42,PA,72416,South Philipsburg CDP
42,PA,72424,Southpointe CDP
42,PA,72432,South Pottstown CDP
42,PA,72448,South Renovo borough
42,PA,72520,South Temple CDP
42,PA,72552,South Uniontown CDP
42,PA,72576,Southview CDP
42,PA,72592,South Waverly borough
42,PA,72616,Southwest Greensburg borough
42,PA,72648,South Williamsport borough
42,PA,72704,Spartansburg borough
42,PA,72736,Speers borough
42,PA,72768,Spinnerstown CDP
42,PA,72872,Springboro borough
42,PA,72912,Spring Church CDP
42,PA,72920,Spring City borough
42,PA,72960,Springdale borough
42,PA,72988,Spring Drive Mobile Home Park CDP
42,PA,73192,Spring Grove borough
42,PA,73224,Spring Hill CDP
42,PA,73264,Spring House CDP
42,PA,73288,Spring Mills CDP
42,PA,73296,Springmont CDP
42,PA,73312,Spring Mount CDP
42,PA,73318,Spring Ridge CDP
42,PA,73432,Springville CDP
42,PA,73456,Sproul CDP
42,PA,73528,Spry CDP
42,PA,73704,Starbrick CDP
42,PA,73720,Star Junction CDP
42,PA,73784,Starrucca borough
42,PA,73808,State College borough
42,PA,73848,State Line CDP
42,PA,73888,Steelton borough
42,PA,74040,Stevens CDP
42,PA,74104,Stewartstown borough
42,PA,74160,Stiles CDP
42,PA,74184,Stillwater borough
42,PA,74224,Stockdale borough
42,PA,74232,Stockertown borough
42,PA,74288,Stoneboro borough
42,PA,74360,Stonerstown CDP
42,PA,74416,Stonybrook CDP
42,PA,74448,Stony Creek Mills CDP
42,PA,74544,Stormstown CDP
42,PA,74568,Stouchsburg CDP
42,PA,74660,Stowe CDP
42,PA,74672,Stoystown borough
42,PA,74688,Strabane CDP
42,PA,74712,Strasburg borough
42,PA,74728,Strattanville borough
42,PA,74744,Strausstown CDP
42,PA,74848,Strodes Mills CDP
42,PA,74864,Strong CDP
42,PA,74888,Stroudsburg borough
42,PA,74944,Sturgeon CDP
42,PA,75000,Sugarcreek borough
42,PA,75024,Sugar Grove borough
42,PA,75072,Sugar Notch borough
42,PA,75136,Summerhill borough
42,PA,75168,Summerville borough
42,PA,75248,Summit Hill borough
42,PA,75272,Summit Station CDP
42,PA,75296,Sunbrook CDP
42,PA,75304,Sunbury city
42,PA,75381,Sunrise Lake CDP
42,PA,75432,Sun Valley CDP
42,PA,75568,Susquehanna Depot borough
42,PA,75574,Susquehanna Trails CDP
42,PA,75584,Sutersville borough
42,PA,75648,Swarthmore borough
42,PA,75664,Swartzville CDP
42,PA,75712,Swedeland CDP
42,PA,75728,Sweden Valley CDP
42,PA,75736,Swedesburg CDP
42,PA,75816,Swissvale borough
42,PA,75832,Swoyersville borough
42,PA,75888,Sykesville borough
42,PA,75936,Sylvan Hills CDP
42,PA,75944,Sylvania borough
42,PA,75968,Table Rock CDP
42,PA,76032,Tamaqua borough
42,PA,76104,Tarentum borough
42,PA,76144,Tatamy borough
42,PA,76184,Taylor borough
42,PA,76232,Taylorstown CDP
42,PA,76304,Telford borough
42,PA,76320,Temple CDP
42,PA,76336,Templeton CDP
42,PA,76400,Terre Hill borough
42,PA,76432,Tharptown (Uniontown) CDP
42,PA,76436,The Escape CDP
42,PA,76440,The Hideout CDP
42,PA,76496,Thompson borough
42,PA,76536,Thompsontown borough
42,PA,76552,Thompsonville CDP
42,PA,76560,Thornburg borough
42,PA,76584,Thorndale CDP
42,PA,76632,Three Springs borough
42,PA,76648,Throop borough
42,PA,76696,Tidioute borough
42,PA,76724,Timber Hills CDP
42,PA,76744,Timblin borough
42,PA,76808,Tioga borough
42,PA,76848,Tionesta borough
42,PA,76880,Tipton CDP
42,PA,76904,Titusville city
42,PA,77016,Toftrees CDP
42,PA,77104,Topton borough
42,PA,77144,Toughkenamon CDP
42,PA,77163,Towamensing Trails CDP
42,PA,77168,Towanda borough
42,PA,77184,Tower City borough
42,PA,77232,Townville borough
42,PA,77272,Trafford borough
42,PA,77288,Trainer borough
42,PA,77304,Trappe borough
42,PA,77335,Treasure Lake CDP
42,PA,77392,Tremont borough
42,PA,77424,Tresckow CDP
42,PA,77448,Trevorton CDP
42,PA,77456,Trevose CDP
42,PA,77488,Trexlertown CDP
42,PA,77520,Trooper CDP
42,PA,77568,Troutville borough
42,PA,77576,Troxelville CDP
42,PA,77584,Troy borough
42,PA,77656,Trucksville CDP
42,PA,77704,Trumbauersville borough
42,PA,77744,Tullytown borough
42,PA,77784,Tunkhannock borough
42,PA,77808,Tunnelhill borough
42,PA,77832,Turbotville borough
42,PA,77912,Turtle Creek borough
42,PA,77968,Tuscarora CDP
42,PA,78008,Twilight borough
42,PA,78072,Twin Rocks CDP
42,PA,78115,Tyler Run CDP
42,PA,78120,Tylersburg CDP
42,PA,78144,Tylersville CDP
42,PA,78168,Tyrone borough
42,PA,78186,Tyrone Forge CDP
42,PA,78224,Ulster CDP
42,PA,78240,Ulysses borough
42,PA,78448,Union City borough
42,PA,78456,Union Dale borough
42,PA,78472,Union Deposit CDP
42,PA,78528,Uniontown city
42,PA,78584,Unionville CDP (Beaver County)
42,PA,78608,Unionville CDP (Butler County)
42,PA,78616,Unionville borough
42,PA,78624,Unionville CDP (Chester County)
42,PA,78698,University of Pittsburgh Bradford CDP
42,PA,78700,University of Pittsburgh Johnstown CDP
42,PA,78712,Upland borough
42,PA,79016,Upper Exeter CDP
42,PA,79424,Ursina borough
42,PA,79472,Utica borough
42,PA,79496,Vail CDP
42,PA,79504,Valencia borough
42,PA,79640,Valley Green CDP
42,PA,79644,Valley-Hi borough
42,PA,79680,Valley View CDP (Schuylkill County)
42,PA,79682,Valley View CDP (York County)
42,PA,79768,Vanderbilt borough
42,PA,79776,Vandergrift borough
42,PA,79792,Vandling borough
42,PA,79872,Van Voorhis CDP
42,PA,79912,Venango borough
42,PA,80032,Verona borough
42,PA,80040,Versailles borough
42,PA,80136,Vicksburg CDP (Blair County)
42,PA,80144,Vicksburg CDP (Union County)
42,PA,80218,Village Green-Green Ridge CDP
42,PA,80229,Village Shires CDP
42,PA,80248,Villanova CDP
42,PA,80264,Vinco CDP
42,PA,80288,Vintondale borough
42,PA,80336,Virginville CDP
42,PA,80368,Volant borough
42,PA,80384,Vowinckel CDP
42,PA,80432,Wagner CDP
42,PA,80480,Wakefield CDP
42,PA,80600,Wall borough
42,PA,80640,Wallaceton borough
42,PA,80652,Wallenpaupack Lake Estates CDP
42,PA,80656,Waller CDP
42,PA,80800,Walnutport borough
42,PA,80808,Walnuttown CDP
42,PA,80880,Wampum borough
42,PA,80896,Wanamie CDP
42,PA,80944,Warfordsburg CDP
42,PA,80962,Warminster Heights CDP
42,PA,81000,Warren city
42,PA,81080,Warrior Run borough
42,PA,81096,Warriors Mark CDP
42,PA,81328,Washington city
42,PA,81360,Washington Boro CDP
42,PA,81424,Washingtonville borough
42,PA,81456,Waterford borough
42,PA,81616,Watsontown borough
42,PA,81648,Wattsburg borough
42,PA,81664,Waverly CDP
42,PA,81712,Waymart borough
42,PA,81752,Wayne CDP
42,PA,81808,Wayne Heights CDP
42,PA,81824,Waynesboro borough
42,PA,81832,Waynesburg borough
42,PA,81856,Weatherly borough
42,PA,81936,Webster CDP
42,PA,81960,Weedville CDP
42,PA,82008,Weigelstown CDP
42,PA,82080,Weissport borough
42,PA,82088,Weissport East CDP
42,PA,82128,Wellersburg borough
42,PA,82160,Wellsboro borough
42,PA,82192,Wells Tannery CDP
42,PA,82200,Wellsville borough
42,PA,82296,Wernersville borough
42,PA,82320,Wescosville CDP
42,PA,82344,Wesleyville borough
42,PA,82376,West Alexander CDP
42,PA,82616,West Brownsville borough
42,PA,82704,West Chester borough
42,PA,82736,West Conshohocken borough
42,PA,82792,West Decatur CDP
42,PA,82832,West Easton borough
42,PA,82848,West Elizabeth borough
42,PA,82920,West Fairview CDP
42,PA,82952,West Falls CDP
42,PA,82968,Westfield borough
42,PA,83104,West Grove borough
42,PA,83120,West Hamburg CDP
42,PA,83136,West Hazleton borough
42,PA,83172,West Hills CDP
42,PA,83200,West Homestead borough
42,PA,83248,West Kittanning borough
42,PA,83272,Westland CDP
42,PA,83280,West Lawn CDP
42,PA,83328,West Leechburg borough
42,PA,83376,West Liberty borough
42,PA,83472,West Mayfield borough
42,PA,83496,West Middlesex borough
42,PA,83504,West Middletown borough
42,PA,83512,West Mifflin borough
42,PA,83520,West Milton CDP
42,PA,83584,Westmont borough
42,PA,83648,West Myerstown CDP
42,PA,83656,West Nanticoke CDP
42,PA,83680,West Newton borough
42,PA,83720,Weston CDP
42,PA,83736,Westover borough
42,PA,83848,West Pittsburg CDP
42,PA,83856,West Pittston borough
42,PA,83928,West Reading borough
42,PA,84064,West Sunbury borough
42,PA,84144,West View borough
42,PA,84176,West Waynesburg CDP
42,PA,84216,West Wilmerding CDP
42,PA,84240,Westwood CDP (Cambria County)
42,PA,84248,Westwood CDP (Chester County)
42,PA,84272,West Wyoming borough
42,PA,84280,West Wyomissing CDP
42,PA,84288,West York borough
42,PA,84376,Wheatland borough
42,PA,84440,Whitaker borough
42,PA,84512,Whitehall borough
42,PA,84552,White Haven borough
42,PA,84696,White Mills CDP
42,PA,84704,White Oak borough
42,PA,84856,Whitfield CDP
42,PA,84931,Wickerham Manor-Fisher CDP
42,PA,84968,Wiconsico CDP
42,PA,85076,Wilburton Number One CDP
42,PA,85078,Wilburton Number Two CDP
42,PA,85088,Wilcox CDP
42,PA,85152,Wilkes-Barre city
42,PA,85188,Wilkinsburg borough
42,PA,85272,Williamsburg borough
42,PA,85312,Williamsport city
42,PA,85320,Williamstown borough
42,PA,85408,Willow Grove CDP
42,PA,85464,Willow Street CDP
42,PA,85496,Wilmerding borough
42,PA,85528,Wilmore borough
42,PA,85592,Wilson borough
42,PA,85624,Winburne CDP
42,PA,85632,Windber borough
42,PA,85664,Wind Gap borough
42,PA,85712,Wind Ridge CDP
42,PA,85728,Windsor borough
42,PA,85792,Winfield CDP
42,PA,85872,Winterstown borough
42,PA,85968,Witmer CDP
42,PA,86000,Wolfdale CDP
42,PA,86056,Womelsdorf borough
42,PA,86078,Wood CDP
42,PA,86112,Woodbourne CDP
42,PA,86128,Woodbury borough
42,PA,86160,Woodcock borough
42,PA,86208,Woodland CDP
42,PA,86224,Woodland Heights CDP
42,PA,86288,Woodlyn CDP
42,PA,86352,Woodside CDP
42,PA,86432,Woodward CDP
42,PA,86472,Woolrich CDP
42,PA,86480,Wopsononock CDP
42,PA,86528,Wormleysburg borough
42,PA,86560,Worthington borough
42,PA,86568,Worthville borough
42,PA,86576,Woxall CDP
42,PA,86640,Wrightsville borough
42,PA,86648,Wurtemburg CDP
42,PA,86656,Wyalusing borough
42,PA,86672,Wyano CDP
42,PA,86712,Wylandville CDP
42,PA,86744,Wyncote CDP
42,PA,86776,Wyndmoor CDP
42,PA,86832,Wynnewood CDP
42,PA,86856,Wyoming borough
42,PA,86880,Wyomissing borough
42,PA,86920,Yardley borough
42,PA,86936,Yarnell CDP
42,PA,86944,Yatesboro CDP
42,PA,86952,Yatesville borough
42,PA,86968,Yeadon borough
42,PA,86976,Yeagertown CDP
42,PA,87006,Yellow Springs CDP
42,PA,87040,Yoe borough
42,PA,87048,York city
42,PA,87064,Yorkana borough
42,PA,87080,York Haven borough
42,PA,87088,Yorklyn CDP
42,PA,87136,York Springs borough
42,PA,87208,Youngstown borough
42,PA,87224,Youngsville borough
42,PA,87232,Youngwood borough
42,PA,87240,Yukon CDP
42,PA,87272,Zelienople borough
42,PA,87320,Zion CDP
44,RI,03520,Ashaway CDP
44,RI,08020,Bradford CDP
44,RI,12340,Carolina CDP
44,RI,14140,Central Falls city
44,RI,14320,Charlestown CDP
44,RI,14860,Chepachet CDP
44,RI,15940,Clayville CDP
44,RI,19180,Cranston city
44,RI,20260,Cumberland Hill CDP
44,RI,22960,East Providence city
44,RI,27640,Foster Center CDP
44,RI,31240,Greene CDP
44,RI,31600,Greenville CDP
44,RI,33040,Harmony CDP
44,RI,33400,Harrisville CDP
44,RI,34660,Hope Valley CDP
44,RI,35200,Hopkinton CDP
44,RI,38980,Kingston CDP
44,RI,45010,Melville CDP
44,RI,46000,Misquamicut CDP
44,RI,48700,Narragansett Pier CDP
44,RI,49960,Newport city
44,RI,50140,Newport East CDP
44,RI,54460,Pascoag CDP
44,RI,54640,Pawtucket city
44,RI,59000,Providence city
44,RI,60260,Quonochontaug CDP
44,RI,70700,Tiverton CDP
44,RI,72500,Valley Falls CDP
44,RI,73132,Wakefield-Peace Dale CDP
44,RI,74300,Warwick city
44,RI,75200,Watch Hill CDP
44,RI,75920,Weekapaug CDP
44,RI,76820,Westerly CDP
44,RI,80780,Woonsocket city
44,RI,80960,Wyoming CDP
45,SC,00100,Abbeville city
45,SC,00165,Abney Crossroads CDP
45,SC,00370,Adams Run CDP
45,SC,00550,Aiken city
45,SC,00775,Alcolu CDP
45,SC,00955,Allendale town
45,SC,01360,Anderson city
45,SC,01450,Andrews town
45,SC,01810,Antreville CDP
45,SC,02080,Arcadia CDP
45,SC,02125,Arcadia Lakes town
45,SC,02440,Arial CDP
45,SC,02530,Arkwright CDP
45,SC,02665,Arthurtown CDP
45,SC,03115,Ashwood CDP
45,SC,03205,Atlantic Beach town
45,SC,03385,Awendaw town
45,SC,03430,Aynor town
45,SC,03790,Bamberg town
45,SC,04060,Barnwell city
45,SC,04300,Batesburg-Leesville town
45,SC,04528,Baxter Village CDP
45,SC,04690,Beaufort city
45,SC,04915,Beech Island CDP
45,SC,05365,Belton city
45,SC,05410,Belvedere CDP
45,SC,05545,Ben Avon CDP
45,SC,05680,Bennettsville city
45,SC,05770,Berea CDP
45,SC,06040,Bethune town
45,SC,06310,Bishopville city
45,SC,06400,Blacksburg town
45,SC,06490,Blackville town
45,SC,06850,Blenheim town
45,SC,07210,Bluffton town
45,SC,07255,Blythewood town
45,SC,07345,Boiling Springs CDP
45,SC,07525,Bonneau town
45,SC,07535,Bonneau Beach CDP
45,SC,07840,Bowman town
45,SC,08110,Boykin CDP
45,SC,08155,Bradley CDP
45,SC,08245,Branchville town
45,SC,08830,Briarcliffe Acres town
45,SC,09527,Brookdale CDP
45,SC,09782,Browntown CDP
45,SC,09865,Brunson town
45,SC,10000,Bucksport CDP
45,SC,10090,Buffalo CDP
45,SC,10135,Buford CDP
45,SC,10270,Burnettown town
45,SC,10360,Burton CDP
45,SC,10585,Caesars Head CDP
45,SC,10720,Calhoun Falls town
45,SC,10855,Camden city
45,SC,10900,Cameron town
45,SC,11035,Camp Croft CDP
45,SC,11125,Campobello town
45,SC,11350,Cane Savannah CDP
45,SC,11620,Capitol View CDP
45,SC,11755,Carlisle town
45,SC,11833,Carolina Forest CDP
45,SC,12205,Cash CDP
45,SC,12430,Catawba CDP
45,SC,12520,Cateechee CDP
45,SC,12655,Cayce city
45,SC,12925,Centenary CDP
45,SC,12965,Centerville CDP
45,SC,13015,Central town
45,SC,13060,Central Pacolet town
45,SC,13150,Chapin town
45,SC,13330,Charleston city
45,SC,13600,Cheraw town
45,SC,13735,Cherokee Falls CDP
45,SC,14018,Cherryvale CDP
45,SC,14050,Chesnee city
45,SC,14095,Chester city
45,SC,14140,Chesterfield town
45,SC,14230,Chickasaw Point CDP
45,SC,14455,City View CDP
45,SC,14590,Clarks Hill CDP
45,SC,14860,Clearwater CDP
45,SC,14950,Clemson city
45,SC,15040,Clemson University CDP
45,SC,15220,Clifton CDP
45,SC,15295,Clinton city
45,SC,15310,Clio town
45,SC,15355,Clover town
45,SC,15625,Cokesbury CDP
45,SC,16000,Columbia city
45,SC,16180,Conestee CDP
45,SC,16360,Converse CDP
45,SC,16405,Conway city
45,SC,16675,Coosawhatchie CDP
45,SC,16720,Cope town
45,SC,16855,Cordova town
45,SC,16945,Coronaca CDP
45,SC,16990,Cottageville town
45,SC,17215,Coward town
45,SC,17260,Cowpens town
45,SC,17845,Cross Anchor CDP
45,SC,17890,Cross Hill town
45,SC,18250,Dacusville CDP
45,SC,18340,Dale CDP
45,SC,18430,Dalzell CDP
45,SC,18475,Danwood CDP
45,SC,18565,Darlington city
45,SC,18610,Daufuskie Island CDP
45,SC,18706,Daviston CDP
45,SC,18810,DeBordieu Colony CDP
45,SC,19105,Denmark city
45,SC,19285,Dentsville CDP
45,SC,19420,Dillon city
45,SC,19870,Donalds town
45,SC,20365,Dovesville CDP
45,SC,20590,Drayton CDP
45,SC,21040,Due West town
45,SC,21130,Dunbar CDP
45,SC,21265,Duncan town
45,SC,21310,Dunean CDP
45,SC,21985,Easley city
45,SC,22050,East Camden CDP
45,SC,22075,East Gaffney CDP
45,SC,22390,Eastover town
45,SC,22547,East Sumter CDP
45,SC,22795,Edgefield town
45,SC,22997,Edisto CDP
45,SC,23020,Edisto Beach town
45,SC,23110,Edmund CDP
45,SC,23200,Ehrhardt town
45,SC,23245,Elgin town
45,SC,23290,Elgin CDP
45,SC,23335,Elko town
45,SC,23425,Elliott CDP
45,SC,23470,Elloree town
45,SC,23605,Enoree CDP
45,SC,23830,Estill town
45,SC,24020,Eureka Mill CDP
45,SC,24100,Eutawville town
45,SC,24370,Fairfax town
45,SC,24505,Fairforest CDP
45,SC,24730,Fair Play CDP
45,SC,24865,Fairview Crossroads CDP
45,SC,25360,Fingerville CDP
45,SC,25405,Finklea CDP
45,SC,25540,Five Forks CDP
45,SC,25810,Florence city
45,SC,25945,Floydale CDP
45,SC,26035,Folly Beach city
45,SC,26305,Forest Acres city
45,SC,26372,Forestbrook CDP
45,SC,26485,Foreston CDP
45,SC,26845,Fort Lawn town
45,SC,26890,Fort Mill town
45,SC,27070,Fountain Inn city
45,SC,27565,Fripp Island CDP
45,SC,27835,Furman town
45,SC,27970,Gadsden CDP
45,SC,28060,Gaffney city
45,SC,28375,Gantt CDP
45,SC,28455,Garden City CDP
45,SC,28780,Gaston town
45,SC,28825,Gayle Mill CDP
45,SC,28870,Georgetown city
45,SC,29005,Gifford town
45,SC,29050,Gilbert town
45,SC,29140,Gillisonville CDP
45,SC,29275,Glendale CDP
45,SC,29320,Glenn Springs CDP
45,SC,29410,Gloverville CDP
45,SC,29635,Golden Grove CDP
45,SC,29815,Goose Creek city
45,SC,29950,Govan town
45,SC,30220,Gramling CDP
45,SC,30265,Graniteville CDP
45,SC,30355,Gray Court town
45,SC,30490,Great Falls town
45,SC,30535,Greeleyville town
45,SC,30760,Green Sea CDP
45,SC,30850,Greenville city
45,SC,30895,Greenwood city
45,SC,30985,Greer city
45,SC,31210,Grover CDP
45,SC,31660,Hamer CDP
45,SC,31885,Hampton town
45,SC,32065,Hanahan city
45,SC,32172,Harbor Island CDP
45,SC,32245,Hardeeville city
45,SC,32335,Harleyville town
45,SC,32560,Hartsville city
45,SC,32965,Heath Springs town
45,SC,33100,Helena CDP
45,SC,33145,Hemingway town
45,SC,33640,Hickory Grove town
45,SC,33820,Hilda town
45,SC,33977,Hilltop CDP
45,SC,34045,Hilton Head Island town
45,SC,34225,Hodges town
45,SC,34360,Holly Hill town
45,SC,34495,Hollywood town
45,SC,34720,Homeland Park CDP
45,SC,34765,Homewood CDP
45,SC,34810,Honea Path town
45,SC,34990,Hopkins CDP
45,SC,35635,India Hook CDP
45,SC,35755,Inman city
45,SC,35800,Inman Mills CDP
45,SC,35890,Irmo town
45,SC,35980,Irwin CDP
45,SC,36070,Islandton CDP
45,SC,36115,Isle of Palms city
45,SC,36160,Iva town
45,SC,36205,Jackson town
45,SC,36250,Jacksonboro CDP
45,SC,36430,James Island town
45,SC,36475,Jamestown town
45,SC,36610,Jefferson town
45,SC,36655,Jenkinsville town
45,SC,36790,Joanna CDP
45,SC,37105,Johnsonville city
45,SC,37150,Johnston town
45,SC,37330,Jonesville town
45,SC,37465,Judson CDP
45,SC,38058,Keowee Key CDP
45,SC,38095,Kershaw town
45,SC,38110,Ketchuptown CDP
45,SC,38162,Kiawah Island town
45,SC,38590,Kingstree town
45,SC,38950,Kline town
45,SC,39220,Ladson CDP
45,SC,39265,La France CDP
45,SC,39310,Lake City city
45,SC,39475,Lake Murray of Richland CDP
45,SC,39512,Lake Secession CDP
45,SC,39715,Lake View town
45,SC,39772,Lakewood CDP
45,SC,39785,Lake Wylie CDP
45,SC,39805,Lamar town
45,SC,39895,Lancaster city
45,SC,40075,Landrum city
45,SC,40210,Lane town
45,SC,40390,Langley CDP
45,SC,40480,Latta town
45,SC,40525,Laurel Bay CDP
45,SC,40615,Laurens city
45,SC,41065,Lesslie CDP
45,SC,41335,Lexington town
45,SC,41380,Liberty city
45,SC,41740,Lincolnville town
45,SC,41830,Litchfield Beach CDP
45,SC,41965,Little Mountain town
45,SC,42010,Little River CDP
45,SC,42055,Little Rock CDP
45,SC,42095,Live Oak CDP
45,SC,42100,Livingston town
45,SC,42145,Lobeco CDP
45,SC,42190,Lockhart town
45,SC,42280,Lodge town
45,SC,42460,Longcreek CDP
45,SC,42730,Loris city
45,SC,42820,Lowndesville town
45,SC,42865,Lowrys town
45,SC,43000,Lugoff CDP
45,SC,43090,Luray town
45,SC,43135,Lydia CDP
45,SC,43315,Lyman town
45,SC,43360,Lynchburg town
45,SC,43495,McBee town
45,SC,43585,McClellanville town
45,SC,43630,McColl town
45,SC,43675,McConnells town
45,SC,43720,McCormick town
45,SC,44350,Manning city
45,SC,44395,Manville CDP
45,SC,44575,Marion city
45,SC,45115,Mauldin city
45,SC,45295,Mayesville town
45,SC,45430,Mayo CDP
45,SC,45790,Meggett town
45,SC,47050,Modoc CDP
45,SC,47200,Monarch Mill CDP
45,SC,47275,Moncks Corner town
45,SC,47320,Monetta town
45,SC,48310,Mount Carmel CDP
45,SC,48355,Mount Croghan town
45,SC,48535,Mount Pleasant town
45,SC,48670,Mountville CDP
45,SC,48737,Mulberry CDP
45,SC,48805,Mullins city
45,SC,48900,Murphys Estates CDP
45,SC,48985,Murrells Inlet CDP
45,SC,49075,Myrtle Beach city
45,SC,49390,Neeses town
45,SC,49570,Newberry city
45,SC,49705,New Ellenton town
45,SC,49885,Newport CDP
45,SC,49975,Newry CDP
45,SC,50020,Newtown CDP
45,SC,50110,Nichols town
45,SC,50290,Ninety Six town
45,SC,50515,Norris town
45,SC,50560,North town
45,SC,50695,North Augusta city
45,SC,50875,North Charleston city
45,SC,51145,North Hartsville CDP
45,SC,51180,Northlake CDP
45,SC,51280,North Myrtle Beach city
45,SC,51367,North Santee CDP
45,SC,51550,Norway town
45,SC,51720,Oak Grove CDP
45,SC,51887,Oakland CDP
45,SC,52540,Olanta town
45,SC,52585,Olar town
45,SC,52900,Olympia CDP
45,SC,53080,Orangeburg city
45,SC,53485,Oswego CDP
45,SC,53845,Pacolet town
45,SC,54025,Pageland town
45,SC,54340,Pamplico town
45,SC,54535,Parker CDP
45,SC,54700,Parksville town
45,SC,54925,Patrick town
45,SC,54970,Pauline CDP
45,SC,55015,Pawleys Island town
45,SC,55060,Paxville town
45,SC,55150,Peak town
45,SC,55420,Pelion town
45,SC,55465,Pelzer town
45,SC,55645,Pendleton town
45,SC,55960,Perry town
45,SC,56140,Pickens city
45,SC,56365,Piedmont CDP
45,SC,56545,Pimlico CDP
45,SC,56905,Pine Ridge CDP
45,SC,56950,Pine Ridge town
45,SC,57085,Pinewood town
45,SC,57175,Pinopolis CDP
45,SC,57670,Plum Branch town
45,SC,57850,Pomaria town
45,SC,58030,Port Royal town
45,SC,58170,Powdersville CDP
45,SC,58435,Princeton CDP
45,SC,58570,Privateer CDP
45,SC,58615,Promised Land CDP
45,SC,58705,Prosperity town
45,SC,58795,Quinby town
45,SC,58930,Rains CDP
45,SC,59020,Ravenel town
45,SC,59110,Red Bank CDP
45,SC,59190,Red Hill CDP
45,SC,59380,Reevesville town
45,SC,59425,Reidville town
45,SC,59470,Rembert CDP
45,SC,59920,Richburg town
45,SC,60280,Ridgeland town
45,SC,60325,Ridge Spring town
45,SC,60370,Ridgeville town
45,SC,60415,Ridgeway town
45,SC,61112,Riverview CDP
45,SC,61405,Rock Hill city
45,SC,61495,Rockville town
45,SC,61720,Roebuck CDP
45,SC,62035,Rowesville town
45,SC,62080,Ruby town
45,SC,62305,Russellville CDP
45,SC,62395,St. Andrews CDP
45,SC,62485,St. Charles CDP
45,SC,62530,St. George town
45,SC,62620,St. Matthews town
45,SC,62755,St. Stephen town
45,SC,62980,Salem town
45,SC,63115,Salley town
45,SC,63250,Saluda town
45,SC,63655,Sandy Springs CDP
45,SC,63665,Sangaree CDP
45,SC,63700,Sans Souci CDP
45,SC,63790,Santee town
45,SC,64240,Saxon CDP
45,SC,64465,Scotia town
45,SC,64600,Scranton town
45,SC,64690,Seabrook CDP
45,SC,64712,Seabrook Island town
45,SC,65005,Sellers town
45,SC,65095,Seneca city
45,SC,65207,Seven Oaks CDP
45,SC,65410,Sharon town
45,SC,65590,Sheldon CDP
45,SC,65680,Shell Point CDP
45,SC,65950,Shiloh CDP
45,SC,66400,Silverstreet town
45,SC,66580,Simpsonville city
45,SC,66760,Six Mile town
45,SC,66917,Slater-Marietta CDP
45,SC,67165,Smoaks town
45,SC,67210,Smyrna town
45,SC,67255,Snelling town
45,SC,67390,Socastee CDP
45,SC,67435,Society Hill town
45,SC,67705,South Congaree town
45,SC,67750,Southern Shops CDP
45,SC,68177,South Sumter CDP
45,SC,68210,South Union CDP
45,SC,68290,Spartanburg city
45,SC,68380,Springdale CDP
45,SC,68425,Springdale town
45,SC,68470,Springfield town
45,SC,68875,Starr town
45,SC,68920,Startex CDP
45,SC,69010,Stateburg CDP
45,SC,70045,Stuckey town
45,SC,70090,Sullivan's Island town
45,SC,70225,Summerton town
45,SC,70270,Summerville town
45,SC,70315,Summit town
45,SC,70405,Sumter city
45,SC,70585,Surfside Beach town
45,SC,70675,Swansea town
45,SC,70900,Sycamore town
45,SC,71170,Tamassee CDP
45,SC,71305,Tatum town
45,SC,71395,Taylors CDP
45,SC,71417,Tega Cay city
45,SC,71658,The Cliffs Valley CDP
45,SC,71890,Tigerville CDP
45,SC,71980,Timmonsville town
45,SC,72295,Tradesville CDP
45,SC,72430,Travelers Rest city
45,SC,72520,Trenton town
45,SC,72655,Troy town
45,SC,72745,Turbeville town
45,SC,72880,Ulmer town
45,SC,73105,Union city
45,SC,73240,Unity CDP
45,SC,73330,Utica CDP
45,SC,73465,Valley Falls CDP
45,SC,73510,Vance town
45,SC,73555,Van Wyck town
45,SC,73600,Varnville town
45,SC,73870,Wade Hampton CDP
45,SC,74050,Wagener town
45,SC,74095,Walhalla city
45,SC,74140,Wallace CDP
45,SC,74275,Walterboro city
45,SC,74590,Ward town
45,SC,74635,Ware Place CDP
45,SC,74680,Ware Shoals town
45,SC,74725,Warrenville CDP
45,SC,74995,Waterloo town
45,SC,75220,Watts Mills CDP
45,SC,75445,Wedgefield CDP
45,SC,75535,Welcome CDP
45,SC,75580,Wellford city
45,SC,75850,West Columbia city
45,SC,76165,Westminster city
45,SC,76345,West Pelzer town
45,SC,76435,West Union town
45,SC,77042,White Knoll CDP
45,SC,77380,Whitmire town
45,SC,77425,Whitney CDP
45,SC,77672,Wilkinson Heights CDP
45,SC,77785,Williams town
45,SC,77875,Williamston town
45,SC,77920,Willington CDP
45,SC,77965,Williston town
45,SC,78190,Windsor town
45,SC,78460,Winnsboro town
45,SC,78505,Winnsboro Mills CDP
45,SC,78640,Wisacky CDP
45,SC,78820,Woodfield CDP
45,SC,78910,Woodford town
45,SC,79090,Woodruff city
45,SC,79341,Wyboo CDP
45,SC,79450,Yemassee town
45,SC,79630,York city
45,SC,79720,Zion CDP
46,SD,00100,Aberdeen city
46,SD,00460,Agar town
46,SD,00520,Agency Village CDP
46,SD,00540,Akaska town
46,SD,00620,Albee town
46,SD,00700,Alcester city
46,SD,00820,Alexandria city
46,SD,00900,Allen CDP
46,SD,01020,Alpena town
46,SD,01140,Altamont town
46,SD,01450,Anderson CDP
46,SD,01500,Andover town
46,SD,01560,Angostura CDP
46,SD,01740,Antelope CDP
46,SD,01980,Ardmore CDP
46,SD,02180,Arlington city
46,SD,02260,Armour city
46,SD,02340,Artas town
46,SD,02380,Artesian town
46,SD,02530,Ashland Heights CDP
46,SD,02540,Ashton city
46,SD,02580,Astoria town
46,SD,02780,Aurora town
46,SD,02860,Aurora Center CDP
46,SD,02900,Avon city
46,SD,03060,Badger town
46,SD,03380,Baltic city
46,SD,03420,Bancroft town
46,SD,03860,Batesland town
46,SD,03900,Bath CDP
46,SD,03960,Bath Corner CDP
46,SD,04380,Belle Fourche city
46,SD,04620,Belvidere town
46,SD,04980,Beresford city
46,SD,05540,Big Stone City city
46,SD,05580,Bijou Hills CDP
46,SD,05620,Bison town
46,SD,05780,Blackhawk CDP
46,SD,06120,Blucksberg Mountain CDP
46,SD,06140,Blumengard Colony CDP
46,SD,06180,Blunt city
46,SD,06220,Bonesteel city
46,SD,06300,Bon Homme Colony CDP
46,SD,06440,Boulder Canyon CDP
46,SD,06540,Bowdle city
46,SD,06620,Box Elder city
46,SD,06660,Bradley town
46,SD,06840,Brandon city
46,SD,06940,Brandt town
46,SD,07040,Brant Lake city
46,SD,07044,Brant Lake South CDP
46,SD,07060,Brentford town
46,SD,07068,Brentwood Colony CDP
46,SD,07140,Bridger CDP
46,SD,07180,Bridgewater city
46,SD,07300,Bristol city
46,SD,07380,Britton city
46,SD,07420,Broadland town
46,SD,07580,Brookings city
46,SD,07740,Bruce city
46,SD,08060,Bryant city
46,SD,08140,Buffalo town
46,SD,08340,Buffalo Gap town
46,SD,08460,Bullhead CDP
46,SD,08500,Burbank CDP
46,SD,08700,Burke city
46,SD,08820,Bushnell town
46,SD,08860,Butler town
46,SD,09204,Cameron Colony CDP
46,SD,09260,Camp Crook town
46,SD,09278,Camrose Colony CDP
46,SD,09300,Canistota city
46,SD,09420,Canova town
46,SD,09500,Canton city
46,SD,09780,Caputa CDP
46,SD,10220,Carthage city
46,SD,10500,Castlewood city
46,SD,10620,Cavour town
46,SD,10835,Cedar Grove Colony CDP
46,SD,11060,Centerville city
46,SD,11140,Central City city
46,SD,11220,Chamberlain city
46,SD,11380,Chancellor town
46,SD,11500,Chelsea town
46,SD,11540,Cherry Creek CDP
46,SD,11660,Chester CDP
46,SD,12020,Claire City town
46,SD,12100,Claremont town
46,SD,12148,Claremont Colony CDP
46,SD,12180,Clark city
46,SD,12340,Clark Colony CDP
46,SD,12508,Clearfield Colony CDP
46,SD,12540,Clear Lake city
46,SD,12640,Clear Lake CDP
46,SD,13010,Cloverleaf Colony CDP
46,SD,13188,Collins Colony CDP
46,SD,13220,Colman city
46,SD,13300,Colome city
46,SD,13355,Colonial Pine Hills CDP
46,SD,13380,Colton city
46,SD,13420,Columbia city
46,SD,13700,Conde city
46,SD,13840,Corn Creek CDP
46,SD,13940,Corona town
46,SD,13980,Corsica city
46,SD,14220,Cottonwood town
46,SD,14320,Cow Creek CDP
46,SD,14580,Cresbard town
46,SD,14660,Crocker CDP
46,SD,14680,Crook City CDP
46,SD,14740,Crooks city
46,SD,15140,Custer city
46,SD,15256,Dakota Dunes CDP
46,SD,15300,Dallas town
46,SD,15420,Dante town
46,SD,15540,Davis town
46,SD,15700,Deadwood city
46,SD,15774,Deerfield Colony CDP
46,SD,15980,Dell Rapids city
46,SD,16060,Delmont city
46,SD,16260,De Smet city
46,SD,16620,Dimock town
46,SD,16820,Doland city
46,SD,16860,Dolton town
46,SD,17020,Draper town
46,SD,17215,Dudley CDP
46,SD,17420,Dupree city
46,SD,17620,Eagle Butte city
46,SD,18180,Eden town
46,SD,18300,Edgemont city
46,SD,18460,Egan city
46,SD,18620,Elk Point city
46,SD,18700,Elkton city
46,SD,19420,Emery city
46,SD,19556,Enemy Swim CDP
46,SD,19860,Erwin town
46,SD,19980,Estelline city
46,SD,20060,Ethan town
46,SD,20180,Eureka city
46,SD,20208,Evergreen Colony CDP
46,SD,20340,Fairburn town
46,SD,20380,Fairfax town
46,SD,20780,Fairview town
46,SD,20980,Faith city
46,SD,21060,Farmer town
46,SD,21260,Faulkton city
46,SD,21340,Fedora CDP
46,SD,21380,Ferney CDP
46,SD,21540,Flandreau city
46,SD,21820,Florence town
46,SD,22070,Fordham Colony CDP
46,SD,22100,Forestburg CDP
46,SD,22260,Fort Pierre city
46,SD,22340,Fort Thompson CDP
46,SD,22580,Frankfort city
46,SD,22860,Frederick town
46,SD,23020,Freeman city
46,SD,23140,Fruitdale town
46,SD,23220,Fulton town
46,SD,23421,Gann Valley CDP
46,SD,23460,Garden City town
46,SD,23820,Garretson city
46,SD,23860,Gary city
46,SD,23900,Gayville town
46,SD,23980,Geddes city
46,SD,24260,Gettysburg city
46,SD,24540,Glendale Colony CDP
46,SD,24620,Glenham town
46,SD,24760,Golden View Colony CDP
46,SD,24820,Goodwin town
46,SD,25020,Graceville Colony CDP
46,SD,25741,Grassland Colony CDP
46,SD,25743,Grass Ranch Colony CDP
46,SD,25900,Green Grass CDP
46,SD,26035,Green Valley CDP
46,SD,26150,Greenwood Colony CDP
46,SD,26180,Gregory city
46,SD,26220,Grenville town
46,SD,26340,Groton city
46,SD,26660,Hamill CDP
46,SD,27260,Harrisburg city
46,SD,27300,Harrison CDP
46,SD,27420,Harrold town
46,SD,27540,Hartford city
46,SD,27820,Hayti town
46,SD,27940,Hazel town
46,SD,27980,Hecla city
46,SD,28140,Henry town
46,SD,28300,Hermosa town
46,SD,28340,Herreid city
46,SD,28420,Herrick town
46,SD,28460,Hetland town
46,SD,28980,Highmore city
46,SD,29100,Hill City city
46,SD,29116,Hillcrest Colony CDP
46,SD,29300,Hillside Colony CDP
46,SD,29340,Hillsview town
46,SD,29500,Hitchcock town
46,SD,30056,Horse Creek CDP
46,SD,30140,Hosmer city
46,SD,30220,Hot Springs city
46,SD,30300,Hoven town
46,SD,30460,Howard city
46,SD,30740,Hudson town
46,SD,30900,Humboldt town
46,SD,30980,Hurley city
46,SD,31060,Huron city
46,SD,31140,Huron Colony CDP
46,SD,31196,Hutterville Colony CDP
46,SD,31220,Ideal CDP
46,SD,31620,Interior town
46,SD,31860,Ipswich city
46,SD,31940,Irene city
46,SD,32020,Iroquois city
46,SD,32140,Isabel town
46,SD,32388,Jamesville Colony CDP
46,SD,32460,Java town
46,SD,32700,Jefferson city
46,SD,32820,Johnson Siding CDP
46,SD,33180,Kadoka city
46,SD,33380,Kaylor CDP
46,SD,33540,Kenel CDP
46,SD,33580,Kennebec town
46,SD,33820,Keystone town
46,SD,33900,Kidder CDP
46,SD,33980,Kimball city
46,SD,34340,Kranzburg town
46,SD,34460,Kyle CDP
46,SD,34540,La Bolt town
46,SD,35100,Lake Andes city
46,SD,35220,Lake City town
46,SD,35430,Lake Madison CDP
46,SD,35460,Lake Norden city
46,SD,35480,Lake Poinsett CDP
46,SD,35500,Lake Preston city
46,SD,35671,Lakeview Colony CDP
46,SD,35780,Lane town
46,SD,35820,Langford town
46,SD,35900,Lantry CDP
46,SD,35940,La Plant CDP
46,SD,36220,Lead city
46,SD,36260,Lebanon town
46,SD,36340,Lemmon city
46,SD,36380,Lennox city
46,SD,36460,Leola city
46,SD,36540,Lesterville town
46,SD,36620,Letcher town
46,SD,37900,Little Eagle CDP
46,SD,38760,Long Hollow CDP
46,SD,38860,Long Lake town
46,SD,38900,Long Lake Colony CDP
46,SD,39020,Loomis CDP
46,SD,39180,Lower Brule CDP
46,SD,39260,Lowry town
46,SD,39740,Lyons CDP
46,SD,39940,McIntosh city
46,SD,40020,McLaughlin city
46,SD,40220,Madison city
46,SD,40550,Manderson-White Horse Creek CDP
46,SD,40580,Mansfield CDP
46,SD,40860,Marion city
46,SD,41100,Martin city
46,SD,41180,Marty CDP
46,SD,41220,Marvin town
46,SD,41398,Maverick Junction CDP
46,SD,41420,Maxwell Colony CDP
46,SD,41548,Mayfield Colony CDP
46,SD,41680,Meadow View Addition CDP
46,SD,41700,Meckling CDP
46,SD,41860,Mellette city
46,SD,41980,Menno city
46,SD,42140,Midland town
46,SD,42260,Milbank city
46,SD,42440,Millbrook Colony CDP
46,SD,42460,Miller city
46,SD,42579,Millerdale Colony CDP
46,SD,42620,Milltown CDP
46,SD,42700,Mina CDP
46,SD,42940,Mission city
46,SD,42980,Mission Hill town
46,SD,43100,Mitchell city
46,SD,43180,Mobridge city
46,SD,43380,Monroe town
46,SD,43500,Montrose city
46,SD,43780,Morningside CDP
46,SD,43860,Morristown town
46,SD,44020,Mound City town
46,SD,44032,Mountain Plains CDP
46,SD,44100,Mount Vernon city
46,SD,44260,Murdo city
46,SD,44620,Naples town
46,SD,44800,Newdale Colony CDP
46,SD,44820,New Effington town
46,SD,44860,Newell city
46,SD,44900,New Elm Spring Colony CDP
46,SD,44940,New Holland CDP
46,SD,45024,Newport Colony CDP
46,SD,45060,New Underwood city
46,SD,45100,New Witten town
46,SD,45180,Nisland town
46,SD,45390,Norfeld Colony CDP
46,SD,45420,Norris CDP
46,SD,45548,North Eagle Butte CDP
46,SD,45700,North Sioux City city
46,SD,45715,North Spearfish CDP
46,SD,45740,Northville town
46,SD,46060,Nunda town
46,SD,46180,Oacoma town
46,SD,46240,Oahe Acres CDP
46,SD,46388,Oak Lane Colony CDP
46,SD,46500,Oelrichs town
46,SD,46540,Oglala CDP
46,SD,46620,Okaton CDP
46,SD,46660,Okreek CDP
46,SD,46700,Ola CDP
46,SD,46770,Old Elm Spring Colony CDP
46,SD,46780,Oldham city
46,SD,46900,Olivet town
46,SD,46980,Onaka town
46,SD,47180,Onida city
46,SD,47340,Oral CDP
46,SD,47460,Orient town
46,SD,47588,Orland Colony CDP
46,SD,47660,Ortley town
46,SD,48380,Parker city
46,SD,48460,Parkston city
46,SD,48500,Parmelee CDP
46,SD,48820,Pearl Creek Colony CDP
46,SD,48940,Peever town
46,SD,48948,Peever Flats CDP
46,SD,49028,Pembrook Colony CDP
46,SD,49300,Philip city
46,SD,49460,Pickstown town
46,SD,49500,Piedmont city
46,SD,49540,Pierpont town
46,SD,49600,Pierre city
46,SD,49640,Pine Lakes Addition CDP
46,SD,49660,Pine Ridge CDP
46,SD,49980,Plainview Colony CDP
46,SD,50020,Plankinton city
46,SD,50260,Platte city
46,SD,50310,Platte Colony CDP
46,SD,50988,Pleasant Valley Colony CDP
46,SD,51220,Poinsett Colony CDP
46,SD,51260,Pollock town
46,SD,51340,Porcupine CDP
46,SD,51660,Prairie City CDP
46,SD,51724,Prairiewood Village CDP
46,SD,51820,Presho city
46,SD,51940,Pringle town
46,SD,52140,Provo CDP
46,SD,52220,Pukwana town
46,SD,52500,Quinn town
46,SD,52860,Ramona town
46,SD,52980,Rapid City city
46,SD,53007,Rapid Valley CDP
46,SD,53220,Ravinia town
46,SD,53260,Raymond town
46,SD,53460,Redfield city
46,SD,53940,Ree Heights town
46,SD,54020,Reliance town
46,SD,54145,Renner Corner CDP
46,SD,54220,Revillo town
46,SD,54750,Richland CDP
46,SD,55220,Riverside Colony CDP
46,SD,55540,Rockham town
46,SD,55620,Rockport Colony CDP
46,SD,55684,Rolland Colony CDP
46,SD,55820,Roscoe city
46,SD,55940,Rosebud CDP
46,SD,56140,Rosedale Colony CDP
46,SD,56340,Rosholt town
46,SD,56380,Roslyn town
46,SD,56420,Roswell CDP
46,SD,56580,Rowena CDP
46,SD,56820,Running Water CDP
46,SD,56964,Rustic Acres Colony CDP
46,SD,57060,St. Charles CDP
46,SD,57140,St. Francis town
46,SD,57180,St. Lawrence town
46,SD,57260,St. Onge CDP
46,SD,57340,Salem city
46,SD,57940,Scotland city
46,SD,58140,Selby city
46,SD,58180,Seneca town
46,SD,58310,Shamrock Colony CDP
46,SD,58332,Shannon Colony CDP
46,SD,58580,Sherman town
46,SD,58590,Shindler CDP
46,SD,58680,Sicangu Village CDP
46,SD,58868,Silver Lake Colony CDP
46,SD,58900,Sinai town
46,SD,59020,Sioux Falls city
46,SD,59260,Sisseton city
46,SD,59620,Smithwick CDP
46,SD,59700,Soldier Creek CDP
46,SD,59940,South Shore town
46,SD,60020,Spearfish city
46,SD,60060,Spencer city
46,SD,60180,Spink Colony CDP
46,SD,60500,Spring Creek CDP
46,SD,60540,Spring Creek Colony CDP
46,SD,60660,Springfield city
46,SD,60958,Spring Lake Colony CDP
46,SD,61180,Spring Valley Colony CDP
46,SD,61580,Stephan CDP
46,SD,61700,Stickney town
46,SD,61740,Stockholm town
46,SD,61940,Storla CDP
46,SD,61980,Strandburg town
46,SD,62020,Stratford town
46,SD,62100,Sturgis city
46,SD,62155,Summerset city
46,SD,62220,Summit town
46,SD,62434,Sunset Colony CDP
46,SD,62716,Swift Bird CDP
46,SD,62820,Tabor town
46,SD,63100,Tea city
46,SD,63452,Thunderbird Colony CDP
46,SD,63620,Timber Lake city
46,SD,63700,Tolstoy town
46,SD,63740,Toronto town
46,SD,63940,Trent town
46,SD,64020,Tripp city
46,SD,64260,Tschetter Colony CDP
46,SD,64300,Tulare town
46,SD,64540,Turton town
46,SD,64700,Twin Brooks town
46,SD,64840,Two Strike CDP
46,SD,64860,Tyndall city
46,SD,65628,Upland Colony CDP
46,SD,65780,Utica town
46,SD,65900,Vale CDP
46,SD,66260,Valley Springs city
46,SD,66540,Veblen city
46,SD,66660,Verdon town
46,SD,66700,Vermillion city
46,SD,67020,Viborg city
46,SD,67220,Vienna town
46,SD,67340,Vilas town
46,SD,67500,Virgil town
46,SD,67620,Vivian CDP
46,SD,67700,Volga city
46,SD,67780,Volin town
46,SD,68020,Wagner city
46,SD,68100,Wakonda town
46,SD,68140,Wakpala CDP
46,SD,68380,Wall town
46,SD,68420,Wallace town
46,SD,68580,Wanblee CDP
46,SD,68660,Ward town
46,SD,68740,Warner town
46,SD,69140,Wasta town
46,SD,69300,Watertown city
46,SD,69340,Waubay city
46,SD,69420,Waverly CDP
46,SD,69780,Webster city
46,SD,70020,Wentworth village
46,SD,70140,Wessington city
46,SD,70220,Wessington Springs city
46,SD,70284,West Brule CDP
46,SD,70540,Westport town
46,SD,70646,Westwood Colony CDP
46,SD,70740,Wetonka town
46,SD,70940,White city
46,SD,71140,Whitehorse CDP
46,SD,71150,White Horse CDP
46,SD,71180,White Lake city
46,SD,71340,White River city
46,SD,71380,White Rock town
46,SD,71440,White Rock Colony CDP
46,SD,71580,Whitewood city
46,SD,71940,Willow Lake city
46,SD,71980,Wilmot city
46,SD,72100,Winfred CDP
46,SD,72180,Winner city
46,SD,72500,Wolf Creek Colony CDP
46,SD,72540,Wolsey town
46,SD,72590,Wonderland Homes CDP
46,SD,72620,Wood town
46,SD,72700,Woonsocket city
46,SD,72820,Worthing city
46,SD,72900,Wounded Knee CDP
46,SD,73020,Yale town
46,SD,73060,Yankton city
47,TN,00200,Adams city
47,TN,00240,Adamsville town
47,TN,00440,Alamo town
47,TN,00540,Alcoa city
47,TN,00620,Alexandria town
47,TN,00640,Algood city
47,TN,00660,Allardt city
47,TN,00940,Altamont town
47,TN,01220,Andersonville CDP
47,TN,01480,Apison CDP
47,TN,01640,Ardmore city
47,TN,01740,Arlington town
47,TN,02180,Ashland City town
47,TN,02320,Athens city
47,TN,02340,Atoka town
47,TN,02380,Atwood town
47,TN,02400,Auburntown town
47,TN,02780,Baileyton town
47,TN,03078,Baneberry city
47,TN,03120,Banner Hill CDP
47,TN,03440,Bartlett city
47,TN,03680,Baxter town
47,TN,03760,Bean Station city
47,TN,04000,Beech Bluff CDP
47,TN,04240,Beersheba Springs town
47,TN,04460,Bell Buckle town
47,TN,04620,Belle Meade city
47,TN,04720,Bells city
47,TN,04920,Belvidere CDP
47,TN,05040,Benton town
47,TN,05140,Berry Hill city
47,TN,05380,Bethel Springs town
47,TN,05500,Bethpage CDP
47,TN,05840,Big Rock CDP
47,TN,05860,Big Sandy town
47,TN,06020,Biltmore CDP
47,TN,06340,Blaine city
47,TN,06440,Blanche CDP
47,TN,06640,Bloomingdale CDP
47,TN,06740,Blountville CDP
47,TN,06960,Bluff City city
47,TN,07120,Bogota CDP
47,TN,07180,Bolivar city
47,TN,07240,Bon Air CDP
47,TN,07280,Bon Aqua Junction CDP
47,TN,07620,Bowman CDP
47,TN,07840,Braden town
47,TN,07860,Bradford town
47,TN,08080,Bransford CDP
47,TN,08280,Brentwood city
47,TN,08400,Briceville CDP
47,TN,08500,Brighton town
47,TN,08540,Bristol city
47,TN,08920,Brownsville city
47,TN,08960,Bruceton town
47,TN,09200,Buchanan CDP
47,TN,09560,Bulls Gap town
47,TN,09860,Burlison town
47,TN,09880,Burns town
47,TN,10080,Butler CDP
47,TN,10180,Byrdstown town
47,TN,10440,Calhoun town
47,TN,10560,Camden city
47,TN,11280,Carthage town
47,TN,11360,Caryville town
47,TN,11440,Castalian Springs CDP
47,TN,11980,Cedar Hill city
47,TN,12100,Celina city
47,TN,12380,Centertown town
47,TN,12420,Centerville town
47,TN,12460,Central CDP
47,TN,12880,Chapel Hill town
47,TN,13020,Charleston city
47,TN,13080,Charlotte town
47,TN,14000,Chattanooga city
47,TN,14220,Chesterfield CDP
47,TN,14520,Chewalla CDP
47,TN,14620,Childers Hill CDP
47,TN,14860,Christiana CDP
47,TN,14980,Church Hill city
47,TN,15120,Clarkrange CDP
47,TN,15140,Clarksburg town
47,TN,15160,Clarksville city
47,TN,15400,Cleveland city
47,TN,15480,Clifton city
47,TN,15580,Clinton city
47,TN,15880,Coalfield CDP
47,TN,15920,Coalmont city
47,TN,16060,Coker Creek CDP
47,TN,16300,Collegedale city
47,TN,16420,Collierville town
47,TN,16480,Collinwood city
47,TN,16500,Colonial Heights CDP
47,TN,16540,Columbia city
47,TN,16740,Conasauga CDP
47,TN,16920,Cookeville city
47,TN,16980,Coopertown town
47,TN,17000,Copperhill city
47,TN,17180,Cornersville town
47,TN,17300,Cosby CDP
47,TN,17340,Cottage Grove town
47,TN,17420,Cottontown CDP
47,TN,17520,Counce CDP
47,TN,17680,Covington city
47,TN,17700,Cowan city
47,TN,17840,Crab Orchard city
47,TN,18420,Cross Plains city
47,TN,18540,Crossville city
47,TN,18620,Crump city
47,TN,18820,Cumberland City town
47,TN,18880,Cumberland Gap town
47,TN,19360,Dancyville CDP
47,TN,19380,Dandridge town
47,TN,19500,Darden CDP
47,TN,19700,Dayton city
47,TN,19880,Decatur town
47,TN,19900,Decaturville town
47,TN,19920,Decherd city
47,TN,20080,Delano CDP
47,TN,20120,Dellrose CDP
47,TN,20620,Dickson city
47,TN,20930,Dodson Branch CDP
47,TN,21400,Dover city
47,TN,21420,Dowelltown town
47,TN,21500,Doyle town
47,TN,21540,Dresden town
47,TN,21740,Ducktown city
47,TN,21860,Dukedom CDP
47,TN,22000,Dunlap city
47,TN,22180,Dyer city
47,TN,22200,Dyersburg city
47,TN,22340,Eagleton Village CDP
47,TN,22360,Eagleville city
47,TN,22500,East Cleveland CDP
47,TN,22720,East Ridge city
47,TN,22920,Eastview town
47,TN,23440,Elgin CDP
47,TN,23500,Elizabethton city
47,TN,23660,Elkton city
47,TN,23880,Embreeville CDP
47,TN,24040,Englewood town
47,TN,24240,Enville town
47,TN,24320,Erin city
47,TN,24360,Erwin town
47,TN,24400,Essary Springs CDP
47,TN,24440,Estill Springs town
47,TN,24460,Ethridge town
47,TN,24480,Etowah city
47,TN,24640,Eva CDP
47,TN,24960,Fairfield CDP
47,TN,24980,Fairfield Glade CDP
47,TN,24990,Fairgarden CDP
47,TN,25080,Fairmount CDP
47,TN,25440,Fairview city
47,TN,25540,Fall Branch CDP
47,TN,25560,Falling Water CDP
47,TN,25740,Farner CDP
47,TN,25760,Farragut town
47,TN,25920,Fayetteville city
47,TN,26120,Fincastle CDP
47,TN,26160,Finger city
47,TN,26180,Finley CDP
47,TN,26490,Flat Top Mountain CDP
47,TN,26580,Flintville CDP
47,TN,27020,Forest Hills city
47,TN,27640,Fowlkes CDP
47,TN,27700,Frankewing CDP
47,TN,27740,Franklin city
47,TN,27960,Friendship city
47,TN,28060,Friendsville city
47,TN,28380,Gadsden town
47,TN,28420,Gainesboro town
47,TN,28540,Gallatin city
47,TN,28560,Gallaway city
47,TN,28680,Garland town
47,TN,28740,Gates town
47,TN,28800,Gatlinburg city
47,TN,28960,Germantown city
47,TN,29020,Gibson town
47,TN,29160,Gilt Edge city
47,TN,29260,Gladeville CDP
47,TN,29300,Gleason town
47,TN,29920,Goodlettsville city
47,TN,30120,Gordonsville town
47,TN,30220,Graball CDP
47,TN,30280,Grand Junction city
47,TN,30700,Gray CDP
47,TN,30760,Graysville town
47,TN,30880,Greenback city
47,TN,30960,Greenbrier town
47,TN,30980,Greeneville town
47,TN,31000,Greenfield city
47,TN,31100,Green Hill CDP
47,TN,31220,Greenvale CDP
47,TN,31400,Griffith Creek CDP
47,TN,31420,Grimsley CDP
47,TN,31490,Gruetli-Laager city
47,TN,31680,Guys town
47,TN,31810,Halls CDP
47,TN,31820,Halls town
47,TN,32040,Hampton CDP
47,TN,32520,Harriman city
47,TN,32600,Harrison CDP
47,TN,32640,Harrogate city
47,TN,32742,Hartsville/Trousdale County
47,TN,33120,Helenwood CDP
47,TN,33260,Henderson city
47,TN,33280,Hendersonville city
47,TN,33360,Henning town
47,TN,33400,Henry town
47,TN,33680,Hickman CDP
47,TN,33920,Hickory Valley town
47,TN,34580,Hilham CDP
47,TN,34700,Hillsboro CDP
47,TN,35160,Hohenwald city
47,TN,35220,Holladay CDP
47,TN,35280,Hollow Rock town
47,TN,35880,Hopewell CDP
47,TN,36000,Hornbeak town
47,TN,36080,Hornsby town
47,TN,36460,Humboldt city
47,TN,36500,Hunter CDP
47,TN,36580,Huntingdon town
47,TN,36600,Huntland town
47,TN,36640,Huntsville town
47,TN,36700,Huron CDP
47,TN,37360,Iron City CDP
47,TN,37600,Jacksboro town
47,TN,37620,Jacks Creek CDP
47,TN,37640,Jackson city
47,TN,37780,Jamestown city
47,TN,37820,Jasper town
47,TN,37960,Jefferson City city
47,TN,38020,Jellico city
47,TN,38300,John Sevier CDP
47,TN,38320,Johnson City city
47,TN,38540,Jonesborough town
47,TN,38765,Kahite CDP
47,TN,38800,Karns CDP
47,TN,39140,Kenton town
47,TN,39400,Kimball town
47,TN,39560,Kingsport city
47,TN,39620,Kingston city
47,TN,39660,Kingston Springs town
47,TN,40000,Knoxville city
47,TN,40160,Lafayette city
47,TN,40180,La Follette city
47,TN,40200,La Grange town
47,TN,40350,Lakeland city
47,TN,40540,Lakesite city
47,TN,40560,Lake Tansi CDP
47,TN,40732,Lakewood Park CDP
47,TN,41200,La Vergne city
47,TN,41240,Lavinia CDP
47,TN,41340,Lawrenceburg city
47,TN,41520,Lebanon city
47,TN,41760,Lenoir City city
47,TN,41780,Lenox CDP
47,TN,41800,Leoma CDP
47,TN,41860,Lewisburg city
47,TN,41980,Lexington city
47,TN,42040,Liberty town
47,TN,42720,Linden town
47,TN,43140,Livingston town
47,TN,43160,Lobelville city
47,TN,43420,Lone Oak CDP
47,TN,43640,Lookout Mountain town
47,TN,43700,Loretto city
47,TN,43780,Loudon city
47,TN,43820,Louisville city
47,TN,44200,Luray CDP
47,TN,44300,Luttrell town
47,TN,44360,Lyles CDP
47,TN,44382,Lynchburg
47,TN,44420,Lynnville town
47,TN,44700,McDonald CDP
47,TN,44840,McEwen city
47,TN,44940,McKenzie city
47,TN,45000,McLemoresville town
47,TN,45100,McMinnville city
47,TN,45320,Madisonville city
47,TN,45500,Manchester city
47,TN,46240,Martin city
47,TN,46380,Maryville city
47,TN,46400,Mascot CDP
47,TN,46420,Mason town
47,TN,46540,Maury City town
47,TN,46680,Mayland CDP
47,TN,46700,Maynardville city
47,TN,47000,Medina city
47,TN,47020,Medon city
47,TN,48000,Memphis city
47,TN,48120,Mercer CDP
47,TN,48180,Michie town
47,TN,48340,Middleton city
47,TN,48360,Middle Valley CDP
47,TN,48460,Midtown CDP
47,TN,48660,Milan city
47,TN,48920,Milledgeville town
47,TN,48980,Millersville city
47,TN,49060,Millington city
47,TN,49360,Minor Hill city
47,TN,49420,Miston CDP
47,TN,49460,Mitchellville city
47,TN,49740,Monteagle town
47,TN,49760,Monterey town
47,TN,49940,Mooresburg CDP
47,TN,50200,Morris Chapel CDP
47,TN,50220,Morrison town
47,TN,50280,Morristown city
47,TN,50300,Moscow city
47,TN,50320,Mosheim town
47,TN,50400,Mountain City town
47,TN,50580,Mount Carmel town
47,TN,50780,Mount Juliet city
47,TN,51080,Mount Pleasant city
47,TN,51402,Mowbray Mountain CDP
47,TN,51540,Munford city
47,TN,51560,Murfreesboro city
47,TN,52006,Nashville-Davidson metropolitan government (balance)
47,TN,52400,Newbern town
47,TN,52520,New Deal CDP
47,TN,52780,New Hope city
47,TN,52820,New Johnsonville city
47,TN,52940,New Market town
47,TN,53000,Newport city
47,TN,53140,New Tazewell town
47,TN,53240,New Union CDP
47,TN,53380,Niota city
47,TN,53400,Nixon CDP
47,TN,53460,Nolensville town
47,TN,53520,Norene CDP
47,TN,53580,Normandy town
47,TN,53600,Norris city
47,TN,54280,Oakdale town
47,TN,54640,Oak Grove CDP (Sumner County)
47,TN,54700,Oak Grove CDP (Washington County)
47,TN,54780,Oak Hill city
47,TN,54920,Oakland town
47,TN,55120,Oak Ridge city
47,TN,55240,Obion town
47,TN,55280,Ocoee CDP
47,TN,55800,Oliver Springs town
47,TN,55820,Olivet CDP
47,TN,55860,Oneida town
47,TN,55900,Ooltewah CDP
47,TN,55980,Orebank CDP
47,TN,56020,Orlinda city
47,TN,56040,Orme town
47,TN,56560,Palmer town
47,TN,56580,Palmersville CDP
47,TN,56720,Paris city
47,TN,56800,Park City CDP
47,TN,56870,Parker's Crossroads city
47,TN,57040,Parrottsville town
47,TN,57080,Parsons city
47,TN,57480,Pegram town
47,TN,57500,Pelham CDP
47,TN,57740,Petersburg town
47,TN,57780,Petros CDP
47,TN,57900,Philadelphia city
47,TN,58080,Pigeon Forge city
47,TN,58120,Pikeville city
47,TN,58240,Pine Crest CDP
47,TN,58780,Pinson CDP
47,TN,58840,Piperton city
47,TN,58940,Pittman Center town
47,TN,59020,Plainview city
47,TN,59240,Pleasant Hill town
47,TN,59560,Pleasant View city
47,TN,59640,Pocahontas CDP
47,TN,60280,Portland city
47,TN,60480,Powell CDP
47,TN,60500,Powells Crossroads town
47,TN,60800,Prospect CDP
47,TN,61040,Pulaski city
47,TN,61160,Puryear city
47,TN,61520,Ramer city
47,TN,61560,Randolph CDP
47,TN,61635,Rarity Bay CDP
47,TN,61960,Red Bank city
47,TN,62000,Red Boiling Springs city
47,TN,62580,Riceville CDP
47,TN,63060,Ridgely town
47,TN,63080,Ridgeside city
47,TN,63140,Ridgetop city
47,TN,63340,Ripley city
47,TN,63800,Rives town
47,TN,63840,Roan Mountain CDP
47,TN,63920,Robbins CDP
47,TN,64160,Rockford city
47,TN,64400,Rockvale CDP
47,TN,64440,Rockwood city
47,TN,64668,Rocky Top city
47,TN,64820,Rogersville town
47,TN,65240,Rossville town
47,TN,65642,Rural Hill CDP
47,TN,65740,Russellville CDP
47,TN,65760,Rutherford town
47,TN,65820,Rutledge town
47,TN,66160,St. Joseph city
47,TN,66220,Sale Creek CDP
47,TN,66340,Saltillo town
47,TN,66360,Samburg town
47,TN,66660,Sardis town
47,TN,66680,Saulsbury town
47,TN,66720,Savannah city
47,TN,66880,Scotts Hill town
47,TN,66940,Selmer town
47,TN,66960,Sequatchie CDP
47,TN,67120,Sevierville city
47,TN,67140,Sewanee CDP
47,TN,67200,Seymour CDP
47,TN,67230,Shackle Island CDP
47,TN,67540,Sharon town
47,TN,67760,Shelbyville city
47,TN,67920,Sherwood CDP
47,TN,68040,Shiloh CDP
47,TN,68540,Signal Mountain town
47,TN,68560,Silerton town
47,TN,69080,Slayden town
47,TN,69320,Smithville city
47,TN,69420,Smyrna town
47,TN,69460,Sneedville town
47,TN,69560,Soddy-Daisy city
47,TN,69620,Somerville town
47,TN,69680,South Carthage town
47,TN,69740,South Cleveland CDP
47,TN,69900,South Fulton city
47,TN,70060,South Pittsburg city
47,TN,70180,Sparta city
47,TN,70240,Spencer city
47,TN,70400,Spring City town
47,TN,70500,Springfield city
47,TN,70580,Spring Hill city
47,TN,70680,Spurgeon CDP
47,TN,70820,Stanton town
47,TN,70840,Stantonville town
47,TN,70900,Statesville CDP
47,TN,71500,Strawberry Plains CDP
47,TN,71800,Sullivan Gardens CDP
47,TN,72040,Summertown CDP
47,TN,72140,Sunbright city
47,TN,72380,Surgoinsville town
47,TN,72540,Sweetwater city
47,TN,72780,Taft CDP
47,TN,73120,Tazewell town
47,TN,73220,Telford CDP
47,TN,73260,Tellico Plains town
47,TN,73270,Tellico Village CDP
47,TN,73460,Tennessee Ridge town
47,TN,73900,Thompson's Station town
47,TN,74100,Three Way city
47,TN,74540,Tiptonville town
47,TN,74640,Toone town
47,TN,74860,Townsend city
47,TN,74880,Tracy City town
47,TN,75000,Trenton city
47,TN,75100,Trezevant town
47,TN,75160,Trimble town
47,TN,75240,Troy town
47,TN,75300,Tuckers Crossroads CDP
47,TN,75320,Tullahoma city
47,TN,75560,Tusculum city
47,TN,75820,Unicoi town
47,TN,75940,Union City city
47,TN,76180,Unionville CDP
47,TN,76660,Valley Forge CDP
47,TN,76860,Vanleer town
47,TN,77400,Viola town
47,TN,77480,Vonore town
47,TN,77540,Walden town
47,TN,77700,Walland CDP
47,TN,77760,Walnut Grove CDP (Hardin County)
47,TN,77820,Walnut Grove CDP (Sumner County)
47,TN,77900,Walnut Hill CDP
47,TN,77980,Walterhill CDP
47,TN,78100,Wartburg city
47,TN,78120,Wartrace town
47,TN,78240,Watauga city
47,TN,78320,Watertown city
47,TN,78560,Waverly city
47,TN,78600,Waynesboro city
47,TN,79420,Westmoreland town
47,TN,79500,Westpoint CDP
47,TN,79980,White Bluff town
47,TN,80200,White House city
47,TN,80360,White Pine town
47,TN,80500,Whiteside CDP
47,TN,80540,Whiteville town
47,TN,80580,Whitlock CDP
47,TN,80620,Whitwell city
47,TN,80720,Wildersville CDP
47,TN,80740,Wildwood CDP
47,TN,80760,Wildwood Lake CDP
47,TN,81020,Williston city
47,TN,81080,Winchester city
47,TN,81280,Winfield town
47,TN,81560,Woodbury town
47,TN,81700,Woodland Mills city
47,TN,82120,Wrigley CDP
47,TN,82200,Wynnburg CDP
47,TN,82360,Yorkville city
47,TN,82440,Yuma CDP
48,TX,00100,Abbott city
48,TX,00160,Abernathy city
48,TX,01000,Abilene city
48,TX,01060,Abram CDP
48,TX,01084,Acala CDP
48,TX,01108,Ackerly city
48,TX,01240,Addison town
48,TX,01324,Adrian city
48,TX,01390,Agua Dulce CDP
48,TX,01396,Agua Dulce city
48,TX,01420,Aguilares CDP
48,TX,01500,Airport Heights CDP
48,TX,01514,Airport Road Addition CDP
48,TX,01576,Alamo city
48,TX,01594,Alamo Beach CDP
48,TX,01600,Alamo Heights city
48,TX,01612,Alanreed CDP
48,TX,01636,Alba town
48,TX,01648,Albany city
48,TX,01696,Aldine CDP
48,TX,01744,Aledo city
48,TX,01816,Alfred CDP
48,TX,01852,Alice city
48,TX,01858,Alice Acres CDP
48,TX,01924,Allen city
48,TX,02032,Allison CDP
48,TX,02044,Alma town
48,TX,02104,Alpine city
48,TX,02188,Alto town
48,TX,02194,Alto Bonito Heights CDP
48,TX,02212,Alton city
48,TX,02260,Alvarado city
48,TX,02272,Alvin city
48,TX,02284,Alvord town
48,TX,02286,Amada Acres CDP
48,TX,02290,Amargosa CDP
48,TX,03000,Amarillo city
48,TX,03008,Amaya CDP
48,TX,03072,Ames city
48,TX,03084,Amherst city
48,TX,03096,Amistad CDP
48,TX,03126,Anacua CDP
48,TX,03144,Anahuac city
48,TX,03192,Anderson city
48,TX,03216,Andrews city
48,TX,03264,Angleton city
48,TX,03288,Angus city
48,TX,03300,Anna city
48,TX,03336,Annetta town
48,TX,03340,Annetta North town
48,TX,03342,Annetta South town
48,TX,03360,Annona town
48,TX,03372,Anson city
48,TX,03432,Anthony town
48,TX,03540,Anton city
48,TX,03564,Appleby city
48,TX,03588,Aquilla city
48,TX,03600,Aransas Pass city
48,TX,03696,Archer City city
48,TX,03708,Arcola city
48,TX,03768,Argyle city
48,TX,04000,Arlington city
48,TX,04156,Arp city
48,TX,04174,Arroyo Colorado Estates CDP
48,TX,04176,Arroyo Gardens CDP
48,TX,04300,Asherton city
48,TX,04408,Aspermont town
48,TX,04462,Atascocita CDP
48,TX,04504,Athens city
48,TX,04516,Atlanta city
48,TX,04600,Aubrey city
48,TX,04672,Aurora city
48,TX,05000,Austin city
48,TX,05036,Austwell city
48,TX,05072,Avery town
48,TX,05084,Avinger town
48,TX,05168,Azle city
48,TX,05180,Bacliff CDP
48,TX,05264,Bailey city
48,TX,05288,Bailey's Prairie village
48,TX,05336,Baird city
48,TX,05372,Balch Springs city
48,TX,05384,Balcones Heights city
48,TX,05456,Ballinger city
48,TX,05468,Balmorhea city
48,TX,05520,B and E CDP
48,TX,05528,Bandera city
48,TX,05552,Bangs city
48,TX,05576,Banquete CDP
48,TX,05612,Bardwell city
48,TX,05648,Barksdale CDP
48,TX,05690,Barrera CDP
48,TX,05696,Barrett CDP
48,TX,05708,Barry city
48,TX,05720,Barstow city
48,TX,05732,Bartlett city
48,TX,05750,Barton Creek CDP
48,TX,05768,Bartonville town
48,TX,05864,Bastrop city
48,TX,05924,Batesville CDP
48,TX,05984,Bay City city
48,TX,06060,Bayou Vista city
48,TX,06104,Bayside town
48,TX,06128,Baytown city
48,TX,06140,Bayview town
48,TX,06200,Beach City city
48,TX,06242,Bear Creek village
48,TX,06244,Bear Creek Ranch CDP
48,TX,06272,Beasley city
48,TX,07000,Beaumont city
48,TX,07036,Beauxart Gardens CDP
48,TX,07042,Beaver Creek CDP
48,TX,07108,Beckville city
48,TX,07132,Bedford city
48,TX,07144,Bedias city
48,TX,07156,Bee Cave city
48,TX,07192,Beeville city
48,TX,07300,Bellaire city
48,TX,07396,Bellevue city
48,TX,07408,Bellmead city
48,TX,07420,Bells town
48,TX,07432,Bellville city
48,TX,07486,Belterra CDP
48,TX,07492,Belton city
48,TX,07516,Ben Arnold CDP
48,TX,07528,Benavides city
48,TX,07540,Ben Bolt CDP
48,TX,07552,Benbrook city
48,TX,07636,Benjamin city
48,TX,07642,Benjamin Perez CDP
48,TX,07708,Ben Wheeler CDP
48,TX,07852,Berryville town
48,TX,07864,Bertram city
48,TX,08104,Beverly Hills city
48,TX,08128,Bevil Oaks city
48,TX,08164,Bigfoot CDP
48,TX,08212,Big Lake city
48,TX,08224,Big Sandy town
48,TX,08236,Big Spring city
48,TX,08240,Big Thicket Lake Estates CDP
48,TX,08260,Big Wells city
48,TX,08392,Bishop city
48,TX,08398,Bishop Hills town
48,TX,08404,Bivins CDP
48,TX,08410,Bixby CDP
48,TX,08488,Blackwell city
48,TX,08536,Blanco city
48,TX,08596,Blanket town
48,TX,08644,Bledsoe CDP
48,TX,08668,Blessing CDP
48,TX,08752,Bloomburg town
48,TX,08788,Blooming Grove town
48,TX,08800,Bloomington CDP
48,TX,08812,Blossom city
48,TX,08830,Blue Berry Hill CDP
48,TX,08860,Blue Mound city
48,TX,08872,Blue Ridge city
48,TX,08908,Bluetown CDP
48,TX,08932,Bluff Dale CDP
48,TX,09004,Blum town
48,TX,09160,Boerne city
48,TX,09172,Bogata city
48,TX,09232,Boling CDP
48,TX,09250,Bolivar Peninsula CDP
48,TX,09310,Bonanza Hills CDP
48,TX,09328,Bonham city
48,TX,09388,Bonney village
48,TX,09448,Booker town
48,TX,09556,Borger city
48,TX,09598,Botines CDP
48,TX,09628,Bovina city
48,TX,09640,Bowie city
48,TX,09656,Box Canyon CDP
48,TX,09748,Boyd town
48,TX,09796,Boys Ranch CDP
48,TX,09868,Brackettville city
48,TX,09916,Brady city
48,TX,10072,Brazoria city
48,TX,10084,Brazos CDP
48,TX,10090,Brazos Country city
48,TX,10132,Breckenridge city
48,TX,10144,Bremond city
48,TX,10156,Brenham city
48,TX,10192,Briar CDP
48,TX,10197,Briarcliff village
48,TX,10216,Briaroaks city
48,TX,10252,Bridge City city
48,TX,10264,Bridgeport city
48,TX,10276,Briggs CDP
48,TX,10336,Bristol CDP
48,TX,10384,Broaddus town
48,TX,10528,Bronte town
48,TX,10636,Brookshire city
48,TX,10648,Brookside Village city
48,TX,10660,Brookston CDP
48,TX,10708,Browndell city
48,TX,10720,Brownfield city
48,TX,10756,Brownsboro city
48,TX,10768,Brownsville city
48,TX,10780,Brownwood city
48,TX,10828,Bruceville-Eddy city
48,TX,10852,Brundage CDP
48,TX,10876,Bruni CDP
48,TX,10897,Brushy Creek CDP
48,TX,10912,Bryan city
48,TX,10960,Bryson city
48,TX,10984,Buchanan Dam CDP
48,TX,10990,Buchanan Lake Village CDP
48,TX,11020,Buckholts town
48,TX,11080,Buda city
48,TX,11102,Buena Vista CDP
48,TX,11116,Buffalo city
48,TX,11128,Buffalo Gap town
48,TX,11155,Buffalo Springs village
48,TX,11212,Bullard town
48,TX,11224,Bulverde city
48,TX,11236,Buna CDP
48,TX,11300,Bunker Hill Village city
48,TX,11368,Burkburnett city
48,TX,11380,Burke city
48,TX,11428,Burleson city
48,TX,11440,Burlington CDP
48,TX,11464,Burnet city
48,TX,11536,Burton city
48,TX,11572,Bushland CDP
48,TX,11626,Butterfield CDP
48,TX,11644,Byers city
48,TX,11656,Bynum town
48,TX,11692,Cactus city
48,TX,11716,Caddo Mills city
48,TX,11725,Cade Lakes CDP
48,TX,11836,Caldwell city
48,TX,11940,Callender Lake CDP
48,TX,11968,Callisburg city
48,TX,11992,Calvert city
48,TX,12010,Camargito CDP
48,TX,12040,Cameron city
48,TX,12045,Cameron Park CDP
48,TX,12112,Campbell city
48,TX,12226,Campo Verde CDP
48,TX,12334,Camp Swift CDP
48,TX,12388,Camp Wood city
48,TX,12412,Canadian city
48,TX,12472,Caney City town
48,TX,12496,Canton city
48,TX,12502,Cantu Addition CDP
48,TX,12508,Canutillo CDP
48,TX,12532,Canyon city
48,TX,12562,Canyon Creek CDP
48,TX,12580,Canyon Lake CDP
48,TX,12600,Cape Royale CDP
48,TX,12736,Carbon town
48,TX,12892,Carlsbad CDP
48,TX,12895,Carl's Corner town
48,TX,12904,Carlton CDP
48,TX,12916,Carmine city
48,TX,12982,Carrizo Hill CDP
48,TX,12988,Carrizo Springs city
48,TX,13024,Carrollton city
48,TX,13075,Carter CDP
48,TX,13108,Carthage city
48,TX,13128,Casa Blanca CDP
48,TX,13150,Casas CDP
48,TX,13198,Cashion Community city
48,TX,13276,Castle Hills city
48,TX,13312,Castroville city
48,TX,13324,Catarina CDP
48,TX,13432,Cedar Creek CDP
48,TX,13492,Cedar Hill city
48,TX,13552,Cedar Park city
48,TX,13570,Cedar Point CDP
48,TX,13672,Celeste city
48,TX,13684,Celina city
48,TX,13732,Center city
48,TX,13828,Center Point CDP
48,TX,13900,Centerville city
48,TX,13972,Central Gardens CDP
48,TX,14038,César Chávez CDP
48,TX,14224,Chandler city
48,TX,14236,Channelview CDP
48,TX,14260,Channing city
48,TX,14266,Chaparrito CDP
48,TX,14290,Chapeno CDP
48,TX,14404,Charlotte city
48,TX,14584,Chester town
48,TX,14620,Chico city
48,TX,14668,Childress city
48,TX,14680,Chillicothe city
48,TX,14692,Chilton CDP
48,TX,14704,China city
48,TX,14716,China Grove town
48,TX,14740,China Spring CDP
48,TX,14776,Chireno city
48,TX,14860,Christine town
48,TX,14872,Christoval CDP
48,TX,14880,Chula Vista CDP (Cameron County)
48,TX,14881,Chula Vista CDP (Maverick County)
48,TX,14882,Chula Vista CDP (Zavala County)
48,TX,14920,Cibolo city
48,TX,14927,Cienegas Terrace CDP
48,TX,14929,Cinco Ranch CDP
48,TX,14986,Circle D-KC Estates CDP
48,TX,15004,Cisco city
48,TX,15028,Citrus City CDP
48,TX,15112,Clarendon city
48,TX,15160,Clarksville city
48,TX,15172,Clarksville City city
48,TX,15196,Claude city
48,TX,15232,Clay CDP
48,TX,15328,Clear Lake Shores city
48,TX,15364,Cleburne city
48,TX,15436,Cleveland city
48,TX,15472,Clifton city
48,TX,15544,Clint town
48,TX,15628,Cloverleaf CDP
48,TX,15652,Clute city
48,TX,15676,Clyde city
48,TX,15700,Coahoma town
48,TX,15796,Cockrell Hill city
48,TX,15820,Coffee City town
48,TX,15892,Coldspring city
48,TX,15916,Coleman city
48,TX,15976,College Station city
48,TX,15988,Colleyville city
48,TX,16036,Collinsville town
48,TX,16048,Colmesneil city
48,TX,16110,Colorado Acres CDP
48,TX,16120,Colorado City city
48,TX,16168,Columbus city
48,TX,16192,Comanche city
48,TX,16204,Combes town
48,TX,16216,Combine city
48,TX,16228,Comfort CDP
48,TX,16240,Commerce city
48,TX,16252,Como town
48,TX,16300,Concepcion CDP
48,TX,16432,Conroe city
48,TX,16468,Converse city
48,TX,16540,Cool city
48,TX,16552,Coolidge town
48,TX,16564,Cooper city
48,TX,16612,Coppell city
48,TX,16624,Copperas Cove city
48,TX,16636,Copper Canyon town
48,TX,16696,Corinth city
48,TX,17000,Corpus Christi city
48,TX,17021,Corral City town
48,TX,17036,Corrigan town
48,TX,17060,Corsicana city
48,TX,17200,Cottonwood city
48,TX,17208,Cottonwood Shores city
48,TX,17216,Cotulla city
48,TX,17312,Coupland city
48,TX,17336,Cove city
48,TX,17372,Covington city
48,TX,17408,Coyanosa CDP
48,TX,17426,Coyote Acres CDP
48,TX,17429,Coyote Flats city
48,TX,17504,Crandall city
48,TX,17516,Crane city
48,TX,17540,Cranfills Gap city
48,TX,17564,Crawford town
48,TX,17612,Creedmoor city
48,TX,17648,Cresson city
48,TX,17744,Crockett city
48,TX,17756,Crosby CDP
48,TX,17768,Crosbyton city
48,TX,17811,Cross Mountain CDP
48,TX,17816,Cross Plains town
48,TX,17852,Cross Roads town
48,TX,17917,Cross Timber town
48,TX,17948,Crowell city
48,TX,17960,Crowley city
48,TX,18020,Crystal City city
48,TX,18092,Cuero city
48,TX,18104,Cuevitas CDP
48,TX,18128,Cumby city
48,TX,18134,Cumings CDP
48,TX,18152,Cuney town
48,TX,18224,Cushing city
48,TX,18260,Cut and Shoot city
48,TX,18464,Daingerfield city
48,TX,18476,Daisetta city
48,TX,18524,Dalhart city
48,TX,19000,Dallas city
48,TX,19084,Dalworthington Gardens city
48,TX,19108,Damon CDP
48,TX,19120,Danbury city
48,TX,19288,Darrouzett town
48,TX,19420,Dawson town
48,TX,19432,Dayton city
48,TX,19435,Dayton Lakes city
48,TX,19456,Dean city
48,TX,19492,Deanville CDP
48,TX,19528,Decatur city
48,TX,19570,DeCordova city
48,TX,19624,Deer Park city
48,TX,19632,Deerwood CDP
48,TX,19648,De Kalb city
48,TX,19672,De Leon city
48,TX,19708,Dell City city
48,TX,19714,Del Mar Heights CDP
48,TX,19732,Delmita CDP
48,TX,19792,Del Rio city
48,TX,19808,Del Sol CDP
48,TX,19900,Denison city
48,TX,19924,Dennis town
48,TX,19972,Denton city
48,TX,19984,Denver City town
48,TX,20020,Deport city
48,TX,20092,DeSoto city
48,TX,20128,Detroit town
48,TX,20140,Devers city
48,TX,20152,Devine city
48,TX,20212,Deweyville CDP
48,TX,20248,D'Hanis CDP
48,TX,20308,Diboll city
48,TX,20332,Dickens city
48,TX,20344,Dickinson city
48,TX,20428,Dilley city
48,TX,20452,Dime Box CDP
48,TX,20464,Dimmitt city
48,TX,20540,DISH town
48,TX,20680,Dodd City town
48,TX,20716,Dodson town
48,TX,20734,Doffing CDP
48,TX,20848,Domino town
48,TX,20884,Donna city
48,TX,20926,Doolittle CDP
48,TX,20932,Dorchester city
48,TX,21028,Double Oak town
48,TX,21031,Double Horn city
48,TX,21112,Douglassville town
48,TX,21412,Driftwood CDP
48,TX,21424,Dripping Springs city
48,TX,21436,Driscoll city
48,TX,21484,Dublin city
48,TX,21556,Dumas city
48,TX,21628,Duncanville city
48,TX,21844,Eagle Lake city
48,TX,21892,Eagle Pass city
48,TX,21904,Early city
48,TX,21928,Earth city
48,TX,21958,East Alto Bonito CDP
48,TX,21988,East Bernard city
48,TX,22000,East Columbia CDP
48,TX,22132,Eastland city
48,TX,22168,East Mountain city
48,TX,22192,Easton city
48,TX,22276,East Tawakoni city
48,TX,22516,Ector city
48,TX,22528,Edcouch city
48,TX,22552,Eden city
48,TX,22588,Edgecliff Village town
48,TX,22593,Edgewater Estates CDP
48,TX,22612,Edgewood town
48,TX,22660,Edinburg city
48,TX,22708,Edmonson town
48,TX,22720,Edna city
48,TX,22744,Edom city
48,TX,22768,Edroy CDP
48,TX,22810,Eidson Road CDP
48,TX,22840,Elbert CDP
48,TX,22853,El Brazil CDP
48,TX,22858,El Camino Angosto CDP
48,TX,22864,El Campo city
48,TX,22892,El Castillo CDP
48,TX,22898,El Cenizo CDP
48,TX,22905,El Cenizo city
48,TX,22920,El Chaparral CDP
48,TX,22960,Eldorado city
48,TX,22984,Electra city
48,TX,23044,Elgin city
48,TX,23062,Elias-Fela Solis CDP
48,TX,23080,El Indio CDP
48,TX,23140,Elkhart town
48,TX,23164,El Lago city
48,TX,23176,Ellinger city
48,TX,23254,Elm Creek CDP
48,TX,23272,Elmendorf city
48,TX,23278,El Mesquite CDP
48,TX,23356,Elmo CDP
48,TX,23398,E. Lopez CDP
48,TX,24000,El Paso city
48,TX,24013,El Quiote CDP
48,TX,24015,El Rancho Vela CDP
48,TX,24018,El Refugio CDP
48,TX,24036,Elsa city
48,TX,24055,El Socio CDP
48,TX,24158,Emerald Bay CDP
48,TX,24168,Emhouse town
48,TX,24216,Emory city
48,TX,24223,Encantada-Ranchito-El Calaboz CDP
48,TX,24228,Enchanted Oaks town
48,TX,24240,Encinal city
48,TX,24252,Encino CDP
48,TX,24348,Ennis city
48,TX,24552,Escobares city
48,TX,24636,Estelline town
48,TX,24738,Eugenio Saenz CDP
48,TX,24768,Euless city
48,TX,24816,Eureka city
48,TX,24828,Eustace city
48,TX,24840,Evadale CDP
48,TX,24864,Evant town
48,TX,24894,Evergreen CDP
48,TX,24912,Everman city
48,TX,25032,Fabens CDP
48,TX,25038,Fabrica CDP
48,TX,25068,Fairchilds village
48,TX,25104,Fairfield city
48,TX,25168,Fair Oaks Ranch city
48,TX,25224,Fairview town
48,TX,25338,Falconaire CDP
48,TX,25344,Falcon Heights CDP
48,TX,25348,Falcon Lake Estates CDP
48,TX,25352,Falcon Mesa CDP
48,TX,25356,Falcon Village CDP
48,TX,25368,Falfurrias city
48,TX,25392,Falls City city
48,TX,25397,Falman CDP
48,TX,25404,Fannett CDP
48,TX,25452,Farmers Branch city
48,TX,25488,Farmersville city
48,TX,25512,Farnsworth CDP
48,TX,25548,Farwell city
48,TX,25572,Fate city
48,TX,25644,Fayetteville city
48,TX,25744,Fernando Salinas CDP
48,TX,25752,Ferris city
48,TX,25795,Fifth Street CDP
48,TX,26004,Flat CDP
48,TX,26028,Flatonia town
48,TX,26130,Flor del Rio CDP
48,TX,26136,Florence city
48,TX,26160,Floresville city
48,TX,26220,Flowella CDP
48,TX,26232,Flower Mound town
48,TX,26268,Floydada city
48,TX,26280,Fluvanna CDP
48,TX,26328,Follett city
48,TX,26516,Forest Heights CDP
48,TX,26544,Forest Hill city
48,TX,26604,Forney city
48,TX,26640,Forsan city
48,TX,26664,Fort Bliss CDP
48,TX,26680,Fort Clark Springs CDP
48,TX,26688,Fort Davis CDP
48,TX,26724,Fort Hancock CDP
48,TX,26736,Fort Hood CDP
48,TX,26808,Fort Stockton city
48,TX,27000,Fort Worth city
48,TX,27102,Four Corners CDP
48,TX,27124,Four Points CDP
48,TX,27144,Fowlerton CDP
48,TX,27288,Franklin city
48,TX,27300,Frankston town
48,TX,27348,Fredericksburg city
48,TX,27420,Freeport city
48,TX,27432,Freer city
48,TX,27540,Fresno CDP
48,TX,27648,Friendswood city
48,TX,27660,Friona city
48,TX,27684,Frisco city
48,TX,27696,Fritch city
48,TX,27744,Fronton CDP
48,TX,27748,Fronton Ranchettes CDP
48,TX,27768,Frost city
48,TX,27804,Fruitvale city
48,TX,27876,Fulshear city
48,TX,27888,Fulton town
48,TX,27972,Gail CDP
48,TX,27984,Gainesville city
48,TX,27996,Galena Park city
48,TX,28008,Gallatin city
48,TX,28068,Galveston city
48,TX,28080,Ganado city
48,TX,28128,Garceno CDP
48,TX,28152,Garciasville CDP
48,TX,28176,Garden City CDP
48,TX,28200,Gardendale CDP
48,TX,28248,Garden Ridge city
48,TX,28320,Garfield CDP
48,TX,29000,Garland city
48,TX,29012,Garner CDP
48,TX,29036,Garrett town
48,TX,29060,Garrison city
48,TX,29096,Garwood CDP
48,TX,29108,Gary City town
48,TX,29114,Garza-Salinas II CDP
48,TX,29168,Gatesville city
48,TX,29216,Gause CDP
48,TX,29336,Georgetown city
48,TX,29348,George West city
48,TX,29384,Geronimo CDP
48,TX,29408,Gholson city
48,TX,29432,Giddings city
48,TX,29564,Gilmer city
48,TX,29612,Girard CDP
48,TX,29660,Gladewater city
48,TX,29732,Glazier CDP
48,TX,29840,Glenn Heights city
48,TX,29876,Glen Rose city
48,TX,29912,Glidden CDP
48,TX,29972,Godley city
48,TX,30044,Goldsmith city
48,TX,30056,Goldthwaite city
48,TX,30080,Goliad city
48,TX,30092,Golinda city
48,TX,30116,Gonzales city
48,TX,30188,Goodlow city
48,TX,30224,Goodrich city
48,TX,30272,Gordon city
48,TX,30296,Goree city
48,TX,30308,Gorman city
48,TX,30380,Graford city
48,TX,30392,Graham city
48,TX,30416,Granbury city
48,TX,30440,Grandfalls town
48,TX,30464,Grand Prairie city
48,TX,30476,Grand Saline city
48,TX,30512,Grandview city
48,TX,30548,Granger city
48,TX,30560,Grangerland CDP
48,TX,30584,Granite Shoals city
48,TX,30608,Granjeno city
48,TX,30629,Grape Creek CDP
48,TX,30632,Grapeland city
48,TX,30644,Grapevine city
48,TX,30752,Grays Prairie village
48,TX,30890,Green Valley Farms CDP
48,TX,30920,Greenville city
48,TX,31064,Gregory city
48,TX,31100,Grey Forest city
48,TX,31280,Groesbeck city
48,TX,31292,Groom town
48,TX,31328,Groves city
48,TX,31340,Groveton city
48,TX,31412,Gruver city
48,TX,31442,Guadalupe Guerra CDP
48,TX,31484,Guerra CDP
48,TX,31592,Gun Barrel City city
48,TX,31616,Gunter city
48,TX,31628,Gustine town
48,TX,31640,Guthrie CDP
48,TX,31646,Gutierrez CDP
48,TX,31715,Hackberry town
48,TX,31820,Hale Center city
48,TX,31868,Hallettsville city
48,TX,31880,Hallsburg city
48,TX,31904,Hallsville city
48,TX,31928,Haltom City city
48,TX,31952,Hamilton city
48,TX,31964,Hamlin city
48,TX,32012,Hamshire CDP
48,TX,32156,Happy town
48,TX,32240,Hardin city
48,TX,32246,Harding Gill Tract CDP
48,TX,32300,Hargill CDP
48,TX,32312,Harker Heights city
48,TX,32372,Harlingen city
48,TX,32456,Harper CDP
48,TX,32552,Harrold CDP
48,TX,32576,Hart city
48,TX,32612,Hartley CDP
48,TX,32684,Harwood town
48,TX,32696,Haskell city
48,TX,32720,Haslet city
48,TX,32792,Havana CDP
48,TX,32810,Hawk Cove city
48,TX,32816,Hawkins city
48,TX,32840,Hawley city
48,TX,32906,Hays city
48,TX,32910,H. Cuellar Estates CDP
48,TX,32972,Hearne city
48,TX,32978,Heartland CDP
48,TX,32984,Heath city
48,TX,33008,Hebbronville CDP
48,TX,33020,Hebron town
48,TX,33044,Hedley city
48,TX,33068,Hedwig Village city
48,TX,33092,Heidelberg CDP
48,TX,33146,Helotes city
48,TX,33188,Hemphill city
48,TX,33200,Hempstead city
48,TX,33212,Henderson city
48,TX,33284,Henrietta city
48,TX,33320,Hereford city
48,TX,33356,Hermleigh CDP
48,TX,33428,Hewitt city
48,TX,33476,Hickory Creek town
48,TX,33548,Hico city
48,TX,33560,Hidalgo city
48,TX,33578,Hideaway city
48,TX,33608,Higgins city
48,TX,33794,Highland Haven city
48,TX,33824,Highland Park town
48,TX,33836,Highlands CDP
48,TX,33848,Highland Village city
48,TX,33968,Hill Country Village city
48,TX,34018,Hillcrest Village city
48,TX,34088,Hillsboro city
48,TX,34105,Hillside Acres CDP
48,TX,34130,Hilltop CDP (Frio County)
48,TX,34133,Hilltop CDP (Starr County)
48,TX,34136,Hilltop Lakes CDP
48,TX,34148,Hilshire Village city
48,TX,34220,Hitchcock city
48,TX,34478,Holiday Beach CDP
48,TX,34502,Holiday Lakes town
48,TX,34508,Holland town
48,TX,34532,Holliday city
48,TX,34586,Holly Lake Ranch CDP
48,TX,34628,Hollywood Park town
48,TX,34671,Homestead Meadows North CDP
48,TX,34673,Homestead Meadows South CDP
48,TX,34676,Hondo city
48,TX,34700,Honey Grove city
48,TX,34736,Hooks city
48,TX,34832,Horizon City city
48,TX,34856,Hornsby Bend CDP
48,TX,34862,Horseshoe Bay city
48,TX,34865,Horseshoe Bend CDP
48,TX,35000,Houston city
48,TX,35072,Howardwick city
48,TX,35084,Howe town
48,TX,35180,Hubbard city
48,TX,35204,Huckabay CDP
48,TX,35228,Hudson city
48,TX,35253,Hudson Bend CDP
48,TX,35254,Hudson Oaks city
48,TX,35300,Hughes Springs city
48,TX,35324,Hull CDP
48,TX,35348,Humble city
48,TX,35420,Hungerford CDP
48,TX,35480,Hunters Creek Village city
48,TX,35492,Huntington city
48,TX,35528,Huntsville city
48,TX,35576,Hurst city
48,TX,35612,Hutchins city
48,TX,35624,Hutto city
48,TX,35636,Huxley city
48,TX,35684,Iago CDP
48,TX,35732,Idalou city
48,TX,35754,Iglesia Antigua CDP
48,TX,35816,Impact town
48,TX,35828,Imperial CDP
48,TX,35915,Indian Hills CDP
48,TX,35918,Indian Lake town
48,TX,35954,Indian Springs CDP
48,TX,35966,Indio CDP
48,TX,35984,Industry city
48,TX,35996,Inez CDP
48,TX,36008,Ingleside city
48,TX,36020,Ingleside on the Bay city
48,TX,36032,Ingram city
48,TX,36068,Iola city
48,TX,36092,Iowa Colony village
48,TX,36104,Iowa Park city
48,TX,36128,Iraan city
48,TX,36140,Iredell city
48,TX,37000,Irving city
48,TX,37072,Italy town
48,TX,37084,Itasca city
48,TX,37112,Ivanhoe city
48,TX,37156,Jacinto City city
48,TX,37168,Jacksboro city
48,TX,37216,Jacksonville city
48,TX,37252,Jamaica Beach city
48,TX,37390,Jardin de San Julian CDP
48,TX,37396,Jarrell city
48,TX,37420,Jasper city
48,TX,37468,Jayton city
48,TX,37528,Jefferson city
48,TX,37612,Jersey Village city
48,TX,37648,Jewett city
48,TX,37665,J.F. Villareal CDP
48,TX,37684,Joaquin city
48,TX,37780,Johnson City city
48,TX,37924,Jolly city
48,TX,37984,Jones Creek village
48,TX,38020,Jonestown city
48,TX,38068,Josephine city
48,TX,38080,Joshua city
48,TX,38116,Jourdanton city
48,TX,38168,Juarez CDP
48,TX,38248,Junction city
48,TX,38332,Justin city
48,TX,38452,Karnes City city
48,TX,38476,Katy city
48,TX,38488,Kaufman city
48,TX,38518,K-Bar Ranch CDP
48,TX,38548,Keene city
48,TX,38632,Keller city
48,TX,38776,Kemah city
48,TX,38788,Kemp city
48,TX,38800,Kempner city
48,TX,38848,Kendleton city
48,TX,38860,Kenedy city
48,TX,38872,Kenefick town
48,TX,38884,Kennard city
48,TX,38896,Kennedale city
48,TX,38992,Kerens city
48,TX,39004,Kermit city
48,TX,39040,Kerrville city
48,TX,39124,Kilgore city
48,TX,39148,Killeen city
48,TX,39292,Kingsbury city
48,TX,39304,Kingsland CDP
48,TX,39352,Kingsville city
48,TX,39448,Kirby city
48,TX,39460,Kirbyville city
48,TX,39520,Kirvin town
48,TX,39664,Knippa CDP
48,TX,39680,Knollwood city
48,TX,39700,Knox City town
48,TX,39784,Kopperl CDP
48,TX,39844,Kosse town
48,TX,39868,Kountze city
48,TX,39904,Kress city
48,TX,39916,Krugerville city
48,TX,39928,Krum city
48,TX,39940,Kurten town
48,TX,39952,Kyle city
48,TX,39988,La Blanca CDP
48,TX,39994,La Carla CDP
48,TX,40000,La Casita CDP
48,TX,40018,La Chuparosa CDP
48,TX,40036,Lackland AFB CDP
48,TX,40100,La Coma CDP
48,TX,40104,La Coma Heights CDP
48,TX,40108,LaCoste city
48,TX,40168,Lacy-Lakeview city
48,TX,40180,Ladonia town
48,TX,40186,La Escondida CDP
48,TX,40188,La Esperanza CDP
48,TX,40204,La Feria city
48,TX,40210,La Feria North CDP
48,TX,40258,Lago CDP
48,TX,40262,Lago Vista CDP
48,TX,40264,Lago Vista city
48,TX,40276,La Grange city
48,TX,40288,La Grulla city
48,TX,40300,Laguna Heights CDP
48,TX,40312,Laguna Park CDP
48,TX,40320,Laguna Seca CDP
48,TX,40336,Laguna Vista town
48,TX,40342,La Homa CDP
48,TX,40384,La Joya city
48,TX,40450,Lake Bridgeport city
48,TX,40456,Lake Brownwood CDP
48,TX,40462,Lake Bryan CDP
48,TX,40468,Lake Cherokee CDP
48,TX,40472,Lake City town
48,TX,40475,Lake Colorado City CDP
48,TX,40516,Lake Dallas city
48,TX,40522,Lake Dunlap CDP
48,TX,40576,Lakehills CDP
48,TX,40588,Lake Jackson city
48,TX,40624,Lake Kiowa CDP
48,TX,40674,Lake Medina Shores CDP
48,TX,40676,Lake Meredith Estates CDP
48,TX,40696,Lakeport city
48,TX,40714,Lakeshore Gardens-Hidden Acres CDP
48,TX,40738,Lakeside town (San Patricio County)
48,TX,40744,Lakeside town (Tarrant County)
48,TX,40756,Lakeside City town
48,TX,40804,Lake Tanglewood village
48,TX,40888,Lakeview town
48,TX,40966,Lake View CDP
48,TX,40984,Lakeway city
48,TX,41050,Lakewood Village city
48,TX,41056,Lake Worth city
48,TX,41086,La Loma de Falcon CDP
48,TX,41092,Lamar CDP
48,TX,41116,La Marque city
48,TX,41164,Lamesa city
48,TX,41170,La Minita CDP
48,TX,41176,Lamkin CDP
48,TX,41180,La Moca Ranch CDP
48,TX,41188,Lampasas city
48,TX,41212,Lancaster city
48,TX,41404,Lantana CDP
48,TX,41416,La Paloma CDP
48,TX,41420,La Paloma Addition CDP
48,TX,41422,La Paloma-Lost Creek CDP
48,TX,41424,La Paloma Ranchettes CDP
48,TX,41440,La Porte city
48,TX,41449,La Presa CDP
48,TX,41452,La Pryor CDP
48,TX,41458,La Puerta CDP
48,TX,41464,Laredo city
48,TX,41473,Laredo Ranchettes CDP
48,TX,41475,Laredo Ranchettes West CDP
48,TX,41503,La Rosita CDP
48,TX,41542,Lasana CDP
48,TX,41548,Lasara CDP
48,TX,41565,Las Haciendas CDP
48,TX,41566,Las Lomas CDP
48,TX,41569,Las Lomitas CDP
48,TX,41579,Las Palmas CDP
48,TX,41580,Las Palmas II CDP
48,TX,41582,Las Pilas CDP
48,TX,41583,Las Quintas Fronterizas CDP
48,TX,41644,Latexo city
48,TX,41660,La Tina Ranch CDP
48,TX,41704,Laughlin AFB CDP
48,TX,41728,Laureles CDP
48,TX,41764,La Vernia city
48,TX,41782,La Victoria CDP
48,TX,41788,La Villa city
48,TX,41800,Lavon city
48,TX,41848,La Ward city
48,TX,41872,Lawn town
48,TX,41980,League City city
48,TX,42004,Leakey city
48,TX,42016,Leander city
48,TX,42028,Leary city
48,TX,42148,Lefors town
48,TX,42244,Lelia Lake CDP
48,TX,42256,Leming CDP
48,TX,42340,Leona city
48,TX,42352,Leonard city
48,TX,42388,Leon Valley city
48,TX,42400,Leroy city
48,TX,42448,Levelland city
48,TX,42508,Lewisville city
48,TX,42532,Lexington town
48,TX,42568,Liberty city
48,TX,42616,Liberty City CDP
48,TX,42664,Liberty Hill city
48,TX,42820,Lindale city
48,TX,42844,Linden city
48,TX,42868,Lindsay city
48,TX,42874,Lindsay CDP
48,TX,42880,Lingleville CDP
48,TX,42916,Linn CDP
48,TX,42940,Lipan city
48,TX,42952,Lipscomb CDP
48,TX,43000,Little Cypress CDP
48,TX,43012,Little Elm city
48,TX,43024,Littlefield city
48,TX,43066,Little River-Academy city
48,TX,43096,Live Oak city
48,TX,43120,Liverpool city
48,TX,43132,Livingston town
48,TX,43144,Llano city
48,TX,43150,Llano Grande CDP
48,TX,43216,Lockett CDP
48,TX,43240,Lockhart city
48,TX,43252,Lockney town
48,TX,43354,Log Cabin city
48,TX,43432,Lolita CDP
48,TX,43458,Loma Grande CDP
48,TX,43460,Loma Linda CDP
48,TX,43462,Loma Linda East CDP (Jim Wells County)
48,TX,43463,Loma Linda East CDP (Starr County)
48,TX,43465,Loma Linda West CDP
48,TX,43474,Loma Vista CDP
48,TX,43516,Lometa city
48,TX,43636,Lone Oak city
48,TX,43684,Lone Star city
48,TX,43822,Longoria CDP
48,TX,43888,Longview city
48,TX,43948,Loop CDP
48,TX,43960,Lopeño CDP
48,TX,43972,Lopezville CDP
48,TX,43996,Loraine town
48,TX,44020,Lorena city
48,TX,44032,Lorenzo city
48,TX,44038,Los Altos CDP
48,TX,44044,Los Alvarez CDP
48,TX,44062,Los Angeles CDP
48,TX,44072,Los Arcos CDP
48,TX,44075,Los Arrieros CDP
48,TX,44076,Los Barreras CDP
48,TX,44077,Los Centenarios CDP
48,TX,44079,Los Corralitos CDP
48,TX,44104,Los Ebanos CDP (Hidalgo County)
48,TX,44110,Los Ebanos CDP (Starr County)
48,TX,44116,Los Fresnos city
48,TX,44120,Los Fresnos CDP
48,TX,44123,Los Huisaches CDP
48,TX,44128,Los Indios town
48,TX,44142,Los Lobos CDP
48,TX,44145,Los Minerales CDP
48,TX,44146,Los Nopalitos CDP
48,TX,44162,Lost Creek CDP
48,TX,44167,Los Veteranos I CDP
48,TX,44168,Los Veteranos II CDP
48,TX,44170,Los Ybanez city
48,TX,44176,Lott city
48,TX,44212,Louise CDP
48,TX,44260,Lovelady city
48,TX,44284,Loving CDP
48,TX,44308,Lowry Crossing city
48,TX,44344,Lozano CDP
48,TX,45000,Lubbock city
48,TX,45012,Lucas city
48,TX,45048,Lueders city
48,TX,45072,Lufkin city
48,TX,45096,Luling city
48,TX,45120,Lumberton city
48,TX,45228,Lyford city
48,TX,45276,Lyons CDP
48,TX,45288,Lytle city
48,TX,45324,Mabank town
48,TX,45384,McAllen city
48,TX,45432,McCamey city
48,TX,45444,McCaulley CDP
48,TX,45564,McDade CDP
48,TX,45576,Macdona CDP
48,TX,45672,McGregor city
48,TX,45744,McKinney city
48,TX,45750,McKinney Acres CDP
48,TX,45780,McLean town
48,TX,45804,McLendon-Chisholm city
48,TX,45816,McLeod CDP
48,TX,45948,McQueeney CDP
48,TX,45996,Madisonville city
48,TX,46056,Magnolia city
48,TX,46080,Magnolia Beach CDP
48,TX,46224,Malakoff city
48,TX,46260,Malone town
48,TX,46308,Manchaca CDP
48,TX,46440,Manor city
48,TX,46452,Mansfield city
48,TX,46492,Manuel Garcia CDP
48,TX,46494,Manuel Garcia II CDP
48,TX,46500,Manvel city
48,TX,46572,Marathon CDP
48,TX,46584,Marble Falls city
48,TX,46620,Marfa city
48,TX,46668,Marietta town
48,TX,46692,Marion city
48,TX,46716,Markham CDP
48,TX,46740,Marlin city
48,TX,46752,Marquez city
48,TX,46776,Marshall city
48,TX,46824,Mart city
48,TX,46848,Martindale city
48,TX,46854,Martinez CDP
48,TX,46968,Mason city
48,TX,47004,Matador town
48,TX,47016,Matagorda CDP
48,TX,47040,Mathis city
48,TX,47088,Maud city
48,TX,47100,Mauriceville CDP
48,TX,47172,May CDP
48,TX,47268,Maypearl city
48,TX,47316,Meadow town
48,TX,47330,Meadowlakes city
48,TX,47337,Meadows Place city
48,TX,47406,Medina CDP
48,TX,47460,Megargel town
48,TX,47496,Melissa city
48,TX,47568,Melvin town
48,TX,47616,Memphis city
48,TX,47628,Menard city
48,TX,47676,Mentone CDP
48,TX,47700,Mercedes city
48,TX,47760,Meridian city
48,TX,47796,Merkel town
48,TX,47820,Mertens town
48,TX,47832,Mertzon city
48,TX,47892,Mesquite city
48,TX,47898,Mesquite CDP
48,TX,47916,Mexia city
48,TX,47988,Miami city
48,TX,48048,Midfield CDP
48,TX,48072,Midland city
48,TX,48096,Midlothian city
48,TX,48180,Midway city
48,TX,48272,Midway North CDP
48,TX,48280,Midway South CDP
48,TX,48315,Miguel Barrera CDP
48,TX,48318,Mikes CDP
48,TX,48320,Mila Doce CDP
48,TX,48324,Milam CDP
48,TX,48336,Milano city
48,TX,48372,Mildred town
48,TX,48396,Miles city
48,TX,48408,Milford town
48,TX,48478,Miller's Cove town
48,TX,48564,Millsap town
48,TX,48648,Mineola city
48,TX,48684,Mineral Wells city
48,TX,48720,Mingus city
48,TX,48750,Mi Ranchito Estate CDP
48,TX,48756,Mirando City CDP
48,TX,48768,Mission city
48,TX,48772,Mission Bend CDP
48,TX,48804,Missouri City city
48,TX,48852,Mobeetie city
48,TX,48858,Mobile City city
48,TX,48936,Monahans city
48,TX,49032,Montague CDP
48,TX,49068,Mont Belvieu city
48,TX,49080,Monte Alto CDP
48,TX,49128,Montgomery city
48,TX,49200,Moody city
48,TX,49224,Moore CDP
48,TX,49272,Moore Station city
48,TX,49300,Moraida CDP
48,TX,49314,Morales-Sanchez CDP
48,TX,49320,Moran city
48,TX,49356,Morgan city
48,TX,49359,Morgan Farm CDP
48,TX,49380,Morgan's Point city
48,TX,49392,Morgan's Point Resort city
48,TX,49411,Morning Glory CDP
48,TX,49440,Morse CDP
48,TX,49464,Morton city
48,TX,49512,Mosheim CDP
48,TX,49560,Moulton town
48,TX,49572,Mound CDP
48,TX,49600,Mountain City city
48,TX,49692,Mount Calm city
48,TX,49728,Mount Enterprise city
48,TX,49800,Mount Pleasant city
48,TX,49860,Mount Vernon town
48,TX,49932,Muenster city
48,TX,49968,Muleshoe city
48,TX,49992,Mullin town
48,TX,50040,Munday city
48,TX,50058,Muniz CDP
48,TX,50076,Murchison city
48,TX,50092,Murillo CDP
48,TX,50100,Murphy city
48,TX,50184,Mustang town
48,TX,50200,Mustang Ridge city
48,TX,50220,Myra CDP
48,TX,50232,Myrtle Springs CDP
48,TX,50256,Nacogdoches city
48,TX,50268,Nada CDP
48,TX,50316,Naples city
48,TX,50322,Narciso Pena CDP
48,TX,50352,Nash city
48,TX,50376,Nassau Bay city
48,TX,50400,Natalia city
48,TX,50448,Navarro town
48,TX,50472,Navasota city
48,TX,50496,Nazareth city
48,TX,50544,Neches CDP
48,TX,50580,Nederland city
48,TX,50628,Needville city
48,TX,50724,Nesbitt town
48,TX,50742,Netos CDP
48,TX,50760,Nevada city
48,TX,50772,Newark city
48,TX,50796,New Berlin city
48,TX,50808,New Boston city
48,TX,50820,New Braunfels city
48,TX,50868,Newcastle city
48,TX,50876,New Chapel Hill city
48,TX,50916,New Deal town
48,TX,50920,New Fairview city
48,TX,50924,New Falcon CDP
48,TX,51012,New Home city
48,TX,51036,New Hope town
48,TX,51168,New London city
48,TX,51336,New Summerfield city
48,TX,51372,Newton city
48,TX,51384,New Ulm CDP
48,TX,51396,New Waverly city
48,TX,51444,Neylandville town
48,TX,51492,Niederwald city
48,TX,51552,Nina CDP
48,TX,51588,Nixon city
48,TX,51648,Nocona city
48,TX,51654,Nocona Hills CDP
48,TX,51708,Nolanville city
48,TX,51720,Nome city
48,TX,51756,Noonday city
48,TX,51792,Nordheim city
48,TX,51828,Normandy CDP
48,TX,51840,Normangee town
48,TX,51852,Normanna CDP
48,TX,51900,North Alamo CDP
48,TX,51984,North Cleveland city
48,TX,52068,North Escobares CDP
48,TX,52212,Northlake town
48,TX,52302,North Pearsall CDP
48,TX,52356,North Richland Hills city
48,TX,52404,North San Pedro CDP
48,TX,52668,Novice city
48,TX,52902,Oak Grove town
48,TX,52992,Oakhurst CDP
48,TX,53004,Oak Island CDP
48,TX,53115,Oak Leaf city
48,TX,53130,Oak Point city
48,TX,53154,Oak Ridge town (Cooke County)
48,TX,53160,Oak Ridge town (Kaufman County)
48,TX,53190,Oak Ridge North city
48,TX,53212,Oak Trail Shores CDP
48,TX,53217,Oak Valley town
48,TX,53232,Oakwood town
48,TX,53304,O'Brien city
48,TX,53376,Odem city
48,TX,53388,Odessa city
48,TX,53436,O'Donnell city
48,TX,53520,Oglesby city
48,TX,53556,Oilton CDP
48,TX,53616,Oklaunion CDP
48,TX,53824,Old River-Winfree city
48,TX,53934,Olivarez CDP
48,TX,53946,Olivia Lopez de Gutierrez CDP
48,TX,53964,Olmito CDP
48,TX,53970,Olmito and Olmito CDP
48,TX,53988,Olmos Park city
48,TX,54000,Olney city
48,TX,54012,Olton city
48,TX,54024,Omaha city
48,TX,54048,Onalaska city
48,TX,54075,Opdyke West town
48,TX,54132,Orange city
48,TX,54168,Orange Grove city
48,TX,54186,Orason CDP
48,TX,54192,Orchard city
48,TX,54216,Ore City city
48,TX,54432,Overton city
48,TX,54444,Ovilla city
48,TX,54509,Owl Ranch CDP
48,TX,54528,Oyster Creek city
48,TX,54552,Ozona CDP
48,TX,54558,Pablo Pena CDP
48,TX,54600,Paducah town
48,TX,54624,Paige CDP
48,TX,54636,Paint Rock town
48,TX,54666,Paisano Park CDP
48,TX,54684,Palacios city
48,TX,54708,Palestine city
48,TX,54726,Palisades village
48,TX,54744,Palmer town
48,TX,54748,Palmer CDP
48,TX,54780,Palmhurst city
48,TX,54798,Palm Valley city
48,TX,54804,Palmview city
48,TX,54810,Palmview South CDP
48,TX,54846,Palo Blanco CDP
48,TX,54868,Paloma Creek CDP
48,TX,54872,Paloma Creek South CDP
48,TX,54876,Palo Pinto CDP
48,TX,54912,Pampa city
48,TX,54960,Panhandle town
48,TX,55008,Panorama Village city
48,TX,55020,Pantego town
48,TX,55056,Paradise city
48,TX,55080,Paris city
48,TX,55152,Parker city
48,TX,56000,Pasadena city
48,TX,56108,Pattison city
48,TX,56156,Patton Village city
48,TX,56252,Pawnee CDP
48,TX,56276,Payne Springs town
48,TX,56348,Pearland city
48,TX,56384,Pearsall city
48,TX,56432,Peaster town
48,TX,56462,Pecan Acres CDP
48,TX,56468,Pecan Gap city
48,TX,56482,Pecan Grove CDP
48,TX,56485,Pecan Hill city
48,TX,56498,Pecan Plantation CDP
48,TX,56640,Pelican Bay city
48,TX,56644,Pena CDP
48,TX,56660,Pendleton CDP
48,TX,56672,Penelope town
48,TX,56696,Penitas city
48,TX,56804,Perezville CDP
48,TX,56864,Perrin CDP
48,TX,56912,Perryton city
48,TX,56996,Petersburg city
48,TX,57044,Petrolia city
48,TX,57056,Petronila city
48,TX,57116,Pettus CDP
48,TX,57128,Petty CDP
48,TX,57176,Pflugerville city
48,TX,57200,Pharr city
48,TX,57476,Pilot Point city
48,TX,57494,Pinebrook CDP
48,TX,57524,Pine Forest city
48,TX,57566,Pine Harbor CDP
48,TX,57596,Pinehurst CDP
48,TX,57608,Pinehurst city
48,TX,57615,Pine Island town
48,TX,57644,Pineland city
48,TX,57752,Pinewood Estates CDP
48,TX,57800,Piney Point Village city
48,TX,57908,Pittsburg city
48,TX,57932,Placedo CDP
48,TX,57968,Plains town
48,TX,57980,Plainview city
48,TX,58016,Plano city
48,TX,58040,Plantersville city
48,TX,58088,Pleak village
48,TX,58232,Pleasant Hill CDP
48,TX,58280,Pleasanton city
48,TX,58400,Pleasant Valley town
48,TX,58436,Plum CDP
48,TX,58448,Plum Grove city
48,TX,58502,Poetry town
48,TX,58532,Point city
48,TX,58556,Point Blank city
48,TX,58568,Point Comfort city
48,TX,58586,Point Venture village
48,TX,58664,Ponder town
48,TX,58808,Port Aransas city
48,TX,58820,Port Arthur city
48,TX,58850,Porter Heights CDP
48,TX,58892,Port Isabel city
48,TX,58904,Portland city
48,TX,58916,Port Lavaca city
48,TX,58928,Port Mansfield CDP
48,TX,58940,Port Neches city
48,TX,58952,Port O'Connor CDP
48,TX,59012,Post city
48,TX,59065,Post Oak Bend city
48,TX,59084,Poteet city
48,TX,59096,Poth town
48,TX,59108,Potosi CDP
48,TX,59132,Pottsboro town
48,TX,59156,Powderly CDP
48,TX,59168,Powell town
48,TX,59192,Poynor town
48,TX,59210,Prado Verde CDP
48,TX,59216,Praesel CDP
48,TX,59336,Prairie View city
48,TX,59384,Premont city
48,TX,59396,Presidio city
48,TX,59420,Preston CDP
48,TX,59528,Priddy CDP
48,TX,59540,Primera town
48,TX,59576,Princeton city
48,TX,59612,Proctor CDP
48,TX,59636,Progreso city
48,TX,59642,Progreso Lakes city
48,TX,59696,Prosper town
48,TX,59748,Providence Village town
48,TX,59794,Pueblo East CDP
48,TX,59798,Pueblo Nuevo CDP
48,TX,59984,Putnam town
48,TX,59996,Pyote town
48,TX,60020,Quail CDP
48,TX,60026,Quail Creek CDP
48,TX,60044,Quanah city
48,TX,60080,Queen City city
48,TX,60092,Quemado CDP
48,TX,60098,Quesada CDP
48,TX,60140,Quinlan city
48,TX,60164,Quintana town
48,TX,60176,Quitaque city
48,TX,60188,Quitman city
48,TX,60278,Radar Base CDP
48,TX,60290,Rafael Pena CDP
48,TX,60356,Ralls city
48,TX,60380,Ramireno CDP
48,TX,60408,Ramirez-Perez CDP
48,TX,60422,Ramos CDP
48,TX,60458,Ranchette Estates CDP
48,TX,60478,Ranchitos del Norte CDP
48,TX,60480,Ranchitos East CDP
48,TX,60482,Ranchitos Las Lomas CDP
48,TX,60518,Rancho Alegre CDP
48,TX,60529,Rancho Banquete CDP
48,TX,60534,Rancho Chico CDP
48,TX,60539,Ranchos Penitas West CDP
48,TX,60544,Rancho Viejo town
48,TX,60554,Rancho Viejo CDP
48,TX,60608,Randolph AFB CDP
48,TX,60632,Ranger city
48,TX,60644,Rangerville village
48,TX,60668,Rankin city
48,TX,60672,Ransom Canyon town
48,TX,60686,Ratamosa CDP
48,TX,60752,Ravenna city
48,TX,60836,Raymondville city
48,TX,60932,Realitos CDP
48,TX,61040,Redfield CDP
48,TX,61076,Redford CDP
48,TX,61124,Redland CDP
48,TX,61172,Red Lick city
48,TX,61196,Red Oak city
48,TX,61280,Red Rock CDP
48,TX,61340,Redwater city
48,TX,61352,Redwood CDP
48,TX,61436,Refugio town
48,TX,61454,Regino Ramirez CDP
48,TX,61466,Reid Hope King CDP
48,TX,61508,Reklaw city
48,TX,61532,Relampago CDP
48,TX,61568,Rendon CDP
48,TX,61592,Reno city (Lamar County)
48,TX,61604,Reno city (Parker and Tarrant Counties)
48,TX,61616,Retreat town
48,TX,61700,Rhome city
48,TX,61724,Ricardo CDP
48,TX,61736,Rice city
48,TX,61766,Rice Tracts CDP
48,TX,61784,Richards CDP
48,TX,61796,Richardson city
48,TX,61820,Richland town
48,TX,61844,Richland Hills city
48,TX,61880,Richland Springs town
48,TX,61892,Richmond city
48,TX,61904,Richwood city
48,TX,62108,Riesel city
48,TX,62132,Ringgold CDP
48,TX,62138,Rio Bravo city
48,TX,62168,Rio Grande City city
48,TX,62180,Rio Hondo city
48,TX,62240,Rio Vista city
48,TX,62252,Rising Star town
48,TX,62318,Rivereno CDP
48,TX,62384,River Oaks city
48,TX,62408,Riverside city
48,TX,62468,Riviera CDP
48,TX,62486,Road Runner town
48,TX,62504,Roanoke city
48,TX,62528,Roaring Springs town
48,TX,62564,Robert Lee city
48,TX,62588,Robinson city
48,TX,62600,Robstown city
48,TX,62612,Roby city
48,TX,62624,Rochelle CDP
48,TX,62636,Rochester town
48,TX,62672,Rockdale city
48,TX,62732,Rock Island CDP
48,TX,62804,Rockport city
48,TX,62816,Rocksprings town
48,TX,62828,Rockwall city
48,TX,62834,Rockwell Place CDP
48,TX,62870,Rocky Mound town
48,TX,62924,Rogers town
48,TX,63008,Rollingwood city
48,TX,63020,Roma city
48,TX,63044,Roman Forest city
48,TX,63140,Ropesville city
48,TX,63164,Rosanky CDP
48,TX,63176,Roscoe city
48,TX,63188,Rosebud city
48,TX,63200,Rose City city
48,TX,63272,Rose Hill Acres city
48,TX,63284,Rosenberg city
48,TX,63332,Rosharon CDP
48,TX,63350,Rosita CDP
48,TX,63380,Ross city
48,TX,63404,Rosser village
48,TX,63464,Rotan city
48,TX,63476,Round Mountain town
48,TX,63500,Round Rock city
48,TX,63524,Round Top town
48,TX,63560,Rowena CDP
48,TX,63572,Rowlett city
48,TX,63584,Roxton city
48,TX,63668,Royse City city
48,TX,63752,Rule town
48,TX,63782,Runaway Bay city
48,TX,63788,Runge town
48,TX,63848,Rusk city
48,TX,64004,Sabinal city
48,TX,64064,Sachse city
48,TX,64088,Sadler city
48,TX,64112,Saginaw city
48,TX,64172,St. Hedwig town
48,TX,64184,St. Jo city
48,TX,64220,St. Paul town
48,TX,64244,St. Paul CDP
48,TX,64268,Salado village
48,TX,64307,Salida del Sol Estates CDP
48,TX,64316,Salineño CDP
48,TX,64322,Salineño North CDP
48,TX,64442,Sammy Martinez CDP
48,TX,64448,Samnorwood CDP
48,TX,64460,Sam Rayburn CDP
48,TX,64472,San Angelo city
48,TX,65000,San Antonio city
48,TX,65024,San Augustine city
48,TX,65036,San Benito city
48,TX,65048,San Carlos CDP
48,TX,65049,San Carlos I CDP
48,TX,65050,San Carlos II CDP
48,TX,65066,Sanctuary town
48,TX,65084,Sanderson CDP
48,TX,65168,Sandia CDP
48,TX,65180,San Diego city
48,TX,65210,Sandoval CDP
48,TX,65240,Sand Springs CDP
48,TX,65342,Sandy Hollow-Escondidas CDP
48,TX,65344,Sandy Oaks city
48,TX,65345,Sandy Point city
48,TX,65360,San Elizario city
48,TX,65372,San Felipe town
48,TX,65378,San Fernando CDP
48,TX,65384,Sanford town
48,TX,65408,Sanger city
48,TX,65432,San Isidro CDP
48,TX,65516,San Juan city
48,TX,65532,San Juan CDP
48,TX,65552,San Leanna village
48,TX,65564,San Leon CDP
48,TX,65600,San Marcos city
48,TX,65612,San Patricio city
48,TX,65620,San Pedro CDP
48,TX,65636,San Perlita city
48,TX,65648,San Saba city
48,TX,65660,Sansom Park city
48,TX,65672,Santa Anna town
48,TX,65678,Santa Anna CDP
48,TX,65690,Santa Clara city
48,TX,65708,Santa Cruz CDP
48,TX,65726,Santa Fe city
48,TX,65744,Santa Maria CDP
48,TX,65756,Santa Monica CDP
48,TX,65762,Santa Rita Ranch CDP
48,TX,65768,Santa Rosa town
48,TX,65774,Santa Rosa CDP
48,TX,65777,Santel CDP
48,TX,65780,Santo CDP
48,TX,65792,San Ygnacio CDP
48,TX,65864,Sargent CDP
48,TX,65876,Sarita CDP
48,TX,66000,Savannah CDP
48,TX,66008,Savoy city
48,TX,66089,Scenic Oaks CDP
48,TX,66128,Schertz city
48,TX,66188,Schulenburg city
48,TX,66248,Scissors CDP
48,TX,66284,Scotland city
48,TX,66332,Scottsville city
48,TX,66368,Scurry town
48,TX,66392,Seabrook city
48,TX,66416,Seadrift city
48,TX,66428,Seagoville city
48,TX,66440,Seagraves city
48,TX,66464,Sealy city
48,TX,66512,Sebastian CDP
48,TX,66536,Seco Mines CDP
48,TX,66644,Seguin city
48,TX,66686,Seis Lagos CDP
48,TX,66704,Selma city
48,TX,66764,Seminole city
48,TX,66806,Serenada CDP
48,TX,66848,Seth Ward CDP
48,TX,66884,Seven Oaks city
48,TX,66908,Seven Points city
48,TX,66968,Seymour city
48,TX,67010,Shadybrook CDP
48,TX,67082,Shady Hollow CDP
48,TX,67100,Shady Shores town
48,TX,67136,Shallowater city
48,TX,67160,Shamrock city
48,TX,67268,Shavano Park city
48,TX,67340,Sheffield CDP
48,TX,67364,Shelbyville CDP
48,TX,67376,Sheldon CDP
48,TX,67400,Shenandoah city
48,TX,67424,Shepherd city
48,TX,67472,Sheridan CDP
48,TX,67496,Sherman city
48,TX,67554,Sherwood Shores CDP
48,TX,67640,Shiner city
48,TX,67664,Shiro CDP
48,TX,67688,Shoreacres city
48,TX,67763,Sienna CDP
48,TX,67772,Sierra Blanca CDP
48,TX,67775,Siesta Acres CDP
48,TX,67778,Siesta Shores CDP
48,TX,67832,Silsbee city
48,TX,67904,Silverton city
48,TX,67964,Simonton city
48,TX,68036,Sinton city
48,TX,68120,Skellytown town
48,TX,68132,Skidmore CDP
48,TX,68180,Slaton city
48,TX,68300,Smiley city
48,TX,68456,Smithville city
48,TX,68504,Smyer town
48,TX,68576,Snook city
48,TX,68624,Snyder city
48,TX,68636,Socorro city
48,TX,68678,Solis CDP
48,TX,68708,Somerset city
48,TX,68720,Somerville city
48,TX,68756,Sonora city
48,TX,68762,Sonterra CDP
48,TX,68828,Sour Lake city
48,TX,68846,South Alamo CDP
48,TX,68966,South Fork Estates CDP
48,TX,68978,South Frydek city
48,TX,69020,South Houston city
48,TX,69032,Southlake city
48,TX,69072,South La Paloma CDP
48,TX,69104,Southmayd city
48,TX,69120,South Mountain town
48,TX,69140,South Padre Island town
48,TX,69194,South Point CDP
48,TX,69272,Southside Place city
48,TX,69326,South Toledo Bend CDP
48,TX,69353,Southwest Sandhill CDP
48,TX,69380,Spade CDP
48,TX,69432,Sparks CDP
48,TX,69476,Spearman city
48,TX,69548,Splendora city
48,TX,69560,Spofford city
48,TX,69596,Spring CDP
48,TX,69608,Spring Branch city
48,TX,69708,Spring Gardens CDP
48,TX,69764,Springlake town
48,TX,69800,Springtown city
48,TX,69830,Spring Valley Village city
48,TX,69848,Spur city
48,TX,69908,Stafford city
48,TX,69932,Stagecoach town
48,TX,69980,Stamford city
48,TX,70040,Stanton city
48,TX,70052,Staples city
48,TX,70076,Star Harbor city
48,TX,70154,Steiner Ranch CDP
48,TX,70208,Stephenville city
48,TX,70232,Sterling City city
48,TX,70340,Stinnett city
48,TX,70376,Stockdale city
48,TX,70406,Stockton Bend city
48,TX,70460,Stonewall CDP
48,TX,70520,Stowell CDP
48,TX,70544,Stratford city
48,TX,70580,Strawn city
48,TX,70604,Streetman town
48,TX,70688,Study Butte CDP
48,TX,70772,Sudan city
48,TX,70808,Sugar Land city
48,TX,70868,Sullivan City city
48,TX,70904,Sulphur Springs city
48,TX,70940,Summerfield CDP
48,TX,71060,Sundown city
48,TX,71156,Sunnyvale town
48,TX,71180,Sunray city
48,TX,71228,Sunrise Beach Village city
48,TX,71236,Sunrise Shores CDP
48,TX,71264,Sunset CDP (Montague County)
48,TX,71274,Sunset CDP (Starr County)
48,TX,71289,Sunset Acres CDP
48,TX,71324,Sunset Valley city
48,TX,71356,Sun Valley city
48,TX,71384,Surfside Beach city
48,TX,71492,Sweeny city
48,TX,71540,Sweetwater city
48,TX,71636,Sylvester CDP
48,TX,71684,Taft city
48,TX,71696,Taft Southwest CDP
48,TX,71708,Tahoka city
48,TX,71732,Talco city
48,TX,71756,Talty town
48,TX,71820,Tanquecitos South Acres CDP
48,TX,71824,Tanquecitos South Acres II CDP
48,TX,71924,Tatum city
48,TX,71948,Taylor city
48,TX,71960,Taylor Lake Village city
48,TX,71966,Taylor Landing city
48,TX,72020,Teague city
48,TX,72080,Tehuacana town
48,TX,72176,Temple city
48,TX,72188,Tenaha town
48,TX,72248,Terlingua CDP
48,TX,72284,Terrell city
48,TX,72296,Terrell Hills city
48,TX,72368,Texarkana city
48,TX,72392,Texas City city
48,TX,72464,Texhoma city
48,TX,72476,Texline town
48,TX,72530,The Colony city
48,TX,72578,The Hills village
48,TX,72581,The Homesteads CDP
48,TX,72656,The Woodlands CDP
48,TX,72740,Thompsons town
48,TX,72758,Thompsonville CDP
48,TX,72776,Thorndale city
48,TX,72788,Thornton town
48,TX,72800,Thorntonville town
48,TX,72824,Thrall city
48,TX,72872,Three Rivers city
48,TX,72896,Throckmorton town
48,TX,72902,Thunderbird Bay CDP
48,TX,72948,Tierra Bonita CDP
48,TX,72950,Tierra Dorada CDP
48,TX,72952,Tierra Grande CDP
48,TX,72954,Tierra Verde CDP
48,TX,72989,Tiki Island village
48,TX,72992,Tilden CDP
48,TX,73030,Timbercreek Canyon village
48,TX,73057,Timberwood Park CDP
48,TX,73076,Timpson city
48,TX,73112,Tioga town
48,TX,73124,Tira town
48,TX,73148,Tivoli CDP
48,TX,73196,Toco city
48,TX,73224,Todd Mission city
48,TX,73268,Tolar city
48,TX,73316,Tomball city
48,TX,73328,Tom Bean city
48,TX,73352,Tool city
48,TX,73376,Tornillo CDP
48,TX,73424,Tow CDP
48,TX,73493,Town of Pecos city
48,TX,73496,Toyah town
48,TX,73526,Tradewinds CDP
48,TX,73562,Travis Ranch CDP
48,TX,73580,Trent town
48,TX,73592,Trenton city
48,TX,73652,Trinidad city
48,TX,73664,Trinity city
48,TX,73710,Trophy Club town
48,TX,73724,Troup city
48,TX,73748,Troy city
48,TX,73856,Tuleta CDP
48,TX,73868,Tulia city
48,TX,73904,Tulsita CDP
48,TX,73928,Tunis CDP
48,TX,73964,Turkey city
48,TX,74048,Tuscola city
48,TX,74132,Tye city
48,TX,74144,Tyler city
48,TX,74168,Tynan CDP
48,TX,74216,Uhland city
48,TX,74228,Umbarger CDP
48,TX,74240,Uncertain city
48,TX,74312,Union Grove city
48,TX,74372,Union Valley city
48,TX,74408,Universal City city
48,TX,74492,University Park city
48,TX,74576,Utopia CDP
48,TX,74588,Uvalde city
48,TX,74594,Uvalde Estates CDP
48,TX,74648,Valentine town
48,TX,74660,Valera CDP
48,TX,74667,Valle Hermoso CDP
48,TX,74668,Valle Verde CDP
48,TX,74670,Valle Vista CDP
48,TX,74732,Valley Mills city
48,TX,74756,Valley View city
48,TX,74895,Val Verde Park CDP
48,TX,74912,Van city
48,TX,74924,Van Alstyne city
48,TX,74984,Vanderbilt CDP
48,TX,75032,Van Horn town
48,TX,75068,Van Vleck CDP
48,TX,75188,Vega city
48,TX,75236,Venus town
48,TX,75308,Vernon city
48,TX,75428,Victoria city
48,TX,75432,Victoria Vera CDP
48,TX,75476,Vidor city
48,TX,75554,Villa del Sol CDP
48,TX,75614,Villa Pancho CDP
48,TX,75617,Villarreal CDP
48,TX,75626,Villa Verde CDP
48,TX,75668,Vinton village
48,TX,75752,Volente village
48,TX,75764,Von Ormy city
48,TX,76000,Waco city
48,TX,76012,Wadsworth CDP
48,TX,76024,Waelder city
48,TX,76048,Waka CDP
48,TX,76096,Wake Village city
48,TX,76228,Waller city
48,TX,76240,Wallis city
48,TX,76348,Walnut Springs city
48,TX,76564,Warren CDP
48,TX,76576,Warren City city
48,TX,76612,Washburn CDP
48,TX,76636,Waskom city
48,TX,76672,Watauga city
48,TX,76816,Waxahachie city
48,TX,76864,Weatherford city
48,TX,76924,Webberville village
48,TX,76948,Webster city
48,TX,77020,Weimar city
48,TX,77044,Weinert city
48,TX,77056,Weir city
48,TX,77080,Welch CDP
48,TX,77152,Wellington city
48,TX,77164,Wellman city
48,TX,77176,Wells town
48,TX,77196,Wells Branch CDP
48,TX,77272,Weslaco city
48,TX,77332,West city
48,TX,77336,West Alto Bonito CDP
48,TX,77380,Westbrook city
48,TX,77416,West Columbia city
48,TX,77422,Westdale CDP
48,TX,77490,Western Lake CDP
48,TX,77620,Westlake town
48,TX,77632,West Lake Hills city
48,TX,77662,West Livingston CDP
48,TX,77680,Westminster CDP
48,TX,77728,West Odessa CDP
48,TX,77740,Weston city
48,TX,77746,Weston Lakes city
48,TX,77752,West Orange city
48,TX,77788,Westover Hills town
48,TX,77866,West Sharyland CDP
48,TX,77896,West Tawakoni city
48,TX,77956,West University Place city
48,TX,78016,Westway CDP
48,TX,78040,Westwood Shores CDP
48,TX,78076,Westworth Village city
48,TX,78136,Wharton city
48,TX,78208,Wheeler city
48,TX,78316,White Deer town
48,TX,78328,Whiteface town
48,TX,78388,Whitehouse city
48,TX,78436,White Oak city
48,TX,78532,Whitesboro city
48,TX,78544,White Settlement city
48,TX,78628,Whitewright town
48,TX,78640,Whitharral CDP
48,TX,78664,Whitney town
48,TX,79000,Wichita Falls city
48,TX,79036,Wickett town
48,TX,79180,Wildorado CDP
48,TX,79192,Wild Peach Village CDP
48,TX,79204,Wildwood CDP
48,TX,79408,Willis city
48,TX,79456,Willow Grove CDP
48,TX,79492,Willow Park city
48,TX,79564,Wills Point city
48,TX,79576,Wilmer city
48,TX,79612,Wilson city
48,TX,79624,Wimberley city
48,TX,79672,Windcrest city
48,TX,79684,Windom town
48,TX,79696,Windthorst town
48,TX,79720,Winfield city
48,TX,79756,Wingate CDP
48,TX,79768,Wink city
48,TX,79792,Winnie CDP
48,TX,79816,Winnsboro city
48,TX,79828,Winona town
48,TX,79876,Winters city
48,TX,79919,Wixon Valley city
48,TX,79948,Wolfe City city
48,TX,79972,Wolfforth city
48,TX,80044,Woodbranch city
48,TX,80058,Woodcreek city
48,TX,80144,Woodloch town
48,TX,80176,Woodsboro town
48,TX,80188,Woodson town
48,TX,80212,Woodville town
48,TX,80224,Woodway city
48,TX,80296,Wortham town
48,TX,80350,Wyldwood CDP
48,TX,80356,Wylie city
48,TX,80428,Yancey CDP
48,TX,80440,Yantis town
48,TX,80560,Yoakum city
48,TX,80584,Yorktown city
48,TX,80686,Yznaga CDP
48,TX,80716,Zapata CDP
48,TX,80722,Zapata Ranch CDP
48,TX,80724,Zarate CDP
48,TX,80728,Zavalla city
48,TX,80740,Zephyr CDP
48,TX,80836,Zuehl CDP
49,UT,00540,Alpine city
49,UT,00650,Alta town
49,UT,00760,Altamont town
49,UT,00870,Alton town
49,UT,01090,Amalga town
49,UT,01310,American Fork city
49,UT,01530,Aneth CDP
49,UT,01750,Annabella town
49,UT,01860,Antimony town
49,UT,01905,Apple Valley town
49,UT,02740,Aurora city
49,UT,02960,Avon CDP
49,UT,03345,Ballard town
49,UT,03950,Bear River City city
49,UT,04060,Beaver city
49,UT,04720,Benjamin CDP
49,UT,05050,Benson CDP
49,UT,05380,Beryl Junction CDP
49,UT,05490,Bicknell town
49,UT,05534,Big Water town
49,UT,06370,Blanding city
49,UT,06590,Bluebell CDP
49,UT,06700,Bluff town
49,UT,06810,Bluffdale city
49,UT,06920,Bonanza CDP
49,UT,07470,Boulder town
49,UT,07690,Bountiful city
49,UT,08020,Brian Head town
49,UT,08460,Brigham City city
49,UT,08570,Brighton town
49,UT,08787,Bryce Canyon City town
49,UT,09725,Cache CDP
49,UT,10330,Cannonville town
49,UT,10440,Carbonville CDP
49,UT,10660,Castle Dale city
49,UT,11000,Castle Valley town
49,UT,11320,Cedar City city
49,UT,11430,Cedar Fort town
49,UT,11435,Cedar Highlands CDP
49,UT,11440,Cedar Hills city
49,UT,11870,Centerfield town
49,UT,11980,Centerville city
49,UT,12200,Central CDP
49,UT,12260,Central Valley town
49,UT,12420,Charleston town
49,UT,12970,Circleville town
49,UT,13190,Clarkston town
49,UT,13300,Clawson town
49,UT,13740,Clear Creek CDP
49,UT,13850,Clearfield city
49,UT,14070,Cleveland town
49,UT,14290,Clinton city
49,UT,14840,Coalville city
49,UT,15720,Copperton metro township
49,UT,15830,Corinne city
49,UT,15940,Cornish town
49,UT,16270,Cottonwood Heights city
49,UT,16490,Cove CDP
49,UT,18090,Dammeron Valley CDP
49,UT,18140,Daniel town
49,UT,18910,Delta city
49,UT,19020,Deseret CDP
49,UT,19680,Deweyville town
49,UT,20120,Draper city
49,UT,20340,Duchesne city
49,UT,20450,Dugway CDP
49,UT,20780,Dutch John town
49,UT,20810,Eagle Mountain city
49,UT,20850,East Basin CDP
49,UT,20890,East Carbon city
49,UT,21880,Echo CDP
49,UT,21990,Eden CDP
49,UT,22210,Elberta CDP
49,UT,22370,Elk Ridge city
49,UT,22540,Elmo town
49,UT,22650,Elsinore town
49,UT,22760,Elwood town
49,UT,22870,Emery town
49,UT,22875,Emigration Canyon metro township
49,UT,23200,Enoch city
49,UT,23310,Enterprise CDP
49,UT,23420,Enterprise city
49,UT,23530,Ephraim city
49,UT,23640,Erda city
49,UT,23750,Escalante city
49,UT,24080,Eureka city
49,UT,24410,Fairfield town
49,UT,24630,Fairview city
49,UT,24740,Farmington city
49,UT,24850,Farr West city
49,UT,25070,Fayette town
49,UT,25180,Ferron city
49,UT,25290,Fielding town
49,UT,25510,Fillmore city
49,UT,25910,Flaming Gorge CDP
49,UT,26610,Fort Duchesne CDP
49,UT,26720,Fountain Green city
49,UT,26940,Francis town
49,UT,27270,Fremont CDP
49,UT,27490,Fruit Heights city
49,UT,27902,Garden CDP
49,UT,27930,Garden City town
49,UT,28150,Garland city
49,UT,28810,Genola town
49,UT,29360,Glendale town
49,UT,29580,Glenwood town
49,UT,30130,Goshen town
49,UT,30900,Granite CDP
49,UT,31120,Grantsville city
49,UT,31670,Green River city
49,UT,32660,Gunnison city
49,UT,33002,Halchita CDP
49,UT,33027,Halls Crossing CDP
49,UT,33100,Hanksville town
49,UT,33540,Harrisville city
49,UT,33760,Hatch town
49,UT,34200,Heber city
49,UT,34530,Helper city
49,UT,34640,Henefer town
49,UT,34750,Henrieville town
49,UT,34970,Herriman city
49,UT,35120,Hideout town
49,UT,35190,Highland city
49,UT,35300,Hildale city
49,UT,35740,Hinckley town
49,UT,35823,Hobble Creek CDP
49,UT,35960,Holden town
49,UT,36070,Holladay city
49,UT,36290,Honeyville city
49,UT,36400,Hooper city
49,UT,36620,Howell town
49,UT,36730,Hoytsville CDP
49,UT,36950,Huntington city
49,UT,37060,Huntsville town
49,UT,37170,Hurricane city
49,UT,37390,Hyde Park city
49,UT,37500,Hyrum city
49,UT,37690,Independence town
49,UT,37924,Interlaken town
49,UT,38710,Ivins city
49,UT,39040,Jensen CDP
49,UT,39370,Joseph town
49,UT,39590,Junction town
49,UT,39810,Kamas city
49,UT,39920,Kanab city
49,UT,40030,Kanarraville town
49,UT,40250,Kanosh town
49,UT,40360,Kaysville city
49,UT,40470,Kearns metro township
49,UT,41020,Kenilworth CDP
49,UT,41350,Kingston town
49,UT,41680,Koosharem town
49,UT,42010,Lake Point city
49,UT,42230,Lake Shore CDP
49,UT,42560,Laketown town
49,UT,42890,Lapoint CDP
49,UT,43110,La Sal CDP
49,UT,43440,La Verkin city
49,UT,43660,Layton city
49,UT,43880,Leamington town
49,UT,44100,Leeds town
49,UT,44320,Lehi city
49,UT,44650,Levan town
49,UT,44760,Lewiston city
49,UT,44870,Liberty CDP
49,UT,45090,Lindon city
49,UT,45530,Loa town
49,UT,45860,Logan city
49,UT,46410,Lyman town
49,UT,46740,Lynndyl town
49,UT,47180,Maeser CDP
49,UT,47290,Magna metro township
49,UT,47620,Manila town
49,UT,47730,Manti city
49,UT,47840,Mantua town
49,UT,47950,Mapleton city
49,UT,48170,Marion CDP
49,UT,48300,Marriott-Slaterville city
49,UT,48610,Marysvale town
49,UT,48720,Mayfield town
49,UT,48830,Meadow town
49,UT,49160,Mendon city
49,UT,49380,Mexican Hat CDP
49,UT,49710,Midvale city
49,UT,49820,Midway city
49,UT,50040,Milford city
49,UT,50150,Millcreek city
49,UT,50370,Millville city
49,UT,50590,Minersville town
49,UT,50700,Moab city
49,UT,50810,Modena CDP
49,UT,51140,Mona city
49,UT,51360,Monroe city
49,UT,51470,Montezuma Creek CDP
49,UT,51580,Monticello city
49,UT,51910,Morgan city
49,UT,52130,Moroni city
49,UT,52460,Mountain Green CDP
49,UT,53010,Mount Pleasant city
49,UT,53230,Murray city
49,UT,53340,Myton city
49,UT,53560,Naples city
49,UT,53890,Navajo Mountain CDP
49,UT,54110,Neola CDP
49,UT,54220,Nephi city
49,UT,54330,Newcastle CDP
49,UT,54440,New Harmony town
49,UT,54550,Newton town
49,UT,54660,Nibley city
49,UT,54990,North Logan city
49,UT,55100,North Ogden city
49,UT,55210,North Salt Lake city
49,UT,55430,Oak City town
49,UT,55650,Oakley city
49,UT,55760,Oasis CDP
49,UT,55980,Ogden city
49,UT,56440,Oljato-Monument Valley CDP
49,UT,56750,Ophir CDP
49,UT,56860,Orangeville city
49,UT,57080,Orderville town
49,UT,57300,Orem city
49,UT,57630,Palmyra CDP
49,UT,57740,Panguitch city
49,UT,57850,Paradise town
49,UT,57960,Paragonah town
49,UT,58070,Park City city
49,UT,58510,Parowan city
49,UT,58730,Payson city
49,UT,59280,Peoa CDP
49,UT,59390,Perry city
49,UT,59555,Peter CDP
49,UT,60270,Pine Valley CDP
49,UT,60710,Plain City city
49,UT,60930,Pleasant Grove city
49,UT,61150,Pleasant View city
49,UT,61260,Plymouth town
49,UT,61590,Portage town
49,UT,62030,Price city
49,UT,62360,Providence city
49,UT,62470,Provo city
49,UT,62910,Randlett CDP
49,UT,63020,Randolph town
49,UT,63240,Redmond town
49,UT,63570,Richfield city
49,UT,63680,Richmond city
49,UT,64010,Riverdale city
49,UT,64120,River Heights city
49,UT,64230,Riverside CDP
49,UT,64340,Riverton city
49,UT,64560,Rockville town
49,UT,64590,Rocky Ridge town
49,UT,64670,Roosevelt city
49,UT,65110,Roy city
49,UT,65240,Rush Valley town
49,UT,65330,St. George city
49,UT,65770,Salem city
49,UT,65880,Salina city
49,UT,67000,Salt Lake City city
49,UT,67400,Samak CDP
49,UT,67440,Sandy city
49,UT,67660,Santa Clara city
49,UT,67770,Santaquin city
49,UT,67825,Saratoga Springs city
49,UT,67880,Scipio town
49,UT,67990,Scofield town
49,UT,68650,Sigurd town
49,UT,69280,Silver Summit CDP
49,UT,69640,Smithfield city
49,UT,69970,Snowville town
49,UT,70190,Snyderville CDP
49,UT,70850,South Jordan city
49,UT,70960,South Ogden city
49,UT,71070,South Salt Lake city
49,UT,71180,South Weber city
49,UT,71255,South Willard CDP
49,UT,71290,Spanish Fork city
49,UT,71455,Spanish Valley CDP
49,UT,71730,Spring City city
49,UT,71840,Springdale town
49,UT,72060,Spring Glen CDP
49,UT,72170,Spring Lake CDP
49,UT,72280,Springville city
49,UT,72720,Stansbury Park CDP
49,UT,72940,Sterling town
49,UT,73050,Stockton town
49,UT,74040,Summit CDP
49,UT,74095,Summit Park CDP
49,UT,74260,Sundance CDP
49,UT,74480,Sunset city
49,UT,74590,Sutherland CDP
49,UT,74810,Syracuse city
49,UT,74920,Tabiona town
49,UT,75360,Taylorsville city
49,UT,75470,Teasdale CDP
49,UT,75800,Thatcher CDP
49,UT,76180,Thompson Springs CDP
49,UT,76280,Timber Lakes CDP
49,UT,76680,Tooele city
49,UT,76900,Toquerville city
49,UT,77010,Torrey town
49,UT,77120,Tremonton city
49,UT,77230,Trenton town
49,UT,77560,Tropic town
49,UT,77697,Tselakai Dezza CDP
49,UT,77890,Uintah town
49,UT,80090,Vernal city
49,UT,80200,Vernon town
49,UT,80310,Veyo CDP
49,UT,80420,Vineyard town
49,UT,80530,Virgin town
49,UT,80860,Wales town
49,UT,80970,Wallsburg town
49,UT,81190,Wanship CDP
49,UT,81960,Washington city
49,UT,82070,Washington Terrace city
49,UT,82510,Wellington city
49,UT,82620,Wellsville city
49,UT,82730,Wendover city
49,UT,82840,West Bountiful city
49,UT,82930,West Haven city
49,UT,82950,West Jordan city
49,UT,83252,West Mountain CDP
49,UT,83390,West Point city
49,UT,83470,West Valley City city
49,UT,83730,West Wood CDP
49,UT,84050,White City metro township
49,UT,84095,White Mesa CDP
49,UT,84160,Whiterocks CDP
49,UT,84710,Willard city
49,UT,84950,Wolf Creek CDP
49,UT,85040,Woodland CDP
49,UT,85050,Woodland Hills city
49,UT,85260,Woodruff town
49,UT,85370,Woods Cross city
50,VT,00400,Albany village
50,VT,00850,Alburgh village
50,VT,01035,Algiers CDP
50,VT,01375,Arlington CDP
50,VT,01750,Ascutney CDP
50,VT,02425,Bakersfield CDP
50,VT,02800,Barnet CDP
50,VT,03175,Barre city
50,VT,03475,Barton village
50,VT,04150,Beecher Falls CDP
50,VT,04225,Bellows Falls village
50,VT,04750,Bennington CDP
50,VT,05125,Benson CDP
50,VT,05725,Bethel CDP
50,VT,06475,Bolton CDP
50,VT,06700,Bolton Valley CDP
50,VT,07225,Bradford CDP
50,VT,07675,Brandon CDP
50,VT,07975,Brattleboro CDP
50,VT,08950,Bristol CDP
50,VT,10675,Burlington city
50,VT,11050,Cabot CDP
50,VT,11425,Cambridge village
50,VT,11725,Canaan CDP
50,VT,11875,Castleton CDP
50,VT,12062,Castleton Four Corners CDP
50,VT,12175,Cavendish CDP
50,VT,13450,Chelsea CDP
50,VT,13600,Chester CDP
50,VT,13860,Chimney Hill CDP
50,VT,14275,Chittenden CDP
50,VT,15175,Concord CDP
50,VT,16075,Coventry CDP
50,VT,16750,Danby CDP
50,VT,17050,Danville CDP
50,VT,17425,Derby Center village
50,VT,17500,Derby Line village
50,VT,17650,Dorset CDP
50,VT,19075,East Barre CDP
50,VT,19600,East Burke CDP
50,VT,19975,East Charlotte CDP
50,VT,20350,East Dorset CDP
50,VT,21700,East Middlebury CDP
50,VT,21850,East Montpelier CDP
50,VT,22300,East Poultney CDP
50,VT,24025,Enosburg Falls village
50,VT,24400,Essex Junction city
50,VT,24850,Fairfax CDP
50,VT,25450,Fair Haven CDP
50,VT,25600,Fairlee CDP
50,VT,27925,Gilman CDP
50,VT,28000,Glover CDP
50,VT,28825,Grafton CDP
50,VT,29425,Graniteville CDP
50,VT,30100,Greensboro CDP
50,VT,30325,Greensboro Bend CDP
50,VT,30475,Groton CDP
50,VT,31600,Hanksville CDP
50,VT,31750,Hardwick CDP
50,VT,32050,Harmonyville CDP
50,VT,32205,Hartford Village CDP
50,VT,32350,Hartland CDP
50,VT,33175,Highgate Center CDP
50,VT,33325,Highgate Springs CDP
50,VT,33400,Hinesburg CDP
50,VT,34525,Huntington CDP
50,VT,34675,Huntington Center CDP
50,VT,34975,Hyde Park village
50,VT,35500,Irasburg CDP
50,VT,35725,Island Pond CDP
50,VT,36025,Jacksonville village
50,VT,36100,Jamaica CDP
50,VT,36475,Jeffersonville village
50,VT,36625,Jericho village
50,VT,37000,Johnson village
50,VT,37750,Killington Village CDP
50,VT,40000,Lincoln CDP
50,VT,40150,Londonderry CDP
50,VT,40450,Lowell CDP
50,VT,41200,Ludlow village
50,VT,41350,Lunenburg CDP
50,VT,41650,Lyndon CDP
50,VT,41800,Lyndon Center CDP
50,VT,41950,Lyndonville village
50,VT,42700,Manchester village
50,VT,42925,Manchester Center CDP
50,VT,43525,Marshfield village
50,VT,44275,Middlebury CDP
50,VT,44725,Middletown Springs CDP
50,VT,45175,Milton CDP
50,VT,46000,Montpelier city
50,VT,46825,Morrisville village
50,VT,48100,Newbury village
50,VT,48325,Newfane village
50,VT,48550,New Haven CDP
50,VT,48850,Newport city
50,VT,49000,Newport Center CDP
50,VT,49075,North Bennington village
50,VT,49450,North Clarendon CDP
50,VT,50200,Northfield CDP
50,VT,50500,North Hartland CDP
50,VT,50725,North Hyde Park CDP
50,VT,51325,North Pownal CDP
50,VT,51925,North Springfield CDP
50,VT,52075,North Troy village
50,VT,52375,North Westminster CDP
50,VT,52825,Norwich CDP
50,VT,53125,Old Bennington village
50,VT,53575,Orleans village
50,VT,54175,Pawlet CDP
50,VT,54325,Peacham CDP
50,VT,55525,Pittsford CDP
50,VT,55750,Plainfield CDP
50,VT,56800,Poultney village
50,VT,56950,Pownal CDP
50,VT,57100,Pownal Center CDP
50,VT,57246,Proctor CDP
50,VT,57400,Proctorsville CDP
50,VT,57625,Putney CDP
50,VT,57775,Quechee CDP
50,VT,58000,Randolph CDP
50,VT,58525,Readsboro CDP
50,VT,59050,Richford CDP
50,VT,59200,Richmond CDP
50,VT,60025,Rochester CDP
50,VT,61225,Rutland city
50,VT,61675,St. Albans city
50,VT,62046,St. George CDP
50,VT,62125,St. Johnsbury CDP
50,VT,62950,Saxtons River village
50,VT,64000,Sheffield CDP
50,VT,64225,Shelburne CDP
50,VT,66025,South Barre CDP
50,VT,66175,South Burlington city
50,VT,66925,South Hero CDP
50,VT,67150,South Lincoln CDP
50,VT,67225,South Londonderry CDP
50,VT,68050,South Royalton CDP
50,VT,68200,South Shaftsbury CDP
50,VT,69250,South Woodstock CDP
50,VT,69475,Springfield CDP
50,VT,69700,Stamford CDP
50,VT,70450,Stowe CDP
50,VT,70825,Stratton Mountain CDP
50,VT,71500,Sutton CDP
50,VT,71650,Swanton village
50,VT,73225,Townshend CDP
50,VT,73450,Troy CDP
50,VT,74050,Underhill Center CDP
50,VT,74125,Underhill Flats CDP
50,VT,74650,Vergennes city
50,VT,75250,Waitsfield CDP
50,VT,75850,Wallingford CDP
50,VT,76150,Wardsboro CDP
50,VT,76900,Waterbury CDP
50,VT,77050,Waterbury Center CDP
50,VT,77800,Websterville CDP
50,VT,77875,Wells CDP
50,VT,78025,Wells River village
50,VT,78850,West Brattleboro CDP
50,VT,79150,West Burke village
50,VT,79335,West Charlotte CDP
50,VT,79750,West Dummerston CDP
50,VT,80275,Westford CDP
50,VT,81325,Westminster village
50,VT,81925,Weston CDP
50,VT,82150,West Pawlet CDP
50,VT,82375,West Rutland CDP
50,VT,83125,West Woodstock CDP
50,VT,83575,White River Junction CDP
50,VT,83875,Whitingham CDP
50,VT,84025,Wilder CDP
50,VT,84100,Williamstown CDP
50,VT,84625,Wilmington CDP
50,VT,85000,Windsor CDP
50,VT,85150,Winooski city
50,VT,85300,Wolcott CDP
50,VT,85900,Woodstock village
50,VT,86050,Worcester CDP
51,VA,00110,Abbs Valley CDP
51,VA,00148,Abingdon town
51,VA,00180,Accomac town
51,VA,00468,Adwolf CDP
51,VA,00484,Afton CDP
51,VA,00724,Alberta town
51,VA,00772,Aldie CDP
51,VA,01000,Alexandria city
51,VA,01240,Allison Gap CDP
51,VA,01256,Allisonia CDP
51,VA,01416,Alonzaville CDP
51,VA,01528,Altavista town
51,VA,01640,Amelia Court House CDP
51,VA,01672,Amherst town
51,VA,01752,Amonate CDP
51,VA,01912,Annandale CDP
51,VA,02040,Appalachia town
51,VA,02064,Apple Mountain Lake CDP
51,VA,02072,Appomattox town
51,VA,02112,Aquia Harbour CDP
51,VA,02248,Arcola CDP
51,VA,03000,Arlington CDP
51,VA,03208,Arrington CDP
51,VA,03320,Ashburn CDP
51,VA,03368,Ashland town
51,VA,03512,Atkins CDP
51,VA,03528,Atlantic CDP
51,VA,03608,Augusta Springs CDP
51,VA,03656,Austinville CDP
51,VA,04088,Bailey's Crossroads CDP
51,VA,04392,Barboursville CDP
51,VA,04856,Baskerville CDP
51,VA,04872,Bassett CDP
51,VA,04904,Bastian CDP
51,VA,04920,Basye CDP
51,VA,05200,Bayside CDP
51,VA,05256,Baywood CDP
51,VA,05336,Bealeton CDP
51,VA,05544,Bedford town
51,VA,05912,Belle Haven town
51,VA,05928,Belle Haven CDP
51,VA,06216,Bellwood CDP
51,VA,06275,Belmont CDP
51,VA,06336,Belmont Estates CDP
51,VA,06424,Belspring CDP
51,VA,06512,Belview CDP
51,VA,06712,Benns Church CDP
51,VA,06728,Bensley CDP
51,VA,06968,Berryville town
51,VA,07160,Bethel Manor CDP
51,VA,07400,Big Island CDP
51,VA,07448,Big Rock CDP
51,VA,07480,Big Stone Gap town
51,VA,07484,Big Stone Gap East CDP
51,VA,07784,Blacksburg town
51,VA,07832,Blackstone town
51,VA,07944,Blairs CDP
51,VA,07976,Bland CDP
51,VA,08120,Bloxom town
51,VA,08152,Bluefield town
51,VA,08200,Blue Ridge CDP
51,VA,08264,Blue Ridge Shores CDP
51,VA,08320,Bobtown CDP
51,VA,08376,Boissevain CDP
51,VA,08472,Bon Air CDP
51,VA,08584,Boones Mill town
51,VA,08675,Boston CDP
51,VA,08708,Boswell's Corner CDP
51,VA,08888,Bowling Green town
51,VA,08925,Bowmans Crossing CDP
51,VA,08984,Boyce town
51,VA,09016,Boydton town
51,VA,09032,Boykins town
51,VA,09064,Bracey CDP
51,VA,09072,Braddock CDP
51,VA,09188,Brambleton CDP
51,VA,09208,Branchville town
51,VA,09248,Brandermill CDP
51,VA,09352,Brandy Station CDP
51,VA,09400,Breaks CDP
51,VA,09656,Bridgewater town
51,VA,09752,Brightwood CDP
51,VA,09816,Bristol city
51,VA,09952,Broadlands CDP
51,VA,10040,Broadway town
51,VA,10072,Brodnax town
51,VA,10296,Brookneal town
51,VA,10568,Brucetown CDP
51,VA,10744,Buchanan town
51,VA,10776,Buckhall CDP
51,VA,10856,Buckingham Courthouse CDP
51,VA,11032,Buena Vista city
51,VA,11224,Bull Run CDP (Fairfax County)
51,VA,11230,Bull Run CDP (Prince William County)
51,VA,11245,Bull Run Mountain Estates CDP
51,VA,11464,Burke CDP
51,VA,11470,Burke Centre CDP
51,VA,11560,Burkeville town
51,VA,12136,Callaghan CDP
51,VA,12264,Calverton CDP
51,VA,12472,Camp Barrett CDP
51,VA,12590,Camptown CDP
51,VA,12600,Cana CDP
51,VA,12808,Cape Charles town
51,VA,12904,Capron town
51,VA,12915,Captains Cove CDP
51,VA,13160,Carrollton CDP
51,VA,13192,Carrsville CDP
51,VA,13403,Cascades CDP
51,VA,13512,Castlewood CDP
51,VA,13624,Catlett CDP
51,VA,13635,Cats Bridge CDP
51,VA,13720,Cave Spring CDP
51,VA,13784,Cedar Bluff town
51,VA,14312,Central Garage CDP
51,VA,14440,Centreville CDP
51,VA,14544,Chamberlayne CDP
51,VA,14744,Chantilly CDP
51,VA,14904,Charles City CDP
51,VA,14952,Charlotte Court House town
51,VA,14968,Charlottesville city
51,VA,14984,Chase City town
51,VA,14995,Chase Crossing CDP
51,VA,15000,Chatham town
51,VA,15048,Chatmoss CDP
51,VA,15112,Cheriton town
51,VA,15176,Cherry Hill CDP
51,VA,16000,Chesapeake city
51,VA,16096,Chester CDP
51,VA,16240,Chester Gap CDP
51,VA,16480,Chilhowie town
51,VA,16512,Chincoteague town
51,VA,16608,Christiansburg town
51,VA,16736,Churchville CDP
51,VA,16880,Claremont town
51,VA,16992,Clarksville town
51,VA,17040,Clary CDP
51,VA,17120,Claypool Hill CDP
51,VA,17296,Cleveland town
51,VA,17376,Clifton town
51,VA,17424,Cliftondale Park CDP
51,VA,17440,Clifton Forge town
51,VA,17504,Clinchco town
51,VA,17536,Clinchport town
51,VA,17552,Clintwood town
51,VA,17632,Clover CDP
51,VA,17680,Cloverdale CDP
51,VA,17776,Cluster Springs CDP
51,VA,17952,Coeburn town
51,VA,18352,Collinsville CDP
51,VA,18400,Colonial Beach town
51,VA,18448,Colonial Heights city
51,VA,18624,Columbia CDP
51,VA,18656,Columbia Furnace CDP
51,VA,18880,Concord CDP
51,VA,18944,Conicville CDP
51,VA,19560,Countryside CDP
51,VA,19571,County Center CDP
51,VA,19600,Courtland town
51,VA,19728,Covington city
51,VA,19904,Craigsville town
51,VA,20160,Crewe town
51,VA,20240,Crimora CDP
51,VA,20436,Crosspointe CDP
51,VA,20560,Crozet CDP
51,VA,20752,Culpeper town
51,VA,20768,Cumberland CDP
51,VA,21008,Dahlgren CDP
51,VA,21016,Dahlgren Center CDP
51,VA,21088,Dale City CDP
51,VA,21152,Daleville CDP
51,VA,21184,Damascus town
51,VA,21312,Dante CDP
51,VA,21344,Danville city
51,VA,21648,Dayton town
51,VA,21776,Deep Creek CDP
51,VA,21872,Deerfield CDP
51,VA,22064,Deltaville CDP
51,VA,22160,Dendron town
51,VA,22472,Difficult Run CDP
51,VA,22560,Dillwyn town
51,VA,22576,Dinwiddie CDP
51,VA,22640,Disputanta CDP
51,VA,22976,Dooms CDP
51,VA,23008,Doran CDP
51,VA,23376,Drakes Branch town
51,VA,23392,Dranesville CDP
51,VA,23408,Draper CDP
51,VA,23584,Dryden CDP
51,VA,23648,Dublin town
51,VA,23680,Duffield town
51,VA,23732,Dulles Town Center CDP
51,VA,23744,Dumbarton CDP
51,VA,23760,Dumfries town
51,VA,23776,Dunbar CDP
51,VA,23952,Dungannon town
51,VA,23984,Dunn Loring CDP
51,VA,24208,Eagle Rock CDP
51,VA,24272,Earlysville CDP
51,VA,24496,East Highland Park CDP
51,VA,24544,East Lexington CDP
51,VA,24720,East Stone Gap CDP
51,VA,24752,Eastville town
51,VA,24816,Ebony CDP
51,VA,25008,Edinburg town
51,VA,25136,Eggleston CDP
51,VA,25408,Elkton town
51,VA,25488,Elliston CDP
51,VA,25792,Emory CDP
51,VA,25808,Emporia city
51,VA,25877,Enon CDP
51,VA,25968,Esmont CDP
51,VA,26128,Ettrick CDP
51,VA,26384,Ewing CDP
51,VA,26416,Exmore town
51,VA,26496,Fairfax city
51,VA,26592,Fairfax Station CDP
51,VA,26656,Fairfield CDP
51,VA,26701,Fair Lakes CDP
51,VA,26736,Fairlawn CDP
51,VA,26875,Fair Oaks CDP
51,VA,26944,Fairview CDP
51,VA,27040,Fairview Beach CDP
51,VA,27200,Falls Church city
51,VA,27232,Falls Mills CDP
51,VA,27264,Falmouth CDP
51,VA,27296,Fancy Gap CDP
51,VA,27440,Farmville town
51,VA,27712,Ferrum CDP
51,VA,27744,Fieldale CDP
51,VA,27824,Fincastle town
51,VA,27952,Fishers Hill CDP
51,VA,27968,Fishersville CDP
51,VA,28496,Flint Hill CDP
51,VA,28528,Floris CDP
51,VA,28544,Floyd town
51,VA,28688,Forest CDP
51,VA,28848,Forestville CDP
51,VA,29008,Fort Belvoir CDP
51,VA,29040,Fort Chiswell CDP
51,VA,29136,Fort Hunt CDP
51,VA,29152,Fort Lee CDP
51,VA,29552,Franconia CDP
51,VA,29600,Franklin city
51,VA,29628,Franklin Farm CDP
51,VA,29712,Franktown CDP
51,VA,29744,Fredericksburg city
51,VA,29840,Free Union CDP
51,VA,29920,Fries town
51,VA,29968,Front Royal town
51,VA,30176,Gainesville CDP
51,VA,30208,Galax city
51,VA,30384,Gargatha CDP
51,VA,30480,Gasburg CDP
51,VA,30496,Gate City town
51,VA,30618,George Mason CDP
51,VA,31056,Glade Spring town
51,VA,31136,Glasgow town
51,VA,31200,Glen Allen CDP
51,VA,31376,Glen Lyn town
51,VA,31488,Glenvar CDP
51,VA,31504,Glen Wilton CDP
51,VA,31608,Gloucester Courthouse CDP
51,VA,31616,Gloucester Point CDP
51,VA,31808,Goochland CDP
51,VA,31912,Goose Creek Village CDP
51,VA,31936,Gordonsville town
51,VA,31952,Gore CDP
51,VA,31968,Goshen town
51,VA,32320,Gratton CDP
51,VA,32496,Great Falls CDP
51,VA,32498,Great Falls Crossing CDP
51,VA,32560,Greenbackville CDP
51,VA,32592,Greenbriar CDP
51,VA,32624,Greenbush CDP
51,VA,32944,Greenville CDP
51,VA,33232,Gretna town
51,VA,33488,Grottoes town
51,VA,33584,Groveton CDP
51,VA,33648,Grundy town
51,VA,33824,Gwynn CDP
51,VA,34064,Halifax town
51,VA,34176,Hallwood town
51,VA,34240,Hamilton town
51,VA,34304,Hampden-Sydney CDP
51,VA,35000,Hampton city
51,VA,35160,Hanover CDP
51,VA,35240,Harborton CDP
51,VA,35624,Harrisonburg city
51,VA,35640,Harriston CDP
51,VA,35912,Hayfield CDP
51,VA,35976,Haymarket town
51,VA,36008,Haysi town
51,VA,36216,Heathsville CDP
51,VA,36445,Henry Fork CDP
51,VA,36648,Herndon town
51,VA,37032,Highland Springs CDP
51,VA,37288,Hillsboro town
51,VA,37336,Hillsville town
51,VA,37380,Hilltown CDP
51,VA,37432,Hiltons CDP
51,VA,37544,Hiwassee CDP
51,VA,37880,Hollins CDP
51,VA,38032,Hollymead CDP
51,VA,38280,Honaker town
51,VA,38424,Hopewell city
51,VA,38504,Horntown CDP
51,VA,38552,Horse Pasture CDP
51,VA,38632,Hot Springs CDP
51,VA,38785,Hudson Crossroads CDP
51,VA,39064,Huntington CDP
51,VA,39224,Hurt town
51,VA,39259,Hutchison CDP
51,VA,39304,Hybla Valley CDP
51,VA,39448,Idylwood CDP
51,VA,39528,Independence town
51,VA,39544,Independent Hill CDP
51,VA,39916,Innovation CDP
51,VA,39920,Innsbrook CDP
51,VA,40024,Iron Gate town
51,VA,40088,Irvington town
51,VA,40216,Ivanhoe CDP
51,VA,40232,Ivor town
51,VA,40248,Ivy CDP
51,VA,40536,Jarratt town
51,VA,41016,Jewell Ridge CDP
51,VA,41144,Jolivue CDP
51,VA,41272,Jonesville town
51,VA,41624,Keezletown CDP
51,VA,41656,Keller town
51,VA,41832,Kenbridge town
51,VA,42104,Keokee CDP
51,VA,42216,Keswick CDP
51,VA,42264,Keysville town
51,VA,42424,Kilmarnock town
51,VA,42501,Kincora CDP
51,VA,42536,King and Queen Court House CDP
51,VA,42568,King George CDP
51,VA,42664,Kings Park CDP
51,VA,42680,Kings Park West CDP
51,VA,42746,Kingstowne CDP
51,VA,42792,King William CDP
51,VA,43176,La Crosse town
51,VA,43224,Lafayette CDP
51,VA,43352,Lake Barcroft CDP
51,VA,43359,Lake Caroline CDP
51,VA,43392,Lake Holiday CDP
51,VA,43420,Lake Land'Or CDP
51,VA,43424,Lake Monticello CDP
51,VA,43430,Lake of the Woods CDP
51,VA,43432,Lake Ridge CDP
51,VA,43464,Lakeside CDP
51,VA,43600,Lake Wilderness CDP
51,VA,43704,Lancaster CDP
51,VA,44048,Lansdowne CDP
51,VA,44280,Laurel CDP
51,VA,44430,Laurel Hill CDP
51,VA,44476,Laurel Park CDP
51,VA,44520,Lawrenceville town
51,VA,44620,Laymantown CDP
51,VA,44696,Lebanon town
51,VA,44712,Lebanon Church CDP
51,VA,44952,Lee Mont CDP
51,VA,44984,Leesburg town
51,VA,45008,Leesylvania CDP
51,VA,45512,Lexington city
51,VA,45784,Lincolnia CDP
51,VA,45957,Linton Hall CDP
51,VA,45960,Linville CDP
51,VA,46328,Loch Lomond CDP
51,VA,46410,Locust Grove CDP
51,VA,46456,Locust Mount CDP
51,VA,46760,Long Branch CDP
51,VA,47064,Lorton CDP
51,VA,47136,Loudoun Valley Estates CDP
51,VA,47144,Louisa town
51,VA,47208,Lovettsville town
51,VA,47224,Lovingston CDP
51,VA,47296,Lowes Island CDP
51,VA,47352,Low Moor CDP
51,VA,47496,Lunenburg CDP
51,VA,47528,Luray town
51,VA,47672,Lynchburg city
51,VA,47720,Lyndhurst CDP
51,VA,48184,McDowell CDP
51,VA,48232,McGaheysville CDP
51,VA,48344,McKenney town
51,VA,48376,McLean CDP
51,VA,48445,McMullin CDP
51,VA,48450,McNair CDP
51,VA,48488,Madison town
51,VA,48520,Madison Heights CDP
51,VA,48776,Makemie Park CDP
51,VA,48856,Mallow CDP
51,VA,48952,Manassas city
51,VA,48968,Manassas Park city
51,VA,48996,Manchester CDP
51,VA,49144,Mantua CDP
51,VA,49320,Mappsburg CDP
51,VA,49336,Mappsville CDP
51,VA,49464,Marion town
51,VA,49656,Marshall CDP
51,VA,49784,Martinsville city
51,VA,49998,Mason Neck CDP
51,VA,50020,Massanetta Springs CDP
51,VA,50030,Massanutten CDP
51,VA,50104,Mathews CDP
51,VA,50136,Matoaca CDP
51,VA,50200,Maurertown CDP
51,VA,50312,Max Meadows CDP
51,VA,50568,Meadowbrook CDP
51,VA,50696,Meadows of Dan CDP
51,VA,50760,Meadowview CDP
51,VA,50840,Mechanicsburg CDP
51,VA,50856,Mechanicsville CDP
51,VA,50984,Melfa town
51,VA,51096,Mendota CDP
51,VA,51192,Merrifield CDP
51,VA,51208,Merrimac CDP
51,VA,51362,Metompkin CDP
51,VA,51432,Middlebrook CDP
51,VA,51448,Middleburg town
51,VA,51512,Middletown town
51,VA,51544,Midland CDP
51,VA,51560,Midlothian CDP
51,VA,51848,Millboro CDP
51,VA,52120,Mineral town
51,VA,52408,Modest Town CDP
51,VA,52536,Moneta CDP
51,VA,52658,Montclair CDP
51,VA,52680,Monterey town
51,VA,52904,Montrose CDP
51,VA,52952,Montross town
51,VA,52968,Montvale CDP
51,VA,53030,Moorefield CDP
51,VA,53480,Motley CDP
51,VA,53584,Mountain Road CDP
51,VA,53832,Mount Clifton CDP
51,VA,53864,Mount Crawford town
51,VA,53944,Mount Hermon CDP
51,VA,53992,Mount Jackson town
51,VA,54056,Mount Olive CDP
51,VA,54120,Mount Sidney CDP
51,VA,54144,Mount Vernon CDP
51,VA,54904,Narrows town
51,VA,54984,Nassawadox town
51,VA,55000,Nathalie CDP
51,VA,55208,Navy CDP
51,VA,55400,Nellysford CDP
51,VA,55448,Nelsonia CDP
51,VA,55528,New Baltimore CDP
51,VA,55592,New Castle town
51,VA,55608,New Church CDP
51,VA,55720,New Hope CDP
51,VA,55752,Newington CDP
51,VA,55758,Newington Forest CDP
51,VA,55800,New Kent CDP
51,VA,55848,New Market town
51,VA,56000,Newport News city
51,VA,56048,New River CDP
51,VA,56096,Newsoms town
51,VA,56304,Nickelsville town
51,VA,56464,Nokesville CDP
51,VA,57000,Norfolk city
51,VA,57368,North Garden CDP
51,VA,57531,North Shore CDP
51,VA,57560,North Springfield CDP
51,VA,57688,Norton city
51,VA,57870,Nottoway Court House CDP
51,VA,58104,Oak Grove CDP
51,VA,58184,Oak Hall CDP
51,VA,58312,Oak Level CDP
51,VA,58472,Oakton CDP
51,VA,58696,Occoquan town
51,VA,59336,Onancock town
51,VA,59364,One Loudoun CDP
51,VA,59384,Onley town
51,VA,59416,Opal CDP
51,VA,59496,Orange town
51,VA,59672,Orkney Springs CDP
51,VA,59752,Osaka CDP
51,VA,60296,Painter town
51,VA,60392,Palmyra CDP
51,VA,60488,Pamplin City town
51,VA,60512,Pantops CDP
51,VA,60536,Paris CDP
51,VA,60680,Parksley town
51,VA,60840,Parrott CDP
51,VA,60888,Passapatanzy CDP
51,VA,60920,Pastoria CDP
51,VA,60984,Patrick Springs CDP
51,VA,61208,Pearisburg town
51,VA,61336,Pembroke town
51,VA,61464,Penhook CDP
51,VA,61560,Pennington Gap town
51,VA,61832,Petersburg city
51,VA,61896,Phenix town
51,VA,62264,Pimmit Hills CDP
51,VA,62738,Piney Mountain CDP
51,VA,63190,Plum Creek CDP
51,VA,63288,Pocahontas town
51,VA,63768,Poquoson city
51,VA,63896,Port Republic CDP
51,VA,63928,Port Royal town
51,VA,64000,Portsmouth city
51,VA,64152,Potomac Mills CDP
51,VA,64272,Pound town
51,VA,64288,Pounding Mill CDP
51,VA,64384,Powhatan CDP
51,VA,64512,Prices Fork CDP
51,VA,64560,Prince George CDP
51,VA,64880,Pulaski town
51,VA,64976,Pungoteague CDP
51,VA,65008,Purcellville town
51,VA,65120,Quantico town
51,VA,65128,Quantico Base CDP
51,VA,65248,Quicksburg CDP
51,VA,65280,Quinby CDP
51,VA,65392,Radford city
51,VA,65744,Raven CDP
51,VA,65776,Ravensworth CDP
51,VA,66032,Rectortown CDP
51,VA,66512,Remington town
51,VA,66672,Reston CDP
51,VA,66800,Rhoadesville CDP
51,VA,66896,Rich Creek town
51,VA,66928,Richlands town
51,VA,67000,Richmond city
51,VA,67208,Ridgeway town
51,VA,67256,Riner CDP
51,VA,67288,Rio CDP
51,VA,67304,Ripplemead CDP
51,VA,67331,Rivanna CDP
51,VA,67352,Riverdale CDP
51,VA,67704,Riverview CDP
51,VA,68000,Roanoke city
51,VA,68470,Rockwood CDP
51,VA,68480,Rocky Gap CDP
51,VA,68496,Rocky Mount town
51,VA,68880,Rose Hill CDP (Fairfax County)
51,VA,68885,Rose Hill CDP (Lee County)
51,VA,69168,Round Hill town
51,VA,69360,Ruckersville CDP
51,VA,69456,Rural Retreat town
51,VA,69472,Rushmere CDP
51,VA,69536,Rustburg CDP
51,VA,69792,St. Charles CDP
51,VA,69936,St. Paul town
51,VA,70000,Salem city
51,VA,70096,Saltville town
51,VA,70112,Saluda CDP
51,VA,70256,Sandston CDP
51,VA,70296,Sandy Level CDP
51,VA,70352,Sanford CDP
51,VA,70480,Saumsville CDP
51,VA,70520,Savage Town CDP
51,VA,70528,Savageville CDP
51,VA,70576,Saxis town
51,VA,70680,Schooner Bay CDP
51,VA,70704,Schuyler CDP
51,VA,70715,Scotland CDP
51,VA,70752,Scottsburg town
51,VA,70800,Scottsville town
51,VA,71040,Sedley CDP
51,VA,71072,Selma CDP
51,VA,71216,Seven Corners CDP
51,VA,71264,Seven Mile Ford CDP
51,VA,71625,Shawneeland CDP
51,VA,71632,Shawsville CDP
51,VA,71776,Shenandoah town
51,VA,71810,Shenandoah Farms CDP
51,VA,71825,Shenandoah Retreat CDP
51,VA,71826,Shenandoah Shores CDP
51,VA,71904,Sherando CDP
51,VA,72080,Shipman CDP
51,VA,72272,Short Pump CDP
51,VA,72736,Singers Glen CDP
51,VA,72935,Skyland Estates CDP
51,VA,73200,Smithfield town
51,VA,73376,Snowville CDP
51,VA,73624,Southampton Meadows CDP
51,VA,73712,South Boston town
51,VA,73760,Southern Gateway CDP
51,VA,73904,South Hill town
51,VA,74100,South Riding CDP
51,VA,74120,South Run CDP
51,VA,74160,Southside Chesconessex CDP
51,VA,74384,Sperryville CDP
51,VA,74470,Spotsylvania Courthouse CDP
51,VA,74592,Springfield CDP
51,VA,74848,Springville CDP
51,VA,74916,Stafford Courthouse CDP
51,VA,75008,Stanardsville town
51,VA,75024,Stanley town
51,VA,75040,Stanleytown CDP
51,VA,75216,Staunton city
51,VA,75344,Stephens City town
51,VA,75376,Sterling CDP
51,VA,75440,Stevens Creek CDP
51,VA,75504,Stewartsville CDP
51,VA,75536,Stickleyville CDP
51,VA,75680,Stonega CDP
51,VA,75702,Stone Ridge CDP
51,VA,75840,Stony Creek town
51,VA,76000,Strasburg town
51,VA,76256,Stuart town
51,VA,76272,Stuarts Draft CDP
51,VA,76416,Sudley CDP
51,VA,76432,Suffolk city
51,VA,76448,Sugar Grove CDP
51,VA,76464,Sugarland Run CDP
51,VA,76516,Sully Square CDP
51,VA,76880,Surry town
51,VA,76912,Sussex CDP
51,VA,77408,Tacoma CDP
51,VA,77520,Tangier town
51,VA,77568,Tappahannock town
51,VA,77648,Tasley CDP
51,VA,77792,Tazewell town
51,VA,77856,Temperanceville CDP
51,VA,77925,Templeton CDP
51,VA,78192,The Plains town
51,VA,78264,The University of Virginia's College at Wise CDP
51,VA,78532,Thynedale CDP
51,VA,78688,Timberlake CDP
51,VA,78736,Timberville town
51,VA,79024,Toms Brook town
51,VA,79360,Triangle CDP
51,VA,79456,Troutdale town
51,VA,79472,Troutville town
51,VA,79560,Tuckahoe CDP
51,VA,79768,Twin Lakes CDP
51,VA,79950,Tysons CDP
51,VA,80000,Union Hall CDP
51,VA,80016,Union Level CDP
51,VA,80029,Union Mill CDP
51,VA,80048,Unionville CDP
51,VA,80120,University Center CDP
51,VA,80165,University of Virginia CDP
51,VA,80224,Upperville CDP
51,VA,80272,Urbanna town
51,VA,80608,Vansant CDP
51,VA,80864,Verona CDP
51,VA,81024,Victoria town
51,VA,81072,Vienna town
51,VA,81152,Villa Heights CDP
51,VA,81280,Vinton town
51,VA,81312,Virgilina town
51,VA,82000,Virginia Beach city
51,VA,82320,Wachapreague town
51,VA,82371,Wakefield CDP
51,VA,82384,Wakefield town
51,VA,83056,Warfield CDP
51,VA,83088,Warm Springs CDP
51,VA,83136,Warrenton town
51,VA,83168,Warsaw town
51,VA,83248,Washington town
51,VA,83440,Waterford CDP
51,VA,83568,Wattsville CDP
51,VA,83600,Waverly town
51,VA,83680,Waynesboro city
51,VA,83808,Weber City town
51,VA,83888,Weems CDP
51,VA,84368,West Falls Church CDP
51,VA,84632,Westlake Corner CDP
51,VA,84960,West Point town
51,VA,84976,West Springfield CDP
51,VA,85184,Weyers Cave CDP
51,VA,85600,White Stone town
51,VA,85608,Whitesville CDP
51,VA,86160,Williamsburg city
51,VA,86336,Willis Wharf CDP
51,VA,86720,Winchester city
51,VA,86784,Windsor town
51,VA,87008,Wintergreen CDP
51,VA,87072,Wise town
51,VA,87240,Wolf Trap CDP
51,VA,87312,Woodbridge CDP
51,VA,87333,Woodburn CDP
51,VA,87380,Woodlake CDP
51,VA,87408,Woodlawn CDP (Carroll County)
51,VA,87410,Woodlawn CDP (Fairfax County)
51,VA,87712,Woodstock town
51,VA,87960,Wyndham CDP
51,VA,88000,Wytheville town
51,VA,88145,Yogaville CDP
51,VA,88176,Yorkshire CDP
51,VA,88240,Yorktown CDP
53,WA,00100,Aberdeen city
53,WA,00135,Aberdeen Gardens CDP
53,WA,00275,Acme CDP
53,WA,00380,Addy CDP
53,WA,00800,Ahtanum CDP
53,WA,00905,Airway Heights city
53,WA,01010,Albion town
53,WA,01045,Alder CDP
53,WA,01150,Alderton CDP
53,WA,01185,Alderwood Manor CDP
53,WA,01255,Alger CDP
53,WA,01290,Algona city
53,WA,01430,Allyn CDP
53,WA,01500,Almira town
53,WA,01745,Altoona CDP
53,WA,01780,Amanda Park CDP
53,WA,01850,Amboy CDP
53,WA,01920,Ames Lake CDP
53,WA,01990,Anacortes city
53,WA,02025,Anatone CDP
53,WA,02060,Anderson Island CDP
53,WA,02585,Arlington city
53,WA,02620,Arlington Heights CDP
53,WA,02910,Artondale CDP
53,WA,03005,Ashford CDP
53,WA,03075,Asotin city
53,WA,03180,Auburn city
53,WA,03736,Bainbridge Island city
53,WA,04100,Bangor Base CDP
53,WA,04125,Banks Lake South CDP
53,WA,04195,Barberton CDP
53,WA,04300,Baring CDP
53,WA,04347,Barney's Junction CDP
53,WA,04370,Barstow CDP
53,WA,04405,Basin City CDP
53,WA,04475,Battle Ground city
53,WA,04615,Bay Center CDP
53,WA,04790,Bay View CDP
53,WA,04825,Beacon Hill CDP
53,WA,04895,Beaux Arts Village town
53,WA,05140,Belfair CDP
53,WA,05210,Bellevue city
53,WA,05245,Bell Hill CDP
53,WA,05280,Bellingham city
53,WA,05560,Benton City city
53,WA,05735,Bethel CDP
53,WA,05770,Beverly CDP
53,WA,05980,Bickleton CDP
53,WA,06050,Big Lake CDP
53,WA,06085,Bingen city
53,WA,06190,Birch Bay CDP
53,WA,06330,Black Diamond city
53,WA,06505,Blaine city
53,WA,06855,Blyn CDP
53,WA,07170,Bonney Lake city
53,WA,07380,Bothell city
53,WA,07390,Bothell East CDP
53,WA,07395,Bothell West CDP
53,WA,07397,Boulevard Park CDP
53,WA,07450,Bow CDP
53,WA,07485,Boyds CDP
53,WA,07590,Brady CDP
53,WA,07695,Bremerton city
53,WA,07835,Brewster city
53,WA,07870,Bridgeport city
53,WA,07940,Brier city
53,WA,08080,Brinnon CDP
53,WA,08325,Browns Point CDP
53,WA,08465,Brush Prairie CDP
53,WA,08500,Bryant CDP
53,WA,08552,Bryn Mawr-Skyway CDP
53,WA,08570,Buckley city
53,WA,08605,Bucoda town
53,WA,08640,Buena CDP
53,WA,08770,Bunk Foss CDP
53,WA,08780,Burbank CDP
53,WA,08850,Burien city
53,WA,08885,Burley CDP
53,WA,08920,Burlington city
53,WA,09365,Camano CDP
53,WA,09480,Camas city
53,WA,09810,Canterwood CDP
53,WA,09820,Canyon Creek CDP
53,WA,09970,Carbonado town
53,WA,10075,Carlsborg CDP
53,WA,10215,Carnation city
53,WA,10320,Carson CDP
53,WA,10455,Cascade Valley CDP
53,WA,10495,Cashmere city
53,WA,10565,Castle Rock city
53,WA,10600,Cathcart CDP
53,WA,10635,Cathlamet town
53,WA,10645,Cavalero CDP
53,WA,11090,Centerville CDP
53,WA,11160,Centralia city
53,WA,11195,Central Park CDP
53,WA,11325,Chain Lake CDP
53,WA,11475,Chehalis city
53,WA,11615,Chelan city
53,WA,11685,Chelan Falls CDP
53,WA,11825,Cheney city
53,WA,12015,Cherry Grove CDP
53,WA,12140,Chewelah city
53,WA,12175,Chico CDP
53,WA,12315,Chinook CDP
53,WA,12525,Clallam Bay CDP
53,WA,12630,Clarkston city
53,WA,12680,Clarkston Heights-Vineland CDP
53,WA,12735,Clayton CDP
53,WA,12820,Clear Lake CDP (Pierce County)
53,WA,12840,Clear Lake CDP (Skagit County)
53,WA,12875,Clearview CDP
53,WA,12945,Cle Elum city
53,WA,13015,Cliffdell CDP
53,WA,13155,Clinton CDP
53,WA,13215,Clover Creek CDP
53,WA,13365,Clyde Hill city
53,WA,13595,Cohassett Beach CDP
53,WA,13785,Colfax city
53,WA,13855,College Place city
53,WA,13890,Colton town
53,WA,14170,Colville city
53,WA,14310,Conconully town
53,WA,14380,Concrete town
53,WA,14485,Connell city
53,WA,14520,Conway CDP
53,WA,14660,Copalis Beach CDP
53,WA,14870,Cosmopolis city
53,WA,14940,Cottage Lake CDP
53,WA,15010,Cougar CDP
53,WA,15080,Coulee City town
53,WA,15115,Coulee Dam town
53,WA,15150,Country Homes CDP
53,WA,15185,Coupeville town
53,WA,15290,Covington city
53,WA,15325,Cowiche CDP
53,WA,15603,Crescent Bar CDP
53,WA,15710,Creston town
53,WA,15780,Crocker CDP
53,WA,16165,Curlew CDP
53,WA,16170,Curlew Lake CDP
53,WA,16340,Cusick town
53,WA,16375,Custer CDP
53,WA,16550,Dallesport CDP
53,WA,16585,Danville CDP
53,WA,16690,Darrington town
53,WA,16760,Dash Point CDP
53,WA,16795,Davenport city
53,WA,16970,Dayton city
53,WA,17215,Deep River CDP
53,WA,17320,Deer Park city
53,WA,17495,Deming CDP
53,WA,17617,Desert Aire CDP
53,WA,17635,Des Moines city
53,WA,17880,Disautel CDP
53,WA,18055,Dixie CDP
53,WA,18198,Dollars Corner CDP
53,WA,18265,Donald CDP
53,WA,18775,Duluth CDP
53,WA,18965,DuPont city
53,WA,19035,Duvall city
53,WA,19290,East Cathlamet CDP
53,WA,19630,Eastmont CDP
53,WA,19700,Easton CDP
53,WA,19770,East Port Orchard CDP
53,WA,19857,East Renton Highlands CDP
53,WA,20155,East Wenatchee city
53,WA,20260,Eatonville town
53,WA,20645,Edgewood city
53,WA,20680,Edison CDP
53,WA,20750,Edmonds city
53,WA,20890,Elbe CDP
53,WA,21030,Electric City city
53,WA,21205,Elk Plain CDP
53,WA,21240,Ellensburg city
53,WA,21450,Elma city
53,WA,21485,Elmer City town
53,WA,21730,Endicott town
53,WA,21800,Enetai CDP
53,WA,22010,Entiat city
53,WA,22045,Enumclaw city
53,WA,22080,Ephrata city
53,WA,22115,Erlands Point CDP
53,WA,22150,Eschbach CDP
53,WA,22255,Esperance CDP
53,WA,22640,Everett city
53,WA,22745,Everson city
53,WA,22955,Fairchild AFB CDP
53,WA,22990,Fairfield town
53,WA,23160,Fairwood CDP (King County)
53,WA,23165,Fairwood CDP (Spokane County)
53,WA,23200,Fall City CDP
53,WA,23340,Farmington town
53,WA,23515,Federal Way city
53,WA,23550,Felida CDP
53,WA,23620,Ferndale city
53,WA,23690,Fern Prairie CDP
53,WA,23795,Fife city
53,WA,23830,Fife Heights CDP
53,WA,23865,Finley CDP
53,WA,23970,Fircrest city
53,WA,24188,Five Corners CDP
53,WA,24425,Fobes Hill CDP
53,WA,24565,Fords Prairie CDP
53,WA,24810,Forks city
53,WA,24915,Fort Lewis CDP
53,WA,25300,Four Lakes CDP
53,WA,25370,Fox Island CDP
53,WA,25475,Frederickson CDP
53,WA,25510,Freeland CDP
53,WA,25615,Friday Harbor town
53,WA,26140,Garfield town
53,WA,26245,Garrett CDP
53,WA,26420,Geneva CDP
53,WA,26455,George city
53,WA,26735,Gig Harbor city
53,WA,26875,Glacier CDP
53,WA,26945,Gleed CDP
53,WA,27225,Glenwood CDP
53,WA,27365,Gold Bar city
53,WA,27435,Goldendale city
53,WA,27680,Gorst CDP
53,WA,27785,Graham CDP
53,WA,27855,Grand Coulee city
53,WA,27890,Grand Mound CDP
53,WA,27925,Grandview city
53,WA,27960,Granger city
53,WA,27995,Granite Falls city
53,WA,28135,Grapeview CDP
53,WA,28345,Grayland CDP
53,WA,28450,Grays River CDP
53,WA,28590,Green Bluff CDP
53,WA,28695,Greenwater CDP
53,WA,29255,Hamilton town
53,WA,29430,Hansville CDP
53,WA,29710,Harrah town
53,WA,29745,Harrington city
53,WA,29920,Hartline town
53,WA,30030,Hat Island CDP
53,WA,30060,Hatton town
53,WA,30305,Hazel Dell CDP
53,WA,30690,Herron Island CDP
53,WA,30750,High Bridge CDP
53,WA,31495,Hobart CDP
53,WA,31530,Hockinson CDP
53,WA,31540,Hogans Corner CDP
53,WA,31985,Home CDP
53,WA,32125,Hoodsport CDP
53,WA,32300,Hoquiam city
53,WA,32650,Humptulips CDP
53,WA,32755,Hunts Point town
53,WA,33000,Ilwaco city
53,WA,33105,Inchelium CDP
53,WA,33175,Index town
53,WA,33280,Indianola CDP
53,WA,33560,Ione town
53,WA,33805,Issaquah city
53,WA,33890,Jamestown CDP
53,WA,34575,Kahlotus city
53,WA,34645,Kalama city
53,WA,34890,Kapowsin CDP
53,WA,34915,Kayak Point CDP
53,WA,34960,Keller CDP
53,WA,35065,Kelso city
53,WA,35135,Kendall CDP
53,WA,35170,Kenmore city
53,WA,35275,Kennewick city
53,WA,35415,Kent city
53,WA,35450,Ketron Island CDP
53,WA,35485,Kettle Falls city
53,WA,35555,Key Center CDP
53,WA,35625,Keyport CDP
53,WA,35870,Kingston CDP
53,WA,35940,Kirkland city
53,WA,36010,Kitsap Lake CDP
53,WA,36045,Kittitas city
53,WA,36115,Klickitat CDP
53,WA,36395,Krupp town
53,WA,36710,La Center city
53,WA,36745,Lacey city
53,WA,36780,La Conner town
53,WA,36850,LaCrosse town
53,WA,36920,La Grande CDP
53,WA,37077,Lake Bosworth CDP
53,WA,37100,Lake Cassidy CDP
53,WA,37105,Lake Cavanaugh CDP
53,WA,37270,Lake Forest Park city
53,WA,37287,Lake Goodwin CDP
53,WA,37345,Lake Holm CDP
53,WA,37415,Lake Ketchum CDP
53,WA,37420,Lakeland North CDP
53,WA,37430,Lakeland South CDP
53,WA,37526,Lake McMurray CDP
53,WA,37538,Lake Marcel-Stillwater CDP
53,WA,37567,Lake Morton-Berrydale CDP
53,WA,37672,Lake Roesiger CDP
53,WA,37830,Lake Shore CDP
53,WA,37900,Lake Stevens city
53,WA,37917,Lake Stickney CDP
53,WA,37920,Lake Tapps CDP
53,WA,37926,Lakeview CDP
53,WA,38038,Lakewood city
53,WA,38215,Lamont town
53,WA,38355,Langley city
53,WA,38420,Larch Way CDP
53,WA,38495,Latah town
53,WA,38705,Laurier CDP
53,WA,38845,Leavenworth city
53,WA,38880,Lebam CDP
53,WA,39212,Lewisville CDP
53,WA,39230,Lexington CDP
53,WA,39335,Liberty Lake city
53,WA,39510,Lind town
53,WA,39860,Lochsloy CDP
53,WA,39930,Lofall CDP
53,WA,40070,Long Beach city
53,WA,40105,Longbranch CDP
53,WA,40245,Longview city
53,WA,40270,Longview Heights CDP
53,WA,40350,Loomis CDP
53,WA,40385,Loon Lake CDP
53,WA,40570,Lower Elochoman CDP
53,WA,40735,Lyle CDP
53,WA,40770,Lyman town
53,WA,40805,Lynden city
53,WA,40840,Lynnwood city
53,WA,40980,Mabton city
53,WA,41155,McChord AFB CDP
53,WA,41225,McCleary city
53,WA,41470,Machias CDP
53,WA,41645,McKenna CDP
53,WA,41785,McMillin CDP
53,WA,42275,Malden town
53,WA,42310,Malo CDP
53,WA,42345,Malone CDP
53,WA,42380,Malott CDP
53,WA,42415,Maltby CDP
53,WA,42450,Manchester CDP
53,WA,42800,Mansfield town
53,WA,42835,Manson CDP
53,WA,43010,Maple Falls CDP
53,WA,43062,Maple Heights-Lake Desire CDP
53,WA,43150,Maple Valley city
53,WA,43255,Maplewood CDP
53,WA,43325,Marblemount CDP
53,WA,43395,Marcus town
53,WA,43491,Marietta-Alderwood CDP
53,WA,43552,Marine View CDP
53,WA,43640,Markham CDP
53,WA,43762,Marrowstone CDP
53,WA,43815,Martha Lake CDP
53,WA,43885,Maryhill CDP
53,WA,43955,Marysville city
53,WA,44165,Mattawa city
53,WA,44260,May Creek CDP
53,WA,44480,Mead CDP
53,WA,44585,Meadowdale CDP
53,WA,44620,Meadow Glade CDP
53,WA,44690,Medical Lake city
53,WA,44725,Medina city
53,WA,45005,Mercer Island city
53,WA,45180,Mesa city
53,WA,45285,Metaline town
53,WA,45320,Metaline Falls town
53,WA,45355,Methow CDP
53,WA,45495,Midland CDP
53,WA,45865,Mill Creek city
53,WA,45870,Mill Creek East CDP
53,WA,45985,Millwood city
53,WA,46020,Milton city
53,WA,46090,Mineral CDP
53,WA,46125,Minnehaha CDP
53,WA,46215,Mirrormont CDP
53,WA,46405,Moclips CDP
53,WA,46685,Monroe city
53,WA,46725,Monroe North CDP
53,WA,46895,Montesano city
53,WA,47175,Morton city
53,WA,47245,Moses Lake city
53,WA,47280,Moses Lake North CDP
53,WA,47315,Mossyrock city
53,WA,47490,Mountlake Terrace city
53,WA,47560,Mount Vernon city
53,WA,47630,Mount Vista CDP
53,WA,47665,Moxee city
53,WA,47735,Mukilteo city
53,WA,47805,Naches town
53,WA,47980,Napavine city
53,WA,48015,Naselle CDP
53,WA,48225,Navy Yard City CDP
53,WA,48295,Neah Bay CDP
53,WA,48330,Neilton CDP
53,WA,48540,Nespelem town
53,WA,48550,Nespelem Community CDP
53,WA,48645,Newcastle city
53,WA,48820,Newport city
53,WA,49030,Nile CDP
53,WA,49193,Nisqually Indian Community CDP
53,WA,49275,Nooksack city
53,WA,49415,Normandy Park city
53,WA,49485,North Bend city
53,WA,49555,North Bonneville city
53,WA,49765,North Fort Lewis CDP
53,WA,49940,North Lynnwood CDP
53,WA,50007,North Omak CDP
53,WA,50045,Northport town
53,WA,50115,North Puyallup CDP
53,WA,50183,North Sultan CDP
53,WA,50195,Northwest Stanwood CDP
53,WA,50210,North Yelm CDP
53,WA,50325,Oakesdale town
53,WA,50360,Oak Harbor city
53,WA,50430,Oakville city
53,WA,50500,Ocean City CDP
53,WA,50535,Ocean Park CDP
53,WA,50570,Ocean Shores city
53,WA,50675,Ocosta CDP
53,WA,50745,Odessa town
53,WA,50920,Okanogan city
53,WA,51300,Olympia city
53,WA,51340,Omak city
53,WA,51410,Onalaska CDP
53,WA,51795,Orchards CDP
53,WA,51830,Orient CDP
53,WA,51970,Oroville city
53,WA,52005,Orting city
53,WA,52110,Oso CDP
53,WA,52215,Othello city
53,WA,52267,Otis Orchards-East Farms CDP
53,WA,52285,Outlook CDP
53,WA,52378,Oyehut CDP
53,WA,52495,Pacific city
53,WA,52530,Pacific Beach CDP
53,WA,52600,Packwood CDP
53,WA,52950,Palouse city
53,WA,53265,Parker CDP
53,WA,53335,Parkland CDP
53,WA,53440,Parkwood CDP
53,WA,53545,Pasco city
53,WA,53660,Pataha CDP
53,WA,53720,Pateros city
53,WA,53800,Peaceful Valley CDP
53,WA,53930,Pe Ell town
53,WA,54213,Picnic Point CDP
53,WA,54405,Pine Grove CDP
53,WA,55015,Point Roberts CDP
53,WA,55120,Pomeroy city
53,WA,55365,Port Angeles city
53,WA,55400,Port Angeles East CDP
53,WA,55540,Porter CDP
53,WA,55612,Port Gamble Tribal Community CDP
53,WA,55620,Port Hadlock-Irondale CDP
53,WA,55645,Port Ludlow CDP
53,WA,55785,Port Orchard city
53,WA,55855,Port Townsend city
53,WA,55995,Poulsbo city
53,WA,56150,Prairie Heights CDP
53,WA,56170,Prairie Ridge CDP
53,WA,56240,Prescott city
53,WA,56450,Prosser city
53,WA,56555,Puget Island CDP
53,WA,56625,Pullman city
53,WA,56660,Purdy CDP
53,WA,56695,Puyallup city
53,WA,56905,Queets CDP
53,WA,56975,Quilcene CDP
53,WA,57030,Qui-nai-elt Village CDP
53,WA,57115,Quincy city
53,WA,57140,Raft Island CDP
53,WA,57220,Rainier city
53,WA,57395,Ravensdale CDP
53,WA,57430,Raymond city
53,WA,57465,Reardan town
53,WA,57535,Redmond city
53,WA,57745,Renton city
53,WA,57850,Republic city
53,WA,58235,Richland city
53,WA,58410,Ridgefield city
53,WA,58725,Ritzville city
53,WA,58742,Riverbend CDP
53,WA,58768,Riverpoint CDP
53,WA,58777,River Road CDP
53,WA,58795,Riverside town
53,WA,59075,Roche Harbor CDP
53,WA,59110,Rochester CDP
53,WA,59145,Rockford town
53,WA,59180,Rock Island city
53,WA,59250,Rockport CDP
53,WA,59390,Rocky Point CDP
53,WA,59635,Ronald CDP
53,WA,59705,Roosevelt CDP
53,WA,59775,Rosalia town
53,WA,59845,Rosburg CDP
53,WA,59880,Rosedale CDP
53,WA,60055,Roslyn city
53,WA,60160,Roy city
53,WA,60230,Royal City city
53,WA,60510,Ruston city
53,WA,60580,Ryderwood CDP
53,WA,60860,St. John town
53,WA,61000,Salmon Creek CDP
53,WA,61115,Sammamish city
53,WA,61235,Santiago CDP
53,WA,61350,Satsop CDP
53,WA,61925,Schwana CDP
53,WA,62120,Seabeck CDP
53,WA,62288,SeaTac city
53,WA,63000,Seattle city
53,WA,63210,Sedro-Woolley city
53,WA,63245,Sekiu CDP
53,WA,63280,Selah city
53,WA,63385,Sequim city
53,WA,63545,Shadow Lake CDP
53,WA,63735,Shelton city
53,WA,63960,Shoreline city
53,WA,64190,Silvana CDP
53,WA,64365,Silverdale CDP
53,WA,64380,Silver Firs CDP
53,WA,64610,Sisco Heights CDP
53,WA,64755,Skamokawa Valley CDP
53,WA,64775,Skokomish CDP
53,WA,64855,Skykomish town
53,WA,65170,Snohomish city
53,WA,65205,Snoqualmie city
53,WA,65275,Snoqualmie Pass CDP
53,WA,65345,Soap Lake city
53,WA,65625,South Bend city
53,WA,65765,South Cle Elum town
53,WA,65810,South Creek CDP
53,WA,65922,South Hill CDP
53,WA,66045,South Prairie town
53,WA,66185,South Wenatchee CDP
53,WA,66220,Southworth CDP
53,WA,66255,Spanaway CDP
53,WA,66290,Spangle city
53,WA,67000,Spokane city
53,WA,67167,Spokane Valley city
53,WA,67175,Sprague city
53,WA,67210,Springdale town
53,WA,67435,Stansberry Lake CDP
53,WA,67455,Stanwood city
53,WA,67490,Starbuck town
53,WA,67595,Startup CDP
53,WA,67770,Steilacoom town
53,WA,67805,Steptoe CDP
53,WA,67875,Stevenson city
53,WA,68200,Sudden Valley CDP
53,WA,68260,Sultan city
53,WA,68330,Sumas city
53,WA,68365,Summit CDP
53,WA,68410,Summit View CDP
53,WA,68417,Summitview CDP
53,WA,68435,Sumner city
53,WA,68460,Suncrest CDP
53,WA,68480,Sunday Lake CDP
53,WA,68557,Sunland Estates CDP
53,WA,68750,Sunnyside city
53,WA,68785,Sunnyslope CDP
53,WA,69170,Suquamish CDP
53,WA,69280,Swede Heaven CDP
53,WA,70000,Tacoma city
53,WA,70175,Taholah CDP
53,WA,70245,Tampico CDP
53,WA,70280,Tanglewilde CDP
53,WA,70543,Tehaleh CDP
53,WA,70560,Tekoa city
53,WA,70630,Tenino city
53,WA,70805,Terrace Heights CDP
53,WA,71225,Thorp CDP
53,WA,71330,Three Lakes CDP
53,WA,71400,Tieton city
53,WA,71680,Tokeland CDP
53,WA,71785,Toledo city
53,WA,71890,Tonasket city
53,WA,71960,Toppenish city
53,WA,71995,Torboy CDP
53,WA,72030,Touchet CDP
53,WA,72170,Town and Country CDP
53,WA,72205,Tracyton CDP
53,WA,72450,Trout Lake CDP
53,WA,72625,Tukwila city
53,WA,72905,Tumwater city
53,WA,73065,Twin Lakes CDP
53,WA,73080,Twisp town
53,WA,73255,Union CDP
53,WA,73290,Union Gap city
53,WA,73307,Union Hill-Novelty Hill CDP
53,WA,73360,Uniontown town
53,WA,73465,University Place city
53,WA,73580,Upper Elochoman CDP
53,WA,73780,Vader city
53,WA,73885,Valley CDP
53,WA,74060,Vancouver city
53,WA,74200,Vantage CDP
53,WA,74305,Vashon CDP
53,WA,74445,Vaughn CDP
53,WA,74585,Venersborg CDP
53,WA,74760,Verlot CDP
53,WA,75565,Waitsburg city
53,WA,75775,Walla Walla city
53,WA,75810,Walla Walla East CDP
53,WA,75905,Waller CDP
53,WA,75985,Wallula CDP
53,WA,76125,Wapato city
53,WA,76160,Warden city
53,WA,76195,Warm Beach CDP
53,WA,76405,Washougal city
53,WA,76440,Washtucna town
53,WA,76510,Waterville town
53,WA,76615,Wauna CDP
53,WA,76720,Waverly town
53,WA,77105,Wenatchee city
53,WA,77297,West Clarkston-Highland CDP
53,WA,77612,West Pasco CDP
53,WA,77630,Westport city
53,WA,77665,West Richland city
53,WA,78050,Wheeler CDP
53,WA,78155,Whidbey Island Station CDP
53,WA,78225,White Center CDP
53,WA,78330,White Salmon city
53,WA,78365,White Swan CDP
53,WA,78680,Wilbur town
53,WA,78780,Wilderness Rim CDP
53,WA,78925,Wilkeson town
53,WA,78995,Willapa CDP
53,WA,79135,Wilson Creek town
53,WA,79275,Winlock city
53,WA,79380,Winthrop town
53,WA,79485,Wishram CDP
53,WA,79555,Wollochet CDP
53,WA,79590,Woodinville city
53,WA,79625,Woodland city
53,WA,79825,Woods Creek CDP
53,WA,79835,Woodway city
53,WA,79975,Yacolt town
53,WA,80010,Yakima city
53,WA,80150,Yarrow Point town
53,WA,80220,Yelm city
53,WA,80500,Zillah city
54,WV,00196,Accoville CDP
54,WV,00364,Addison (Webster Springs) town
54,WV,00460,Adrian CDP
54,WV,00748,Albright town
54,WV,00772,Alderson town
54,WV,01396,Alum Creek CDP
54,WV,01660,Amherstdale CDP
54,WV,01780,Anawalt town
54,WV,01900,Anmoore town
54,WV,01996,Ansted town
54,WV,02188,Apple Grove CDP
54,WV,02260,Arbovale CDP
54,WV,02908,Arthurdale CDP
54,WV,03292,Athens town
54,WV,03364,Auburn town
54,WV,03460,Aurora CDP
54,WV,04204,Bancroft town
54,WV,04276,Barboursville village
54,WV,04612,Barrackville town
54,WV,04732,Bartley CDP
54,WV,04780,Bartow CDP
54,WV,04876,Bath (Berkeley Springs) town
54,WV,04900,Baxter CDP
54,WV,04924,Bayard town
54,WV,05068,Beards Fork CDP
54,WV,05260,Beaver CDP
54,WV,05332,Beckley city
54,WV,05452,Beech Bottom village
54,WV,05788,Belington town
54,WV,05836,Belle town
54,WV,06004,Belmont city
54,WV,06052,Belva CDP
54,WV,06340,Benwood city
54,WV,06436,Bergoo CDP
54,WV,06748,Berwind CDP
54,WV,06844,Bethany town
54,WV,06940,Bethlehem village
54,WV,06988,Beverly town
54,WV,07204,Big Chimney CDP
54,WV,07228,Big Creek CDP
54,WV,07516,Big Sandy CDP
54,WV,07756,Birch River CDP
54,WV,08092,Blacksville town
54,WV,08308,Blennerhassett CDP
54,WV,08524,Bluefield city
54,WV,08764,Bluewell CDP
54,WV,08836,Boaz CDP
54,WV,08932,Bolivar town
54,WV,08956,Bolt CDP
54,WV,09100,Boomer CDP
54,WV,09148,Booth CDP
54,WV,09364,Bowden CDP
54,WV,09676,Bradley CDP
54,WV,09700,Bradshaw town
54,WV,09796,Bramwell town
54,WV,09844,Brandonville town
54,WV,09868,Brandywine CDP
54,WV,09964,Brenton CDP
54,WV,10180,Bridgeport city
54,WV,10420,Brookhaven CDP
54,WV,10852,Bruceton Mills town
54,WV,10876,Bruno CDP
54,WV,10948,Brush Fork CDP
54,WV,11188,Buckhannon city
54,WV,11212,Bud CDP
54,WV,11284,Buffalo town
54,WV,11620,Burlington CDP
54,WV,11716,Burnsville town
54,WV,12124,Cairo town
54,WV,12436,Camden-on-Gauley town
54,WV,12484,Cameron city
54,WV,13108,Capon Bridge town
54,WV,13468,Carolina CDP
54,WV,13525,Carpendale town
54,WV,13684,Cass CDP
54,WV,13756,Cassville CDP
54,WV,13924,Cedar Grove town
54,WV,14212,Century CDP
54,WV,14308,Ceredo city
54,WV,14524,Chapmanville town
54,WV,14600,Charleston city
54,WV,14610,Charles Town city
54,WV,14630,Charlton Heights CDP
54,WV,14692,Chattaroy CDP
54,WV,14716,Chauncey CDP
54,WV,14775,Cheat Lake CDP
54,WV,14812,Chelyan CDP
54,WV,15028,Chesapeake town
54,WV,15076,Chester city
54,WV,15628,Clarksburg city
54,WV,15676,Clay town
54,WV,15916,Clearview village
54,WV,16012,Clendenin town
54,WV,16132,Clifton CDP
54,WV,16516,Coal City CDP
54,WV,16612,Coal Fork CDP
54,WV,16972,Colcord CDP
54,WV,17140,Colliers CDP
54,WV,17380,Comfort CDP
54,WV,17836,Corinne CDP
54,WV,18124,Cottageville CDP
54,WV,18388,Covel CDP
54,WV,18412,Cowen town
54,WV,18508,Crab Orchard CDP
54,WV,18604,Craigsville CDP
54,WV,19060,Crooked Creek CDP
54,WV,19108,Cross Lanes CDP
54,WV,19300,Crum CDP
54,WV,19324,Crumpler CDP
54,WV,19492,Cucumber CDP
54,WV,19516,Culloden CDP
54,WV,19588,Cunard CDP
54,WV,19948,Dailey CDP
54,WV,20164,Daniels CDP
54,WV,20212,Danville town
54,WV,20428,Davis town
54,WV,20500,Davy town
54,WV,20764,Deep Water CDP
54,WV,20980,Delbarton town
54,WV,21316,Despard CDP
54,WV,21628,Dixie CDP
54,WV,21964,Dorothy CDP
54,WV,22564,Dunbar city
54,WV,22828,Dupont City CDP
54,WV,22852,Durbin town
54,WV,23020,Earling CDP
54,WV,23092,East Bank town
54,WV,23140,East Dailey CDP
54,WV,23524,East View CDP
54,WV,23644,Eccles CDP
54,WV,24292,Eleanor town
54,WV,24364,Elizabeth town
54,WV,24484,Elk Garden town
54,WV,24580,Elkins city
54,WV,24748,Elkview CDP
54,WV,24844,Ellenboro town
54,WV,25516,Enterprise CDP
54,WV,25732,Eskdale CDP
54,WV,26428,Fairlea CDP
54,WV,26452,Fairmont city
54,WV,26524,Fairview town
54,WV,26692,Falling Spring town
54,WV,26716,Falling Waters CDP
54,WV,26812,Falls View CDP
54,WV,26932,Farmington town
54,WV,27028,Fayetteville town
54,WV,27196,Fenwick CDP
54,WV,27868,Flatwoods town
54,WV,27940,Flemington town
54,WV,28204,Follansbee city
54,WV,28444,Fort Ashby CDP
54,WV,28516,Fort Gay town
54,WV,28948,Frank CDP
54,WV,29044,Franklin town
54,WV,29404,Friendly town
54,WV,29716,Gallipolis Ferry CDP
54,WV,29740,Galloway CDP
54,WV,30148,Garten CDP
54,WV,30196,Gary city
54,WV,30220,Gassaway town
54,WV,30316,Gatewood CDP
54,WV,30364,Gauley Bridge town
54,WV,30724,Ghent CDP
54,WV,30772,Gilbert town
54,WV,30777,Gilbert Creek CDP
54,WV,31324,Glasgow town
54,WV,31492,Glen Dale city
54,WV,31732,Glen Ferris CDP
54,WV,31756,Glen Fork CDP
54,WV,31876,Glen Jean CDP
54,WV,32044,Glenville town
54,WV,32068,Glen White CDP
54,WV,32716,Grafton city
54,WV,32884,Grantsville town
54,WV,32908,Grant Town town
54,WV,32932,Granville town
54,WV,33100,Great Cacapon CDP
54,WV,33124,Green Bank CDP
54,WV,33436,Green Spring CDP
54,WV,33580,Greenview CDP
54,WV,33604,Greenville CDP
54,WV,34180,Gypsy CDP
54,WV,34492,Hambleton town
54,WV,34516,Hamlin town
54,WV,34756,Handley town
54,WV,34852,Hansford CDP
54,WV,35092,Harman town
54,WV,35284,Harpers Ferry town
54,WV,35428,Harrisville town
54,WV,35500,Hartford City town
54,WV,35596,Harts CDP
54,WV,36220,Hedgesville town
54,WV,36292,Helen CDP
54,WV,36340,Helvetia CDP
54,WV,36436,Henderson town
54,WV,36460,Hendricks town
54,WV,36484,Henlawson CDP
54,WV,36628,Hepzibah CDP
54,WV,37036,Hico CDP
54,WV,37372,Hillsboro town
54,WV,37444,Hilltop CDP
54,WV,37612,Hinkleville CDP
54,WV,37636,Hinton city
54,WV,37948,Holden CDP
54,WV,38092,Hollygrove CDP
54,WV,38260,Hometown CDP
54,WV,38476,Hooverson Heights CDP
54,WV,39340,Hundred town
54,WV,39412,Huntersville CDP
54,WV,39460,Huntington city
54,WV,39532,Hurricane city
54,WV,39628,Huttonsville town
54,WV,39652,Iaeger town
54,WV,39676,Idamay CDP
54,WV,40156,Institute CDP
54,WV,40204,Inwood CDP
54,WV,40444,Itmann CDP
54,WV,40636,Jacksonburg CDP
54,WV,40828,Jane Lew town
54,WV,41010,Jefferson CDP
54,WV,42244,Junior town
54,WV,42292,Justice CDP
54,WV,42316,Justice Addition CDP
54,WV,42388,Kanawha CDP
54,WV,43180,Kenova city
54,WV,43300,Kermit town
54,WV,43492,Keyser city
54,WV,43516,Keystone city
54,WV,43780,Kimball town
54,WV,43828,Kimberly CDP
54,WV,43852,Kincaid CDP
54,WV,44044,Kingwood city
54,WV,44188,Kistler CDP
54,WV,44548,Kopperston CDP
54,WV,45292,Lashmeet CDP
54,WV,45580,Lavalette CDP
54,WV,46300,Leon town
54,WV,46420,Lesage CDP
54,WV,46468,Lester town
54,WV,46636,Lewisburg city
54,WV,47788,Littleton CDP
54,WV,48148,Logan city
54,WV,48748,Lost Creek town
54,WV,49156,Lubeck CDP
54,WV,49252,Lumberport town
54,WV,49492,Mabscott town
54,WV,49564,MacArthur CDP
54,WV,49732,McConnell CDP
54,WV,50260,McMechen city
54,WV,50524,Madison city
54,WV,50836,Malden CDP
54,WV,50860,Mallory CDP
54,WV,50932,Man town
54,WV,51100,Mannington city
54,WV,51676,Marlinton town
54,WV,51724,Marmet city
54,WV,52060,Martinsburg city
54,WV,52180,Mason town
54,WV,52228,Masontown town
54,WV,52324,Matewan town
54,WV,52372,Matheny CDP
54,WV,52420,Matoaka CDP
54,WV,52588,Maybeury CDP
54,WV,52780,Meadow Bridge town
54,WV,53572,Middlebourne town
54,WV,53692,Middleway CDP
54,WV,54100,Mill Creek town
54,WV,54484,Milton town
54,WV,54580,Mineralwells CDP
54,WV,54892,Mitchell Heights town
54,WV,55132,Monaville CDP
54,WV,55276,Monongah town
54,WV,55372,Montcalm CDP
54,WV,55468,Montgomery city
54,WV,55540,Montrose town
54,WV,55588,Moorefield town
54,WV,55756,Morgantown city
54,WV,56020,Moundsville city
54,WV,56212,Mount Carbon CDP
54,WV,56342,Mount Gay-Shamrock CDP
54,WV,56404,Mount Hope city
54,WV,57148,Mullens city
54,WV,57916,Neibert CDP
54,WV,58180,Nettie CDP
54,WV,58252,Newark CDP
54,WV,58300,Newburg town
54,WV,58372,New Cumberland city
54,WV,58420,Newell CDP
54,WV,58564,New Haven town
54,WV,58684,New Martinsville city
54,WV,58756,New Richmond CDP
54,WV,59068,Nitro city
54,WV,59428,Northfork town
54,WV,59458,North Hills town
54,WV,59668,Norton CDP
54,WV,59836,Nutter Fort town
54,WV,60028,Oak Hill city
54,WV,60196,Oakvale town
54,WV,60364,Oceana town
54,WV,60628,Omar CDP
54,WV,61180,Osage CDP
54,WV,61636,Paden City city
54,WV,61660,Page CDP
54,WV,61684,Pageton CDP
54,WV,62044,Parcoal CDP
54,WV,62140,Parkersburg city
54,WV,62284,Parsons city
54,WV,62332,Paw Paw town
54,WV,62356,Pax town
54,WV,62428,Peach Creek CDP
54,WV,62488,Pea Ridge CDP
54,WV,62764,Pennsboro city
54,WV,62788,Pentress CDP
54,WV,62956,Petersburg city
54,WV,63052,Peterstown town
54,WV,63292,Philippi city
54,WV,63484,Pickens CDP
54,WV,63604,Piedmont town
54,WV,63772,Pinch CDP
54,WV,63892,Pine Grove town
54,WV,63940,Pineville town
54,WV,63988,Piney View CDP
54,WV,64228,Pleasant Valley city
54,WV,64516,Poca town
54,WV,64708,Point Pleasant city
54,WV,65284,Powellton CDP
54,WV,65356,Pratt town
54,WV,65596,Prichard CDP
54,WV,65668,Prince CDP
54,WV,65692,Princeton city
54,WV,65836,Prosperity CDP
54,WV,65956,Pullman town
54,WV,66412,Quinwood town
54,WV,66460,Rachel CDP
54,WV,66484,Racine CDP
54,WV,66652,Rainelle town
54,WV,66748,Raleigh CDP
54,WV,66892,Rand CDP
54,WV,66988,Ranson corporation
54,WV,67108,Ravenswood city
54,WV,67204,Raymond City CDP
54,WV,67228,Raysal CDP
54,WV,67252,Reader CDP
54,WV,67396,Red Jacket CDP
54,WV,67636,Reedsville town
54,WV,67660,Reedy town
54,WV,67972,Reynoldsville CDP
54,WV,67996,Rhodell town
54,WV,68116,Richwood city
54,WV,68260,Ridgeley town
54,WV,68596,Ripley city
54,WV,68908,Rivesville town
54,WV,69100,Robinette CDP
54,WV,69244,Rock Cave CDP
54,WV,69844,Roderfield CDP
54,WV,70084,Romney city
54,WV,70156,Ronceverte city
54,WV,70468,Rossmore CDP
54,WV,70588,Rowlesburg town
54,WV,70828,Rupert town
54,WV,71212,St. Albans city
54,WV,71284,St. George CDP
54,WV,71356,St. Marys city
54,WV,71380,Salem city
54,WV,71476,Salt Rock CDP
54,WV,71620,Sand Fork town
54,WV,72004,Sarah Ann CDP
54,WV,72292,Scarbro CDP
54,WV,73108,Shady Spring CDP
54,WV,73252,Shannondale CDP
54,WV,73444,Shenandoah Junction CDP
54,WV,73468,Shepherdstown town
54,WV,73636,Shinnston city
54,WV,73876,Shrewsbury CDP
54,WV,74356,Sissonville CDP
54,WV,74380,Sistersville city
54,WV,74740,Smithers city
54,WV,74788,Smithfield town
54,WV,75172,Sophia town
54,WV,75292,South Charleston city
54,WV,75796,Spelter CDP
54,WV,75820,Spencer city
54,WV,75868,Sprague CDP
54,WV,76084,Springfield CDP
54,WV,76444,Stanaford CDP
54,WV,76516,Star City town
54,WV,76996,Stollings CDP
54,WV,77188,Stonewood city
54,WV,77980,Summersville city
54,WV,78580,Sutton town
54,WV,78796,Switzer CDP
54,WV,78964,Sylvester town
54,WV,79545,Teays Valley CDP
54,WV,79708,Terra Alta town
54,WV,80020,Thomas city
54,WV,80284,Thurmond town
54,WV,80476,Tioga CDP
54,WV,80764,Tornado CDP
54,WV,80932,Triadelphia town
54,WV,81268,Tunnelton town
54,WV,81484,Twilight CDP
54,WV,81940,Union town
54,WV,82564,Valley Bend CDP
54,WV,82732,Valley Grove village
54,WV,82756,Valley Head CDP
54,WV,82852,Van CDP
54,WV,83332,Verdunville CDP
54,WV,83500,Vienna city
54,WV,83764,Vivian CDP
54,WV,84172,Wallace CDP
54,WV,84484,War city
54,WV,84580,Wardensville town
54,WV,84724,Washington CDP
54,WV,84916,Waverly CDP
54,WV,84940,Wayne town
54,WV,85156,Weirton city
54,WV,85228,Welch city
54,WV,85324,Wellsburg city
54,WV,85636,West Dunbar CDP
54,WV,85804,West Hamlin town
54,WV,85876,West Liberty town
54,WV,85900,West Logan town
54,WV,85924,West Milford town
54,WV,85972,Weston city
54,WV,85996,Westover city
54,WV,86116,West Union town
54,WV,86452,Wheeling city
54,WV,86620,White Hall town
54,WV,86812,White Sulphur Springs city
54,WV,86836,Whitesville town
54,WV,86932,Whitmer CDP
54,WV,87316,Wiley Ford CDP
54,WV,87508,Williamson city
54,WV,87556,Williamstown city
54,WV,87892,Windsor Heights village
54,WV,87988,Winfield town
54,WV,88276,Wolf Summit CDP
54,WV,88324,Womelsdorf (Coalton) town
54,WV,88708,Worthington town
55,WI,00100,Abbotsford city
55,WI,00150,Abrams CDP
55,WI,00275,Adams city
55,WI,00450,Adell village
55,WI,00750,Albany village
55,WI,01000,Algoma city
55,WI,01075,Allens Grove CDP
55,WI,01100,Allenton CDP
55,WI,01150,Allouez village
55,WI,01225,Alma city
55,WI,01300,Alma Center village
55,WI,01325,Almena village
55,WI,01400,Almond village
55,WI,01500,Alto CDP
55,WI,01550,Altoona city
55,WI,01650,Amberg CDP
55,WI,01725,Amery city
55,WI,01750,Amherst village
55,WI,01800,Amherst Junction village
55,WI,01950,Angelica CDP
55,WI,02075,Aniwa village
55,WI,02250,Antigo city
55,WI,02375,Appleton city
55,WI,02500,Arcadia city
55,WI,02550,Arena village
55,WI,02600,Argonne CDP
55,WI,02650,Argyle village
55,WI,02700,Arkansaw CDP
55,WI,02725,Arkdale CDP
55,WI,02800,Arlington village
55,WI,03025,Arpin village
55,WI,03175,Ashippun CDP
55,WI,03225,Ashland city
55,WI,03425,Ashwaubenon village
55,WI,03550,Athens village
55,WI,03775,Auburndale village
55,WI,03825,Augusta city
55,WI,04025,Avoca village
55,WI,04150,Babcock CDP
55,WI,04250,Bagley village
55,WI,04300,Baileys Harbor CDP
55,WI,04400,Baldwin village
55,WI,04475,Balsam Lake village
55,WI,04525,Bancroft CDP
55,WI,04550,Bangor village
55,WI,04625,Baraboo city
55,WI,04775,Barneveld village
55,WI,04875,Barron city
55,WI,04925,Barronett CDP
55,WI,05275,Batavia CDP
55,WI,05325,Bay City village
55,WI,05350,Bayfield city
55,WI,05387,Bayfront CDP
55,WI,05450,Bayside village
55,WI,05575,Bear Creek village
55,WI,05900,Beaver Dam city
55,WI,06150,Belgium village
55,WI,06225,Bell Center village
55,WI,06300,Belleville village
55,WI,06350,Bellevue village
55,WI,06425,Belmont village
55,WI,06500,Beloit city
55,WI,06825,Benton village
55,WI,06925,Berlin city
55,WI,07200,Big Bend village
55,WI,07250,Big Falls village
55,WI,07315,Big Foot Prairie CDP
55,WI,07532,Birch Hill CDP
55,WI,07550,Birchwood village
55,WI,07600,Birnamwood village
55,WI,07650,Biron village
55,WI,07725,Black Creek village
55,WI,07800,Black Earth village
55,WI,07900,Black River Falls city
55,WI,08075,Blair city
55,WI,08125,Blanchardville village
55,WI,08225,Bloomer city
55,WI,08265,Bloomfield village
55,WI,08375,Bloomington village
55,WI,08475,Blue Mounds village
55,WI,08525,Blue River village
55,WI,08560,Bluffview CDP
55,WI,08600,Boaz village
55,WI,08625,Bohners Lake CDP
55,WI,08725,Bonduel village
55,WI,08850,Boscobel city
55,WI,08925,Boulder Junction CDP
55,WI,09025,Bowler village
55,WI,09050,Boyceville village
55,WI,09075,Boyd village
55,WI,09300,Brandon village
55,WI,09465,Brice Prairie CDP
55,WI,09575,Briggsville CDP
55,WI,09725,Brillion city
55,WI,09800,Bristol village
55,WI,09925,Brodhead city
55,WI,10025,Brookfield city
55,WI,10075,Brooklyn village
55,WI,10325,Brothertown CDP
55,WI,10375,Brown Deer village
55,WI,10425,Browns Lake CDP
55,WI,10450,Brownsville village
55,WI,10475,Browntown village
55,WI,10500,Bruce village
55,WI,10550,Brule CDP
55,WI,11062,Buffalo City city
55,WI,11200,Burlington city
55,WI,11250,Burnett CDP
55,WI,11475,Butler village
55,WI,11500,Butte des Morts CDP
55,WI,11525,Butternut village
55,WI,11650,Cable CDP
55,WI,11750,Cadott village
55,WI,11950,Caledonia village
55,WI,12200,Cambria village
55,WI,12225,Cambridge village
55,WI,12250,Cameron village
55,WI,12325,Campbellsport village
55,WI,12350,Camp Douglas village
55,WI,12675,Caroline CDP
55,WI,12825,Cascade village
55,WI,12850,Casco village
55,WI,12950,Cashton village
55,WI,13050,Cassville village
55,WI,13150,Cataract CDP
55,WI,13175,Catawba village
55,WI,13300,Cazenovia village
55,WI,13325,Cecil village
55,WI,13375,Cedarburg city
55,WI,13475,Cedar Grove village
55,WI,13587,Ceex Haci CDP
55,WI,13850,Centuria village
55,WI,13880,Chain O' Lakes CDP
55,WI,14150,Chaseburg village
55,WI,14175,Chelsea CDP
55,WI,14225,Chenequa village
55,WI,14325,Chetek city
55,WI,14440,Chief Lake CDP
55,WI,14450,Chili CDP
55,WI,14475,Chilton city
55,WI,14575,Chippewa Falls city
55,WI,14850,Clam Lake CDP
55,WI,14925,Clarks Mills CDP
55,WI,15100,Clayton village
55,WI,15250,Clear Lake village
55,WI,15400,Cleveland village
55,WI,15625,Clinton village
55,WI,15725,Clintonville city
55,WI,15900,Clyman village
55,WI,15975,Cobb village
55,WI,16025,Cochrane village
55,WI,16150,Colby city
55,WI,16250,Coleman village
55,WI,16275,Colfax village
55,WI,16350,Collins CDP
55,WI,16375,Coloma village
55,WI,16450,Columbus city
55,WI,16500,Combined Locks village
55,WI,16575,Como CDP
55,WI,16775,Conrath village
55,WI,16900,Coon Valley village
55,WI,17100,Cornell city
55,WI,17150,Cornucopia CDP
55,WI,17175,Cottage Grove village
55,WI,17225,Couderay village
55,WI,17425,Crandon city
55,WI,17725,Crivitz village
55,WI,17775,Cross Plains village
55,WI,17950,Cuba City city
55,WI,17975,Cudahy city
55,WI,18025,Cumberland city
55,WI,18125,Curtiss village
55,WI,18500,Dale CDP
55,WI,18575,Dallas village
55,WI,18625,Dalton CDP
55,WI,18650,Danbury CDP
55,WI,18700,Dane village
55,WI,18825,Darien village
55,WI,18875,Darlington city
55,WI,19250,Deerfield village
55,WI,19325,Deer Park village
55,WI,19350,DeForest village
55,WI,19365,Dekorra CDP
55,WI,19400,Delafield city
55,WI,19450,Delavan city
55,WI,19500,Delavan Lake CDP
55,WI,19600,Dellwood CDP
55,WI,19700,Denmark village
55,WI,19775,De Pere city
55,WI,19850,De Soto village
55,WI,20125,Diamond Bluff CDP
55,WI,20167,Diaperville CDP
55,WI,20175,Dickeyville village
55,WI,20275,Dodge CDP
55,WI,20350,Dodgeville city
55,WI,20450,Dorchester village
55,WI,20550,Dousman village
55,WI,20675,Downing village
55,WI,20725,Downsville CDP
55,WI,20775,Doylestown village
55,WI,20850,Dresser village
55,WI,20875,Drummond CDP
55,WI,20975,Dunbar CDP
55,WI,21225,Durand city
55,WI,21375,Dyckesville CDP
55,WI,21425,Eagle village
55,WI,21525,Eagle Lake CDP
55,WI,21625,Eagle River city
55,WI,21900,Eastman village
55,WI,21975,Easton CDP
55,WI,22100,East Troy village
55,WI,22300,Eau Claire city
55,WI,22475,Eden village
55,WI,22550,Edgar village
55,WI,22575,Edgerton city
55,WI,22700,Edmund CDP
55,WI,22850,Egg Harbor village
55,WI,22975,Eland village
55,WI,23025,Elcho CDP
55,WI,23075,Elderon village
55,WI,23175,Eleva village
55,WI,23275,Elkhart Lake village
55,WI,23300,Elkhorn city
55,WI,23325,Elk Mound village
55,WI,23475,Ellison Bay CDP
55,WI,23525,Ellsworth village
55,WI,23575,Elm Grove village
55,WI,23700,Elmwood village
55,WI,23725,Elmwood Park village
55,WI,23800,Elroy city
55,WI,23850,Embarrass village
55,WI,23900,Emerald CDP
55,WI,24075,Endeavor village
55,WI,24150,Ephraim village
55,WI,24400,Ettrick village
55,WI,24475,Eureka CDP
55,WI,24550,Evansville city
55,WI,24700,Exeland village
55,WI,24825,Fairchild village
55,WI,25075,Fairwater village
55,WI,25125,Fall Creek village
55,WI,25150,Fall River village
55,WI,25600,Fennimore city
55,WI,25650,Fenwood village
55,WI,25725,Ferryville village
55,WI,25950,Fitchburg city
55,WI,26175,Florence CDP
55,WI,26275,Fond du Lac city
55,WI,26350,Fontana-on-Geneva Lake village
55,WI,26400,Footville village
55,WI,26575,Forest Junction CDP
55,WI,26625,Forestville village
55,WI,26675,Fort Atkinson city
55,WI,26850,Fountain City city
55,WI,26982,Fox Crossing village
55,WI,27000,Fox Lake city
55,WI,27075,Fox Point village
55,WI,27125,Francis Creek village
55,WI,27300,Franklin city
55,WI,27412,Franks Field CDP
55,WI,27500,Frederic village
55,WI,27550,Fredonia village
55,WI,27800,Fremont village
55,WI,27875,French Island CDP
55,WI,27950,Friendship village
55,WI,28000,Friesland village
55,WI,28050,Fulton CDP
55,WI,28200,Galesville city
55,WI,28450,Gays Mills village
55,WI,28625,Genoa village
55,WI,28675,Genoa City village
55,WI,28875,Germantown village
55,WI,28925,Gibbsville CDP
55,WI,29050,Gillett city
55,WI,29175,Gilman village
55,WI,29200,Gilmanton CDP
55,WI,29350,Glenbeulah village
55,WI,29400,Glendale city
55,WI,29475,Glen Flora village
55,WI,29500,Glen Haven CDP
55,WI,29625,Glenwood City city
55,WI,29675,Glidden CDP
55,WI,29750,Goodman CDP
55,WI,29900,Gordon CDP
55,WI,29950,Gotham CDP
55,WI,30000,Grafton village
55,WI,30100,Grand Marsh CDP
55,WI,30150,Grand View CDP
55,WI,30425,Granton village
55,WI,30450,Grantsburg village
55,WI,30575,Gratiot village
55,WI,31000,Green Bay city
55,WI,31075,Greenbush CDP
55,WI,31125,Greendale village
55,WI,31175,Greenfield city
55,WI,31300,Green Lake city
55,WI,31375,Greenleaf CDP
55,WI,31475,Green Valley CDP
55,WI,31525,Greenville village
55,WI,31575,Greenwood city
55,WI,31675,Gresham village
55,WI,31975,Hager City CDP
55,WI,32075,Hales Corners village
55,WI,32325,Hammond village
55,WI,32450,Hancock village
55,WI,32550,Hanover CDP
55,WI,32790,Harrison village
55,WI,32950,Harrisville CDP
55,WI,33000,Hartford city
55,WI,33100,Hartland village
55,WI,33150,Hatfield CDP
55,WI,33175,Hatley village
55,WI,33225,Haugen village
55,WI,33275,Hawkins village
55,WI,33450,Hayward city
55,WI,33500,Hazel Green village
55,WI,33675,Hebron CDP
55,WI,33825,Helenville CDP
55,WI,33975,Herbster CDP
55,WI,34250,Hewitt village
55,WI,34450,Highland village
55,WI,34575,Hilbert village
55,WI,34825,Hillsboro city
55,WI,35000,Hingham CDP
55,WI,35075,Hixton village
55,WI,35150,Hobart village
55,WI,35225,Holcombe CDP
55,WI,35400,Hollandale village
55,WI,35450,Holmen village
55,WI,35750,Horicon city
55,WI,35850,Hortonville village
55,WI,35900,Houlton CDP
55,WI,35950,Howard village
55,WI,36025,Howards Grove village
55,WI,36250,Hudson city
55,WI,36400,Humbird CDP
55,WI,36525,Hurley city
55,WI,36625,Hustisford village
55,WI,36675,Hustler village
55,WI,36800,Independence city
55,WI,36925,Ingram village
55,WI,37025,Iola village
55,WI,37125,Iron Belt CDP
55,WI,37150,Iron Ridge village
55,WI,37175,Iron River CDP
55,WI,37225,Ironton village
55,WI,37575,Ixonia CDP
55,WI,37675,Jackson village
55,WI,37825,Janesville city
55,WI,37900,Jefferson city
55,WI,38225,Jim Falls CDP
55,WI,38350,Johnson Creek village
55,WI,38487,Jolmaville CDP
55,WI,38600,Juda CDP
55,WI,38625,Jump River CDP
55,WI,38650,Junction City village
55,WI,38675,Juneau city
55,WI,38800,Kaukauna city
55,WI,38900,Kekoskee village
55,WI,39000,Kellnersville village
55,WI,39150,Kendall village
55,WI,39175,Kennan village
55,WI,39225,Kenosha city
55,WI,39250,Keshena CDP
55,WI,39300,Kewaskum village
55,WI,39350,Kewaunee city
55,WI,39525,Kiel city
55,WI,39550,Kieler CDP
55,WI,39650,Kimberly village
55,WI,39700,King CDP
55,WI,39750,Kingston village
55,WI,39975,Knapp village
55,WI,40125,Knowlton CDP
55,WI,40275,Kohler village
55,WI,40450,Krakow CDP
55,WI,40550,Kronenwetter village
55,WI,40675,Lac du Flambeau CDP
55,WI,40750,Lac La Belle village
55,WI,40775,La Crosse city
55,WI,40850,Ladysmith city
55,WI,40875,La Farge village
55,WI,41160,Lake Arrowhead CDP
55,WI,41210,Lake Camelot CDP
55,WI,41300,Lake Delton village
55,WI,41450,Lake Geneva city
55,WI,41525,Lake Hallie village
55,WI,41560,Lake Ivanhoe CDP
55,WI,41583,Lake Koshkonong CDP
55,WI,41645,Lake Lorraine CDP
55,WI,41675,Lake Mills city
55,WI,41725,Lake Nebagamon village
55,WI,41765,Lake Ripley CDP
55,WI,41772,Lake Sherwood CDP
55,WI,41875,Lake Tomahawk CDP
55,WI,41975,Lake Wazeecha CDP
55,WI,42012,Lake Wisconsin CDP
55,WI,42025,Lake Wissota CDP
55,WI,42050,Lakewood CDP
55,WI,42250,Lancaster city
55,WI,42450,Lannon village
55,WI,42475,Laona CDP
55,WI,42805,Lauderdale Lakes CDP
55,WI,42825,La Valle village
55,WI,43025,Lebanon CDP
55,WI,43207,Legend Lake CDP
55,WI,43325,Lena village
55,WI,43575,Leopolis CDP
55,WI,43725,Lewis CDP
55,WI,44033,Lily Lake CDP
55,WI,44225,Lime Ridge village
55,WI,44625,Linden village
55,WI,44950,Little Chute village
55,WI,45220,Little Round Lake CDP
55,WI,45225,Little Sturgeon CDP
55,WI,45325,Livingston village
55,WI,45350,Lodi city
55,WI,45400,Loganville village
55,WI,45425,Lohrville village
55,WI,45475,Lomira village
55,WI,45575,Lone Rock village
55,WI,45600,Long Lake CDP
55,WI,45950,Lowell village
55,WI,46075,Loyal city
55,WI,46150,Lublin village
55,WI,46200,Luck village
55,WI,46400,Luxemburg village
55,WI,46600,Lyndon Station village
55,WI,46675,Lynxville village
55,WI,46700,Lyons CDP
55,WI,46850,McFarland village
55,WI,48000,Madison city
55,WI,48175,Maiden Rock village
55,WI,48225,Maine village
55,WI,48350,Manawa city
55,WI,48500,Manitowoc city
55,WI,48750,Maple Bluff village
55,WI,49100,Marathon City village
55,WI,49175,Marengo CDP
55,WI,49250,Maribel village
55,WI,49300,Marinette city
55,WI,49400,Marion city
55,WI,49450,Markesan city
55,WI,49500,Marquette village
55,WI,49575,Marshall village
55,WI,49675,Marshfield city
55,WI,49900,Mason village
55,WI,50000,Mattoon village
55,WI,50025,Mauston city
55,WI,50200,Mayville city
55,WI,50225,Mazomanie village
55,WI,50425,Medford city
55,WI,50700,Mellen city
55,WI,50750,Melrose village
55,WI,50800,Melvina village
55,WI,50825,Menasha city
55,WI,51000,Menomonee Falls village
55,WI,51025,Menomonie city
55,WI,51150,Mequon city
55,WI,51175,Mercer CDP
55,WI,51250,Merrill city
55,WI,51300,Merrillan village
55,WI,51325,Merrimac village
55,WI,51375,Merton village
55,WI,51575,Middleton city
55,WI,51617,Middle Village CDP
55,WI,51875,Milladore village
55,WI,52025,Millston CDP
55,WI,52075,Milltown village
55,WI,52200,Milton city
55,WI,53000,Milwaukee city
55,WI,53050,Mindoro CDP
55,WI,53100,Mineral Point city
55,WI,53200,Minocqua CDP
55,WI,53250,Minong village
55,WI,53325,Mishicot village
55,WI,53358,Mission CDP
55,WI,53500,Mole Lake CDP
55,WI,53600,Mondovi city
55,WI,53675,Monona city
55,WI,53750,Monroe city
55,WI,53875,Montello city
55,WI,53950,Montfort village
55,WI,54000,Monticello village
55,WI,54075,Montreal city
55,WI,54500,Mosinee city
55,WI,54625,Mountain CDP
55,WI,54650,Mount Calvary village
55,WI,54675,Mount Hope village
55,WI,54725,Mount Horeb village
55,WI,54875,Mount Pleasant village
55,WI,54900,Mount Sterling village
55,WI,55050,Mukwonago village
55,WI,55200,Muscoda village
55,WI,55275,Muskego city
55,WI,55550,Nashotah village
55,WI,55650,Navarino CDP
55,WI,55700,Necedah village
55,WI,55750,Neenah city
55,WI,55800,Neillsville city
55,WI,55875,Nekoosa city
55,WI,55950,Nelson village
55,WI,56000,Nelsonville village
55,WI,56050,Neopit CDP
55,WI,56075,Neosho village
55,WI,56125,Neshkoro village
55,WI,56250,Newald CDP
55,WI,56350,New Auburn village
55,WI,56375,New Berlin city
55,WI,56450,Newburg village
55,WI,56700,New Glarus village
55,WI,56800,New Holstein city
55,WI,56900,New Lisbon city
55,WI,56925,New London city
55,WI,57000,New Munster CDP
55,WI,57008,New Odanah CDP
55,WI,57050,New Post CDP
55,WI,57100,New Richmond city
55,WI,57325,Niagara city
55,WI,57375,Nichols village
55,WI,57700,North Bay village
55,WI,58000,North Fond du Lac village
55,WI,58025,North Freedom village
55,WI,58050,North Hudson village
55,WI,58100,North Lake CDP
55,WI,58375,Northport CDP
55,WI,58400,North Prairie village
55,WI,58575,Norwalk village
55,WI,58800,Oak Creek city
55,WI,58850,Oakdale village
55,WI,58900,Oakfield village
55,WI,59250,Oconomowoc city
55,WI,59300,Oconomowoc Lake village
55,WI,59350,Oconto city
55,WI,59400,Oconto Falls city
55,WI,59450,Odanah CDP
55,WI,59475,Ogdensburg village
55,WI,59500,Ogema CDP
55,WI,59650,Okauchee Lake CDP
55,WI,59800,Oliver village
55,WI,59875,Omro city
55,WI,59925,Onalaska city
55,WI,60075,Ontario village
55,WI,60100,Oostburg village
55,WI,60200,Oregon village
55,WI,60250,Orfordville village
55,WI,60450,Osceola village
55,WI,60500,Oshkosh city
55,WI,60575,Osseo city
55,WI,60825,Owen city
55,WI,60875,Oxford village
55,WI,60912,Paac Ciinak CDP
55,WI,60950,Packwaukee CDP
55,WI,60975,Paddock Lake village
55,WI,61025,Palmyra village
55,WI,61100,Pardeeville village
55,WI,61200,Park Falls city
55,WI,61325,Park Ridge village
55,WI,61425,Patch Grove village
55,WI,61675,Pella CDP
55,WI,61750,Pembine CDP
55,WI,61800,Pence CDP
55,WI,61925,Pepin village
55,WI,62175,Peshtigo city
55,WI,62240,Pewaukee city
55,WI,62250,Pewaukee village
55,WI,62450,Phillips city
55,WI,62675,Pigeon Falls village
55,WI,62975,Pine River CDP
55,WI,63100,Pittsville city
55,WI,63125,Plain village
55,WI,63150,Plainfield village
55,WI,63250,Platteville city
55,WI,63300,Pleasant Prairie village
55,WI,63525,Plover village
55,WI,63600,Plum City village
55,WI,63700,Plymouth city
55,WI,63925,Polonia CDP
55,WI,63975,Poplar village
55,WI,64100,Portage city
55,WI,64175,Port Edwards village
55,WI,64450,Port Washington city
55,WI,64500,Port Wing CDP
55,WI,64550,Post Lake CDP
55,WI,64625,Potosi village
55,WI,64675,Potter village
55,WI,64700,Potter Lake CDP
55,WI,64750,Pound village
55,WI,64825,Powers Lake CDP
55,WI,64900,Poynette village
55,WI,64950,Poy Sippi CDP
55,WI,65050,Prairie du Chien city
55,WI,65100,Prairie du Sac village
55,WI,65150,Prairie Farm village
55,WI,65325,Prentice village
55,WI,65375,Prescott city
55,WI,65600,Princeton city
55,WI,65675,Pulaski village
55,WI,65725,Pulcifer CDP
55,WI,66000,Racine city
55,WI,66050,Radisson village
55,WI,66150,Randolph village
55,WI,66200,Random Lake village
55,WI,66350,Raymond village
55,WI,66450,Readstown village
55,WI,66625,Redgranite village
55,WI,66800,Reedsburg city
55,WI,66875,Reedsville village
55,WI,66900,Reeseville village
55,WI,67050,Reserve CDP
55,WI,67100,Rewey village
55,WI,67200,Rhinelander city
55,WI,67275,Rib Lake village
55,WI,67320,Rib Mountain CDP
55,WI,67350,Rice Lake city
55,WI,67475,Richfield village
55,WI,67625,Richland Center city
55,WI,67800,Ridgeland village
55,WI,67875,Ridgeway village
55,WI,68100,Rio village
55,WI,68175,Ripon city
55,WI,68275,River Falls city
55,WI,68325,River Hills village
55,WI,68475,Roberts village
55,WI,68550,Rochester village
55,WI,68725,Rockdale village
55,WI,68800,Rock Falls CDP
55,WI,68900,Rockland village
55,WI,68975,Rock Springs village
55,WI,69300,Rome CDP
55,WI,69525,Rosendale village
55,WI,69575,Rosholt village
55,WI,69725,Rothschild village
55,WI,69950,Rubicon CDP
55,WI,70000,Rudolph village
55,WI,70500,St. Cloud village
55,WI,70550,St. Croix Falls city
55,WI,70650,St. Francis city
55,WI,70800,St. Joseph CDP
55,WI,71025,St. Nazianz village
55,WI,71050,St. Peter CDP
55,WI,71163,Salem Lakes village
55,WI,71512,Sand Pillow CDP
55,WI,71585,Sandy Hook CDP
55,WI,71650,Sauk City village
55,WI,71700,Saukville village
55,WI,71850,Saxon CDP
55,WI,71950,Sayner CDP
55,WI,71975,Scandinavia village
55,WI,72150,Schofield city
55,WI,72475,Seneca CDP
55,WI,72650,Sextonville CDP
55,WI,72670,Seymour CDP
55,WI,72725,Seymour city
55,WI,72875,Sharon village
55,WI,72925,Shawano city
55,WI,72975,Sheboygan city
55,WI,73025,Sheboygan Falls city
55,WI,73175,Sheldon village
55,WI,73200,Shell Lake city
55,WI,73525,Sherwood village
55,WI,73625,Shiocton village
55,WI,73675,Shopiere CDP
55,WI,73725,Shorewood village
55,WI,73750,Shorewood Hills village
55,WI,73825,Shullsburg city
55,WI,74175,Siren village
55,WI,74225,Sister Bay village
55,WI,74400,Slinger village
55,WI,74500,Sobieski CDP
55,WI,74550,Soldiers Grove village
55,WI,74575,Solon Springs village
55,WI,74625,Somers village
55,WI,74675,Somerset village
55,WI,75125,South Milwaukee city
55,WI,75275,South Wayne village
55,WI,75325,Sparta city
55,WI,75400,Spencer village
55,WI,75625,Spooner city
55,WI,75775,Springbrook CDP
55,WI,75975,Springfield CDP
55,WI,76025,Spring Green village
55,WI,76300,Spring Valley village
55,WI,76625,Stanley city
55,WI,76825,Star Prairie village
55,WI,77100,Stetsonville village
55,WI,77175,Steuben village
55,WI,77200,Stevens Point city
55,WI,77400,Stockbridge village
55,WI,77475,Stockholm village
55,WI,77550,Stoddard village
55,WI,77625,Stone Lake CDP
55,WI,77675,Stoughton city
55,WI,77750,Stratford village
55,WI,77825,Strum village
55,WI,77875,Sturgeon Bay city
55,WI,77925,Sturtevant village
55,WI,77975,Suamico village
55,WI,78175,Sullivan village
55,WI,78375,Summit village
55,WI,78425,Summit Lake CDP
55,WI,78600,Sun Prairie city
55,WI,78650,Superior city
55,WI,78660,Superior village
55,WI,78725,Suring village
55,WI,78750,Sussex village
55,WI,78980,Tainter Lake CDP
55,WI,79100,Taycheedah CDP
55,WI,79150,Taylor village
55,WI,79250,Tennyson village
55,WI,79375,Theresa village
55,WI,79475,Thiensville village
55,WI,79600,Thornton CDP
55,WI,79625,Thorp city
55,WI,79675,Three Lakes CDP
55,WI,79740,Tichigan CDP
55,WI,79825,Tigerton village
55,WI,79900,Tilleda CDP
55,WI,80075,Tomah city
55,WI,80125,Tomahawk city
55,WI,80225,Tony village
55,WI,80300,Townsend CDP
55,WI,80425,Trego CDP
55,WI,80475,Trempealeau village
55,WI,81025,Tunnel City CDP
55,WI,81075,Turtle Lake village
55,WI,81090,Turtle Lake CDP
55,WI,81150,Tustin CDP
55,WI,81250,Twin Lakes village
55,WI,81325,Two Rivers city
55,WI,81725,Union Center village
55,WI,81775,Union Grove village
55,WI,81850,Unity village
55,WI,82200,Valders village
55,WI,82450,Van Dyne CDP
55,WI,82575,Vernon village
55,WI,82600,Verona city
55,WI,82650,Vesper village
55,WI,82900,Viola village
55,WI,82925,Viroqua city
55,WI,83000,Wabeno CDP
55,WI,83100,Waldo village
55,WI,83175,Wales village
55,WI,83250,Walworth village
55,WI,83450,Warrens village
55,WI,83525,Washburn city
55,WI,83825,Waterford village
55,WI,83925,Waterloo city
55,WI,83975,Watertown city
55,WI,84150,Waubeka CDP
55,WI,84200,Waukau CDP
55,WI,84250,Waukesha city
55,WI,84275,Waukesha village
55,WI,84300,Waumandee CDP
55,WI,84350,Waunakee village
55,WI,84375,Waupaca city
55,WI,84425,Waupun city
55,WI,84475,Wausau city
55,WI,84525,Wausaukee village
55,WI,84625,Wautoma city
55,WI,84675,Wauwatosa city
55,WI,84725,Wauzeka village
55,WI,85025,Webster village
55,WI,85300,West Allis city
55,WI,85325,West Baraboo village
55,WI,85350,West Bend city
55,WI,85425,Westboro CDP
55,WI,85475,Westby city
55,WI,85575,Westfield village
55,WI,85875,West Milwaukee village
55,WI,86025,Weston village
55,WI,86275,West Salem village
55,WI,86400,Weyauwega city
55,WI,86450,Weyerhaeuser village
55,WI,86575,Wheeler village
55,WI,86700,Whitefish Bay village
55,WI,86725,Whitehall city
55,WI,86750,White Lake village
55,WI,86775,Whitelaw village
55,WI,86925,Whitewater city
55,WI,86975,Whiting village
55,WI,87000,Whittlesey CDP
55,WI,87075,Wild Rose village
55,WI,87200,Williams Bay village
55,WI,87475,Wilson village
55,WI,87525,Wilton village
55,WI,87625,Winchester CDP
55,WI,87675,Wind Lake CDP
55,WI,87700,Wind Point village
55,WI,87725,Windsor village
55,WI,87900,Winneconne village
55,WI,87975,Winter village
55,WI,88025,Wiota CDP
55,WI,88150,Wisconsin Dells city
55,WI,88200,Wisconsin Rapids city
55,WI,88275,Withee village
55,WI,88325,Wittenberg village
55,WI,88500,Wonewoc village
55,WI,88675,Woodford CDP
55,WI,88825,Woodman village
55,WI,88925,Woodruff CDP
55,WI,89025,Woodville village
55,WI,89150,Wrightstown village
55,WI,89275,Wyeville village
55,WI,89300,Wyocena village
55,WI,89550,Yorkville village
55,WI,89625,Yuba village
55,WI,89760,Zoar CDP
56,WY,00245,Afton town
56,WY,00680,Albany CDP
56,WY,00825,Albin town
56,WY,01115,Alcova CDP
56,WY,01695,Alpine town
56,WY,01888,Alpine Northeast CDP
56,WY,01936,Alpine Northwest CDP
56,WY,01985,Alta CDP
56,WY,02877,Antelope Hills CDP
56,WY,03000,Arapahoe CDP
56,WY,03245,Arlington CDP
56,WY,03652,Arrowhead Springs CDP
56,WY,03725,Arvada CDP
56,WY,04015,Atlantic City CDP
56,WY,04160,Auburn CDP
56,WY,04740,Baggs town
56,WY,04885,Bairoil town
56,WY,05245,Bar Nunn town
56,WY,05320,Basin town
56,WY,05625,Bear River town
56,WY,06045,Bedford CDP
56,WY,06407,Bessemer Bend CDP
56,WY,06480,Beulah CDP
56,WY,06770,Big Horn CDP
56,WY,07060,Big Piney town
56,WY,08365,Bondurant CDP
56,WY,09235,Boulder CDP
56,WY,09307,Boulder Flats CDP
56,WY,10175,Brookhurst CDP
56,WY,10685,Buffalo city
56,WY,11120,Burlington town
56,WY,11265,Burns town
56,WY,11700,Byron town
56,WY,12860,Carpenter CDP
56,WY,13005,Carter CDP
56,WY,13150,Casper city
56,WY,13222,Casper Mountain CDP
56,WY,13440,Centennial CDP
56,WY,13900,Cheyenne city
56,WY,14097,Chugcreek CDP
56,WY,14165,Chugwater town
56,WY,15325,Clearmont town
56,WY,15400,Clearview Acres CDP
56,WY,15760,Cody city
56,WY,15905,Cokeville town
56,WY,17210,Cora CDP
56,WY,17645,Cowley town
56,WY,18225,Crowheart CDP
56,WY,18950,Daniel CDP
56,WY,19385,Dayton town
56,WY,19530,Deaver town
56,WY,20110,Diamondville town
56,WY,20690,Dixon town
56,WY,21125,Douglas city
56,WY,21415,Dubois town
56,WY,22720,East Thermopolis town
56,WY,23010,Eden CDP
56,WY,23155,Edgerton town
56,WY,24025,Elk Mountain town
56,WY,24350,El Rancho CDP
56,WY,24750,Encampment town
56,WY,25185,Esterbrook CDP
56,WY,25330,Ethete CDP
56,WY,25475,Etna CDP
56,WY,25620,Evanston city
56,WY,25765,Evansville town
56,WY,25910,Fairview CDP
56,WY,26055,Farson CDP
56,WY,27650,Fontenelle CDP
56,WY,27940,Fort Bridger CDP
56,WY,28230,Fort Laramie town
56,WY,28665,Fort Washakie CDP
56,WY,29300,Fox Farm-College CDP
56,WY,29400,Fox Park CDP
56,WY,29825,Frannie town
56,WY,30115,Freedom CDP
56,WY,30985,Garland CDP
56,WY,31855,Gillette city
56,WY,32290,Glendo town
56,WY,32435,Glenrock town
56,WY,32870,Granger town
56,WY,33740,Green River city
56,WY,33885,Greybull town
56,WY,34030,Grover CDP
56,WY,34320,Guernsey town
56,WY,35335,Hanna town
56,WY,35552,Hartrandt CDP
56,WY,35625,Hartville town
56,WY,36060,Hawk Springs CDP
56,WY,37510,Hillsdale CDP
56,WY,37727,Hill View Heights CDP
56,WY,37945,Hoback CDP
56,WY,38307,Homa Hills CDP
56,WY,38960,Hudson town
56,WY,39105,Hulett town
56,WY,39250,Huntley CDP
56,WY,39395,Hyattville CDP
56,WY,40120,Jackson town
56,WY,40265,James Town CDP
56,WY,40555,Jeffrey City CDP
56,WY,40945,Johnstown CDP
56,WY,41353,Kaycee town
56,WY,41860,Kelly CDP
56,WY,42005,Kemmerer city
56,WY,42730,Kirby town
56,WY,43455,La Barge town
56,WY,43745,LaGrange town
56,WY,44252,Lakeview North CDP
56,WY,44615,Lance Creek CDP
56,WY,44760,Lander city
56,WY,45050,Laramie city
56,WY,46790,Lingle town
56,WY,46935,Little America CDP
56,WY,47370,Lonetree CDP
56,WY,47805,Lost Springs town
56,WY,47950,Lovell town
56,WY,48240,Lucerne CDP
56,WY,48530,Lusk town
56,WY,48675,Lyman town
56,WY,49400,McKinnon CDP
56,WY,49775,Mammoth CDP
56,WY,49980,Manderson town
56,WY,50270,Manville town
56,WY,50415,Marbleton town
56,WY,51285,Meadow Acres CDP
56,WY,51575,Medicine Bow town
56,WY,51720,Meeteetse town
56,WY,52445,Midwest town
56,WY,53460,Mills town
56,WY,54185,Moorcroft town
56,WY,54402,Moose Wilson Road CDP
56,WY,55200,Mountain View CDP
56,WY,55345,Mountain View town
56,WY,56215,Newcastle city
56,WY,56520,Nordic CDP
56,WY,56700,North Rock Springs CDP
56,WY,57375,Oakley CDP
56,WY,57810,Opal town
56,WY,58100,Orin CDP
56,WY,58680,Osage CDP
56,WY,58970,Osmond CDP
56,WY,59332,Owl Creek CDP
56,WY,59985,Parkman CDP
56,WY,60130,Pavillion town
56,WY,61435,Pine Bluffs town
56,WY,61580,Pinedale town
56,WY,61610,Pine Haven town
56,WY,62160,Point of Rocks CDP
56,WY,62269,Powder Horn CDP
56,WY,62305,Powder River CDP
56,WY,62450,Powell city
56,WY,62812,Purple Sage CDP
56,WY,63100,Rafter J Ranch CDP
56,WY,63465,Ralston CDP
56,WY,63755,Ranchester town
56,WY,63800,Ranchettes CDP
56,WY,63900,Rawlins city
56,WY,64400,Red Butte CDP
56,WY,65060,Reliance CDP
56,WY,66075,Riverside town
56,WY,66220,Riverton city
56,WY,66655,Robertson CDP
56,WY,67090,Rock River town
56,WY,67235,Rock Springs city
56,WY,67440,Rolling Hills town
56,WY,67670,Ryan Park CDP
56,WY,68685,Saratoga town
56,WY,69700,Shell CDP
56,WY,69845,Sheridan city
56,WY,70570,Shoshoni town
56,WY,71150,Sinclair town
56,WY,71295,Slater CDP
56,WY,71350,Sleepy Hollow CDP
56,WY,71440,Smoot CDP
56,WY,71800,South Greeley CDP
56,WY,71947,South Park CDP
56,WY,73180,Star Valley Ranch town
56,WY,73615,Story CDP
56,WY,74195,Sundance town
56,WY,74775,Superior town
56,WY,75355,Table Rock CDP
56,WY,75572,Taylor CDP
56,WY,75790,Ten Sleep town
56,WY,75935,Teton Village CDP
56,WY,76370,Thayne town
56,WY,76515,Thermopolis town
56,WY,77530,Torrington city
56,WY,78400,Turnerville CDP
56,WY,79125,Upton town
56,WY,79270,Urie CDP
56,WY,79705,Van Tassell town
56,WY,80285,Veteran CDP
56,WY,80575,Vista West CDP
56,WY,81300,Wamsutter town
56,WY,81640,Warren AFB CDP
56,WY,81703,Washam CDP
56,WY,82967,Westview Circle CDP
56,WY,83040,Wheatland town
56,WY,83100,Whiting CDP
56,WY,83765,Wilson CDP
56,WY,84852,Woods Landing-Jelm CDP
56,WY,84925,Worland city
56,WY,85015,Wright town
56,WY,86665,Yoder town
56,WY,86737,Y-O Ranch CDP
72,PR,00186,Aceitunas comunidad
72,PR,00358,Adjuntas zona urbana
72,PR,00616,Aguada zona urbana
72,PR,00745,Aguadilla zona urbana
72,PR,00874,Aguas Buenas zona urbana
72,PR,01003,Aguas Claras comunidad
72,PR,01089,Aguilita comunidad
72,PR,01218,Aibonito zona urbana
72,PR,01863,Alianza comunidad
72,PR,02680,Añasco zona urbana
72,PR,03024,Animas comunidad
72,PR,03174,Anon Raices comunidad
72,PR,03196,Antón Ruíz comunidad
72,PR,03368,Arecibo zona urbana
72,PR,03927,Arroyo zona urbana
72,PR,04620,Bairoa La Veinticinco comunidad
72,PR,04658,Bajadero comunidad
72,PR,04701,Bajandas comunidad
72,PR,05217,Barahona comunidad
72,PR,05346,Barceloneta zona urbana
72,PR,05690,Barranquitas zona urbana
72,PR,06421,Bartolo comunidad
72,PR,06593,Bayamón zona urbana
72,PR,06679,Bayamón comunidad
72,PR,07496,Benítez comunidad
72,PR,07668,Betances comunidad
72,PR,07969,Boquerón comunidad (Cabo Rojo Municipio)
72,PR,08099,Boquerón comunidad (Las Piedras Municipio)
72,PR,08700,Breñas comunidad
72,PR,08722,Brisas del Campanero comunidad
72,PR,09087,Buena Vista comunidad (Arroyo Municipio)
72,PR,09250,Buena Vista comunidad (Humacao Municipio)
72,PR,09603,Búfalo comunidad
72,PR,09689,Cabán comunidad
72,PR,09861,Cabo Rojo zona urbana
72,PR,10048,Cacao comunidad
72,PR,10334,Caguas zona urbana
72,PR,11151,Calzada comunidad
72,PR,11345,Cambalache comunidad
72,PR,11581,Campanilla comunidad
72,PR,11597,Campanillas comunidad
72,PR,11710,Campo Rico comunidad
72,PR,11925,Camuy zona urbana
72,PR,12441,Candelaria comunidad
72,PR,12560,Candelaria Arenas comunidad
72,PR,12568,Candelero Abajo comunidad
72,PR,12613,Candelero Arriba comunidad
72,PR,12806,Caño Martin Peña comunidad
72,PR,12828,Canóvanas zona urbana
72,PR,13065,Canovanillas comunidad
72,PR,13925,Capitanejo comunidad
72,PR,14290,Carolina zona urbana
72,PR,14634,Carrizales comunidad
72,PR,15193,Cataño zona urbana
72,PR,15494,Cayey zona urbana
72,PR,15623,Cayuco comunidad
72,PR,15924,Ceiba zona urbana
72,PR,16139,Ceiba comunidad
72,PR,16440,Celada comunidad
72,PR,16526,Central Aguirre comunidad
72,PR,17050,Cerrillos Hoyos comunidad
72,PR,17773,Ciales zona urbana
72,PR,18074,Cidra zona urbana
72,PR,18719,Coamo zona urbana
72,PR,18891,Coco comunidad
72,PR,19665,Comerío zona urbana
72,PR,19837,Comunas comunidad
72,PR,20310,Coquí comunidad
72,PR,20353,Corazón comunidad
72,PR,20482,Corcovado comunidad
72,PR,20783,Corozal zona urbana
72,PR,20998,Corral Viejo comunidad
72,PR,21213,Coto Laurel comunidad
72,PR,21385,Coto Norte comunidad
72,PR,22589,Culebra zona urbana
72,PR,23062,Daguao comunidad
72,PR,23341,Del Carmen comunidad
72,PR,24008,Dorado zona urbana
72,PR,24395,Duque comunidad
72,PR,24954,El Combate comunidad
72,PR,25556,El Mangó comunidad
72,PR,25685,El Negro comunidad
72,PR,25771,El Ojo comunidad
72,PR,25835,El Paraiso comunidad
72,PR,26287,El Tumbao comunidad
72,PR,26362,El Veintiséis comunidad
72,PR,26502,Emajagua comunidad
72,PR,27190,Esperanza comunidad
72,PR,27263,Espino comunidad
72,PR,27964,Fajardo zona urbana
72,PR,28367,Ferrer comunidad
72,PR,28824,Florida zona urbana
72,PR,29555,Fránquez comunidad
72,PR,29682,Frontón comunidad
72,PR,29727,Fuig comunidad
72,PR,29813,Galateo comunidad
72,PR,30372,Garrochales comunidad
72,PR,30544,G. L. García comunidad
72,PR,31189,Guánica zona urbana
72,PR,31877,Guayabal comunidad
72,PR,32221,Guayama zona urbana
72,PR,32307,Guayanilla zona urbana
72,PR,32522,Guaynabo zona urbana
72,PR,32823,Gurabo zona urbana
72,PR,33184,Hacienda San José comunidad
72,PR,33296,Hatillo zona urbana
72,PR,33597,Hato Arriba comunidad
72,PR,33683,Hato Candal comunidad
72,PR,34242,Hato Viejo comunidad
72,PR,34914,Honduras comunidad
72,PR,35059,Hormigueros zona urbana
72,PR,35403,H. Rivera Colón comunidad
72,PR,35532,Humacao zona urbana
72,PR,35962,Imbéry comunidad
72,PR,36177,Indios comunidad
72,PR,36263,Ingenio comunidad
72,PR,36478,Isabela zona urbana
72,PR,36779,Isleta comunidad
72,PR,37166,Jagual comunidad
72,PR,37336,Jaguas comunidad
72,PR,38241,Jauca comunidad
72,PR,38370,Jayuya zona urbana
72,PR,38671,Jobos comunidad
72,PR,38972,Juana Díaz zona urbana
72,PR,39470,Juncal comunidad
72,PR,39574,Juncos zona urbana
72,PR,39875,La Alianza comunidad
72,PR,40348,La Dolores comunidad
72,PR,40563,La Fermina comunidad
72,PR,40950,Lajas zona urbana
72,PR,41274,La Liga comunidad
72,PR,41294,La Luisa comunidad
72,PR,41466,Lamboglia comunidad
72,PR,41767,La Parguera comunidad
72,PR,41810,La Pica comunidad
72,PR,42068,La Playa comunidad
72,PR,42197,La Plena comunidad
72,PR,42498,Lares zona urbana
72,PR,42842,Las Carolinas comunidad
72,PR,43057,Las Croabas comunidad
72,PR,43294,Las Gaviotas comunidad
72,PR,43702,Las Marías comunidad
72,PR,43788,Las Marías zona urbana
72,PR,44003,Las Ochenta comunidad
72,PR,44089,Las Ollas comunidad
72,PR,44390,Las Piedras zona urbana
72,PR,44507,Lassalle comunidad
72,PR,45170,La Yuca comunidad
72,PR,45379,Liborio Negrón Torres comunidad
72,PR,46282,Lluveras comunidad
72,PR,46368,Loíza zona urbana
72,PR,46626,Lomas comunidad
72,PR,46800,Lomas Verdes comunidad
72,PR,46960,Los Héroes comunidad
72,PR,47013,Los Llanos comunidad
72,PR,47336,Los Panes comunidad
72,PR,47422,Los Prados comunidad
72,PR,47615,Luis Lloréns Torres comunidad
72,PR,47701,Luis M. Cintrón comunidad
72,PR,47787,Luquillo zona urbana
72,PR,47873,Luyando comunidad
72,PR,48604,Magas Arriba comunidad
72,PR,48862,Maguayo comunidad
72,PR,50152,Manatí zona urbana
72,PR,50260,Mansión del Mar comunidad
72,PR,50270,Mansión del Sol comunidad
72,PR,50754,María Antonia comunidad
72,PR,51055,Mariano Colón comunidad
72,PR,51270,Maricao zona urbana
72,PR,51657,Martorell comunidad
72,PR,51700,Marueño comunidad
72,PR,52345,Maunabo zona urbana
72,PR,52431,Mayagüez zona urbana
72,PR,53678,Miranda comunidad
72,PR,53807,Moca zona urbana
72,PR,53979,Monserrate comunidad
72,PR,54366,Monte Grande comunidad
72,PR,54688,Monte Verde comunidad
72,PR,54882,Mora comunidad
72,PR,55097,Morovis zona urbana
72,PR,55355,Mucarabones comunidad
72,PR,55828,Naguabo zona urbana
72,PR,56129,Naranjito zona urbana
72,PR,57075,Olimpo comunidad
72,PR,57290,Orocovis zona urbana
72,PR,57612,Pabellones comunidad
72,PR,57806,Pájaros comunidad
72,PR,57862,Pajonal comunidad
72,PR,57978,Palmarejo comunidad (Coamo Municipio)
72,PR,58064,Palmarejo comunidad (Corozal Municipio)
72,PR,58150,Palmarejo comunidad (Lajas Municipio)
72,PR,58365,Palmas comunidad
72,PR,58602,Palmas del Mar comunidad
72,PR,58613,Palma Sola comunidad
72,PR,58666,Palmer comunidad
72,PR,58967,Palomas comunidad (Comerío Municipio)
72,PR,59053,Palomas comunidad (Yauco Municipio)
72,PR,59139,Palo Seco comunidad
72,PR,59386,Parcelas de Navarro comunidad
72,PR,59420,Parcelas La Milagrosa comunidad
72,PR,59422,Parcelas Mandry comunidad
72,PR,59425,Parcelas Nuevas comunidad
72,PR,59440,Parcelas Peñuelas comunidad
72,PR,59450,Parcelas Viejas Borinquen comunidad
72,PR,60257,Pastos comunidad
72,PR,60472,Patillas zona urbana
72,PR,60945,Peña Pobre comunidad
72,PR,61074,Peñuelas zona urbana
72,PR,61545,Piedra Aguza comunidad
72,PR,61590,Piedra Gorda comunidad
72,PR,61977,Piñas comunidad
72,PR,63310,Playa Fortuna comunidad
72,PR,63503,Playita comunidad (Salinas Municipio)
72,PR,63525,Playita comunidad (Yabucoa Municipio)
72,PR,63568,Playita Cortada comunidad
72,PR,63697,Pole Ojea comunidad
72,PR,63820,Ponce zona urbana
72,PR,64127,Potala Pastillo comunidad
72,PR,64400,Pueblito del Carmen comunidad
72,PR,64500,Pueblito del Río comunidad
72,PR,65589,Puerto Real comunidad
72,PR,66492,Punta Santiago comunidad
72,PR,66660,Quebrada comunidad
72,PR,67200,Quebrada del Agua comunidad
72,PR,67675,Quebrada Prieta comunidad
72,PR,68040,Quebradillas zona urbana
72,PR,68513,Rafael Capó comunidad
72,PR,68556,Rafael González comunidad
72,PR,68599,Rafael Hernández comunidad
72,PR,68771,Ramos comunidad
72,PR,69488,Rincón comunidad
72,PR,69588,Rincón zona urbana
72,PR,70448,Río Blanco comunidad
72,PR,70706,Río Cañas Abajo comunidad
72,PR,71136,Río Grande zona urbana
72,PR,71437,Río Lajas comunidad
72,PR,71996,Rodríguez Hevia comunidad
72,PR,72555,Rosa Sánchez comunidad
72,PR,73200,Sabana comunidad
72,PR,73372,Sabana Eneas comunidad
72,PR,73544,Sabana Grande zona urbana
72,PR,73716,Sabana Hoyos comunidad
72,PR,74189,Sabana Seca comunidad
72,PR,74877,Salinas zona urbana
72,PR,75608,San Antonio comunidad (Aguadilla Municipio)
72,PR,75694,San Antonio comunidad (Dorado Municipio)
72,PR,75780,San Antonio comunidad (Quebradillas Municipio)
72,PR,76167,San Germán zona urbana
72,PR,76339,San Isidro comunidad
72,PR,76683,San José comunidad
72,PR,76770,San Juan zona urbana
72,PR,77027,San Lorenzo zona urbana
72,PR,77500,San Sebastián zona urbana
72,PR,77672,Santa Bárbara comunidad
72,PR,77826,Santa Clara comunidad
72,PR,78145,Santa Isabel zona urbana
72,PR,78317,Santa María comunidad
72,PR,79564,Santo Domingo comunidad
72,PR,80596,Stella comunidad
72,PR,80639,Suárez comunidad
72,PR,81413,Tallaboa comunidad
72,PR,81456,Tallaboa Alta comunidad
72,PR,82055,Tibes comunidad
72,PR,82125,Tiburones comunidad
72,PR,82187,Tierras Nuevas Poniente comunidad
72,PR,82488,Toa Alta zona urbana
72,PR,82617,Toa Baja zona urbana
72,PR,82692,Toaville comunidad
72,PR,82875,Tomás de Castro comunidad
72,PR,83606,Trujillo Alto zona urbana
72,PR,84509,Utuado zona urbana
72,PR,84917,Valle Hill comunidad
72,PR,85025,Vayas comunidad
72,PR,85111,Vázquez comunidad
72,PR,85197,Vega Alta zona urbana
72,PR,85326,Vega Baja zona urbana
72,PR,85971,Vieques comunidad
72,PR,86014,Vieques zona urbana
72,PR,86250,Villa Calma comunidad
72,PR,86509,Villa de Sabana comunidad
72,PR,86584,Villa Esperanza comunidad
72,PR,86788,Villa Hugo I comunidad
72,PR,86796,Villa Hugo II comunidad
72,PR,86831,Villalba zona urbana
72,PR,87240,Villa Quintero comunidad
72,PR,87272,Villas del Sol comunidad
72,PR,87282,Villa Sin Miedo comunidad
72,PR,87638,Voladoras comunidad
72,PR,87863,Yabucoa zona urbana
72,PR,88035,Yauco zona urbana
72,PR,88121,Yaurel comunidad
72,PR,88293,Yeguada comunidad
